geometry,series,coating,arm,t,centroid_mag,d90_mag,nav_index
colour,PEG_L1,PEG,large,0.0,1.203459500044593,2.463739261062408,0.13348798277720678
colour,PEG_L2,PEG,large,0.0,1.1377767465546866,2.5872033461753334,0.34480636577038704
colour,PEG_S1,PEG,small,0.0,0.9810008815970027,1.86120140357059,-0.3688225116168043
colour,PEG_S2,PEG,small,0.0,1.1717384815281457,2.6383641281438814,0.3477180625701095
colour,COOH_L1,COOH,large,0.0,0.9130349057680726,2.0053794680670847,-0.12672172627926548
colour,COOH_L2,COOH,large,0.0,0.8365630109868106,1.7749194654125142,-0.5026744164430301
colour,COOH_S1,COOH,small,0.0,0.6577448711777167,1.5030120565340426,-0.2834694398755996
colour,COOH_S2,COOH,small,0.0,1.054317151068742,2.2711518181877546,-0.5771657108273288
colour,PEG_L1,PEG,large,0.0,1.4778393512284473,3.166845097370153,0.3038163135199837
colour,PEG_L2,PEG,large,0.0,1.5437027025855021,3.366367132550593,0.4703475940910845
colour,PEG_S1,PEG,small,0.0,0.8796872337484448,1.8752706592653314,-0.004581128922722913
colour,PEG_S2,PEG,small,0.0,1.4141701592955518,3.0774910620059877,0.3170402893041537
colour,COOH_L1,COOH,large,0.0,1.1447341371391047,2.8803845748434944,0.41063226907810824
colour,COOH_L2,COOH,large,0.0,1.0267834078278657,2.42202394005848,0.2345864419692972
colour,COOH_S1,COOH,small,0.0,0.8044536133511685,1.690215304319608,0.38540732658006477
colour,COOH_S2,COOH,small,0.0,1.0304127655160582,2.178450898523252,0.19685935581771627
colour,PEG_L3,PEG,large,0.0,0.8964995343323079,1.8552461104145477,-0.6812424866311255
colour,PEG_S3,PEG,small,0.0,0.9898687690420758,1.9775140033819492,0.19353374523509465
colour,COOH_L3,COOH,large,0.0,1.0621805358350886,2.1149125450892106,-0.1945135026280773
colour,COOH_S3,COOH,small,0.0,1.0493846811094252,2.1522171494978006,0.08553426799994363
colour,PEG_control,PEG,control,0.0,1.3987647297907215,2.8095792096415395,0.18242098211549976
colour,COOH_control,COOH,control,0.0,0.9595107118804704,2.060523830395626,-0.059177307055647464
colour,PEG_L3,PEG,large,0.0,1.491770237649567,3.0620189629431565,0.5793022013132478
colour,PEG_S3,PEG,small,0.0,0.994152603308767,2.058627691133272,0.22956524363213052
colour,COOH_L3,COOH,large,0.0,1.4654727340836837,2.993399039937337,0.3726228646004777
colour,COOH_S3,COOH,small,0.0,1.0615229884363755,2.230323980678278,0.1764622184557338
colour,PEG_control,PEG,control,0.0,1.2825211680060942,2.6495381353681644,0.07946243776251101
colour,COOH_control,COOH,control,0.0,0.863978101976536,1.987959203323155,0.026686311043253433
colour,PEG_L1,PEG,large,0.5,1.4268761397361451,3.392795320197045,0.6564455672725855
colour,PEG_L2,PEG,large,0.5,1.119915079786525,3.003169089517981,0.815779545501364
colour,PEG_S1,PEG,small,0.5,0.8001021888898625,1.9231841464438664,0.13846753806774906
colour,PEG_S2,PEG,small,0.5,1.16227552683466,2.926458601089385,0.5528687512966667
colour,COOH_L1,COOH,large,0.5,1.12427056470474,2.608429476944419,0.19169769509617113
colour,COOH_L2,COOH,large,0.5,1.0210827770539772,2.6737600998489133,0.6470154236183981
colour,COOH_S1,COOH,small,0.5,0.5091644624990016,1.3927990988319416,-0.36193729113594686
colour,COOH_S2,COOH,small,0.5,0.7560717551134438,2.0814556670544895,0.7706236670611489
colour,PEG_L3,PEG,large,0.5,1.5098383748987838,3.106570333113457,0.6737890389831648
colour,PEG_S3,PEG,small,0.5,0.9793252153627714,2.103774297685281,0.15768544068125975
colour,COOH_L3,COOH,large,0.5,1.2358026717048567,2.9214338272989915,0.7319489945414996
colour,COOH_S3,COOH,small,0.5,0.9055718328261798,2.1784419654665466,0.3685837593494786
colour,PEG_control,PEG,control,0.5,1.113157753338661,2.4665700077385773,0.11381176887936284
colour,COOH_control,COOH,control,0.5,0.7737205842698571,1.9159297678592204,0.17282708632087954
colour,PEG_L1,PEG,large,1.0,1.3283355548983193,3.2343084546925573,0.7923802303908536
colour,PEG_L2,PEG,large,1.0,1.2622027572442949,2.9744539694853898,0.8761256693867421
colour,PEG_S1,PEG,small,1.0,0.6665800690281174,1.7025961655879842,0.671667429459548
colour,PEG_S2,PEG,small,1.0,1.4529565668782591,3.241468495066675,0.34820364291180167
colour,COOH_L1,COOH,large,1.0,1.2172232538387848,3.0481460327385252,0.7382358438957117
colour,COOH_L2,COOH,large,1.0,1.1053820700080315,2.656077590144094,0.7166839278415246
colour,COOH_S1,COOH,small,1.0,0.6159393248678042,1.797045620058261,-0.34612887384406427
colour,COOH_S2,COOH,small,1.0,0.8563768735383892,2.1837578357500167,0.7914933932914398
colour,PEG_L3,PEG,large,1.0,1.3765346442619921,3.0308389199255124,0.7606667188667421
colour,PEG_S3,PEG,small,1.0,0.9020775335287713,2.1249754607772537,0.3712086857839864
colour,COOH_L3,COOH,large,1.0,1.1521438064953997,2.731469689778823,0.8660129703712032
colour,COOH_S3,COOH,small,1.0,0.8324734089892303,2.068642195109983,0.4809616608626265
colour,PEG_control,PEG,control,1.0,1.1104672593614675,2.428772139959602,0.10274962214655081
colour,COOH_control,COOH,control,1.0,0.9006573095134236,1.8742509663119362,-0.30845242398425954
colour,PEG_L1,PEG,large,1.5,1.443495489731754,3.264212092200301,0.8178779873949011
colour,PEG_L2,PEG,large,1.5,1.4332471826086848,3.1353334619375786,0.859844914511803
colour,PEG_S1,PEG,small,1.5,0.806110803772395,1.9583233320428446,0.5641697839255273
colour,PEG_S2,PEG,small,1.5,1.398899454933445,3.2288160016494647,0.4289795103453372
colour,COOH_L1,COOH,large,1.5,1.1362632315685288,2.612933439542851,0.6787369035365498
colour,COOH_L2,COOH,large,1.5,1.2522490876773187,2.7037629678771626,0.8022299225565486
colour,COOH_S1,COOH,small,1.5,0.758022018885202,2.120191465779995,0.02141547526596079
colour,COOH_S2,COOH,small,1.5,0.9870736950651979,2.4454633109463995,0.779048774073373
colour,PEG_L3,PEG,large,1.5,1.382817323468874,2.994027890446943,0.8290096413391052
colour,PEG_S3,PEG,small,1.5,0.9111119969596067,2.178104911106203,0.3755216515535388
colour,COOH_L3,COOH,large,1.5,1.2968871443240473,2.7511406293571294,0.8926024329882104
colour,COOH_S3,COOH,small,1.5,0.8745195085168108,2.0951273868074645,0.4034437309890481
colour,PEG_control,PEG,control,1.5,1.1214195073983337,2.4223734559796943,0.05049572257478272
colour,COOH_control,COOH,control,1.5,0.8880027258098482,1.9331577562821594,-0.19129315008560377
colour,PEG_L1,PEG,large,2.0,1.5534817688926874,3.2352341203959916,0.8596187965053987
colour,PEG_L2,PEG,large,2.0,1.553988783737702,3.2686087666245416,0.8805586466035918
colour,PEG_S1,PEG,small,2.0,0.9943769645847933,2.5549380687721412,0.5893708561245609
colour,PEG_S2,PEG,small,2.0,1.45116715412684,3.316970355182672,0.5738834882829442
colour,COOH_L1,COOH,large,2.0,1.417571850272852,3.1406245410608675,0.8051234005965526
colour,COOH_L2,COOH,large,2.0,1.4509913832286196,3.0355340598687737,0.759537158170595
colour,COOH_S1,COOH,small,2.0,0.8938385094316365,2.1048286338245785,0.31001611137198737
colour,COOH_S2,COOH,small,2.0,1.009909257578013,2.680697671253386,0.7358590492081326
colour,PEG_L3,PEG,large,2.0,1.4722101528656217,3.0245654325997804,0.8294416987239578
colour,PEG_S3,PEG,small,2.0,0.8880904096335704,2.1621884316181275,0.40516931407357903
colour,COOH_L3,COOH,large,2.0,1.454885900195923,2.893606810878054,0.9242318644699432
colour,COOH_S3,COOH,small,2.0,0.7997242306323857,1.9319934174453741,0.4993968722468152
colour,PEG_control,PEG,control,2.0,1.0300716801095502,2.328870832713714,0.11359340886750649
colour,COOH_control,COOH,control,2.0,0.733073873943633,1.8570220475513564,0.15288713996530384
colour,PEG_L1,PEG,large,2.5,1.3582255492364688,2.656642644961707,0.8140762585300328
colour,PEG_L2,PEG,large,2.5,1.6998626891946815,3.4044314654850054,0.8894927616746243
colour,PEG_S1,PEG,small,2.5,1.0800979555755872,2.7120215814425594,0.6112883575053257
colour,PEG_S2,PEG,small,2.5,1.4305544854058816,3.270207648560424,0.688265692847495
colour,COOH_L1,COOH,large,2.5,1.5933241290303726,3.2044345253973057,0.8007801729293766
colour,COOH_L2,COOH,large,2.5,1.5524234878801622,3.2038321283371562,0.3490219687321638
colour,COOH_S1,COOH,small,2.5,0.9602384065346934,2.2849817580663556,0.27077992222967895
colour,COOH_S2,COOH,small,2.5,1.0841745116985873,2.79684655456041,0.7300131717913683
colour,PEG_L3,PEG,large,2.5,1.5636312162202306,3.074829587473072,0.8823808589416491
colour,PEG_S3,PEG,small,2.5,0.919987650834268,2.1190520730861655,0.26253431203988986
colour,COOH_L3,COOH,large,2.5,1.5273941417477357,2.9824620303443665,0.9381390278245915
colour,COOH_S3,COOH,small,2.5,0.7589134399473704,1.8264675600864166,0.46888345761846295
colour,PEG_control,PEG,control,2.5,1.0292901699647394,2.30186615474814,0.02955945946800461
colour,COOH_control,COOH,control,2.5,0.9078717139910032,1.9173325891809163,-0.3092036374742485
colour,PEG_L1,PEG,large,3.0,1.7526822209030528,3.419328345744712,0.8886139342206564
colour,PEG_L2,PEG,large,3.0,1.7479735036938537,3.4727667545908174,0.8914911867370422
colour,PEG_S1,PEG,small,3.0,1.1022221794365883,2.6692535759550973,0.6522710849176276
colour,PEG_S2,PEG,small,3.0,1.4537040502513114,3.2929634386727127,0.6544341630691426
colour,COOH_L1,COOH,large,3.0,1.3427889313482755,2.5981145375084447,0.6981257403350093
colour,COOH_L2,COOH,large,3.0,1.6407059459710212,3.1828690390145638,0.766528800329809
colour,COOH_S1,COOH,small,3.0,0.9682715375519386,2.28808824740005,0.2908341026468671
colour,COOH_S2,COOH,small,3.0,1.1169302952447087,2.7650691327041583,0.7613027864537691
colour,PEG_L3,PEG,large,3.0,1.6294204896948845,3.1355547759066207,0.8803129981004628
colour,PEG_S3,PEG,small,3.0,0.813135336734407,2.0079278126039295,0.5399197249032338
colour,COOH_L3,COOH,large,3.0,1.5789981839608014,3.0524350318259867,0.9352891280247697
colour,COOH_S3,COOH,small,3.0,0.8034530568028583,1.8621473565116353,0.5133387988424811
colour,PEG_control,PEG,control,3.0,0.9716529488614781,2.2208220884650824,-0.008879269778163069
colour,COOH_control,COOH,control,3.0,0.8918223330453495,1.9178822204557502,-0.34028616855418997
colour,PEG_L1,PEG,large,3.5,1.8348025023028072,3.486310251844971,0.8894515380557952
colour,PEG_L2,PEG,large,3.5,1.7991955488121547,3.51932917858179,0.8903743641732333
colour,PEG_S1,PEG,small,3.5,1.135714424453064,2.6580144922136957,0.6508544100223457
colour,PEG_S2,PEG,small,3.5,1.3915509920756115,3.209852363963498,0.7716179114849027
colour,COOH_L1,COOH,large,3.5,1.7399758905821048,3.2635360659002273,0.864924140582827
colour,COOH_L2,COOH,large,3.5,1.709918377626486,3.25419252844796,0.7954333514353098
colour,COOH_S1,COOH,small,3.5,1.0046258914261075,2.249584779752739,0.48964469837412733
colour,COOH_S2,COOH,small,3.5,1.196330468733256,2.4826329783850496,0.8728540963503141
colour,PEG_L3,PEG,large,3.5,1.673309723527734,3.199432867333353,0.8392620094099622
colour,PEG_S3,PEG,small,3.5,0.9020454163660759,2.05112570848786,0.3552574699836953
colour,COOH_L3,COOH,large,3.5,1.6399505728515817,3.10665322029263,0.9106399328312024
colour,COOH_S3,COOH,small,3.5,0.8099355349225301,1.801678471164609,0.5684687199511409
colour,PEG_control,PEG,control,3.5,0.975129439657652,2.171361747425741,-0.11866149180343247
colour,COOH_control,COOH,control,3.5,0.8125722928519817,1.8387065164422205,-0.20868694956271142
colour,PEG_L1,PEG,large,4.0,1.8640516295080656,3.5066270565606312,0.8964284133837883
colour,PEG_L2,PEG,large,4.0,1.8548541317750453,3.552521235349829,0.8846162403410739
colour,PEG_S1,PEG,small,4.0,1.2555620523615607,2.7406235658237916,0.8820102826437707
colour,PEG_S2,PEG,small,4.0,1.4760901973768237,3.273000896179327,0.7294372722376858
colour,COOH_L1,COOH,large,4.0,1.4227416613319261,2.6802406532678837,0.7449778037802305
colour,COOH_L2,COOH,large,4.0,1.7560800854781466,3.274159580263623,0.666028509158095
colour,COOH_S1,COOH,small,4.0,1.0246345571337352,2.2337057053950855,0.5259074202591014
colour,COOH_S2,COOH,small,4.0,1.2549594296188982,2.7038073103345286,0.7205203859037681
colour,PEG_L3,PEG,large,4.0,1.6814333556221774,3.1954651910995495,0.9040626014875889
colour,PEG_S3,PEG,small,4.0,0.8514957581656044,1.9976628744500975,0.5689303141930901
colour,COOH_L3,COOH,large,4.0,1.5898395655049005,3.0937728265887765,0.9366691411556964
colour,COOH_S3,COOH,small,4.0,0.8159519972510832,1.754985576282075,0.6564403855367534
colour,PEG_control,PEG,control,4.0,0.9655098440851455,2.1575172569760332,-0.1049162235907805
colour,COOH_control,COOH,control,4.0,0.6857183688881974,1.7457545605306803,-0.009330887364865637
colour,PEG_L1,PEG,large,4.5,2.004726566028767,3.566342357306088,0.7551364362162587
colour,PEG_L2,PEG,large,4.5,1.8769490598788139,3.5668628238846685,0.8750346847678753
colour,PEG_S1,PEG,small,4.5,1.3018144739529318,2.9035332347447076,0.8033837460288275
colour,PEG_S2,PEG,small,4.5,1.5522494910783935,3.359031169523133,0.6248178699677616
colour,COOH_L1,COOH,large,4.5,1.7466726667138255,3.326501070355276,0.8401790302733146
colour,COOH_L2,COOH,large,4.5,1.6868319456299705,3.264296356112064,0.8114355089954173
colour,COOH_S1,COOH,small,4.5,1.0663152317691178,2.3151870407046444,0.4780308045753203
colour,COOH_S2,COOH,small,4.5,1.2830497949506336,2.835573443634612,0.7912940559330818
colour,PEG_L3,PEG,large,4.5,1.6727815759747688,3.19693049240054,0.9107325785671855
colour,PEG_S3,PEG,small,4.5,0.8499172238755547,1.969120225219376,0.6688378266655679
colour,COOH_L3,COOH,large,4.5,1.5584733607158379,3.083831114769958,0.9314274961819465
colour,COOH_S3,COOH,small,4.5,0.8664224431277587,1.8491361236943584,0.7554976693063695
colour,PEG_control,PEG,control,4.5,0.8351227775088482,2.0385995547329743,0.06520239585292967
colour,COOH_control,COOH,control,4.5,0.8294578452787996,1.9040275562965114,-0.13143323488048023
colour,PEG_L1,PEG,large,5.0,2.0743149772771194,3.594574567735726,0.7417720351956176
colour,PEG_L2,PEG,large,5.0,1.9085777557996628,3.5890519542310733,0.8932731905640485
colour,PEG_S1,PEG,small,5.0,1.157063765046856,2.738903373696368,0.6953717963913484
colour,PEG_S2,PEG,small,5.0,1.543837448317633,3.3527505366333052,0.6502942629686403
colour,COOH_L1,COOH,large,5.0,1.7790966296349067,3.334874429989271,0.8393404006948001
colour,COOH_L2,COOH,large,5.0,1.7162099828961697,3.290271977280613,0.7789133562000456
colour,COOH_S1,COOH,small,5.0,1.1306528516112144,2.4276164104882465,0.46492090591552365
colour,COOH_S2,COOH,small,5.0,1.3358798744636997,2.8959098195539923,0.7807157158316756
colour,PEG_L3,PEG,large,5.0,1.7017984833632052,3.221856315013515,0.8737801062897641
colour,COOH_L3,COOH,large,5.0,1.5814962975409828,3.1020639544094553,0.9212052256973932
colour,COOH_S3,COOH,small,5.0,1.1128081649214763,2.58168280728496,0.8275066907511591
colour,PEG_control,PEG,control,5.0,0.7907436056374058,2.017980324360604,0.12346344286453598
colour,COOH_control,COOH,control,5.0,0.8407046233063817,1.796157138911903,-0.32766918467574835
colour,PEG_S3,PEG,small,5.0,0.8824100492195168,2.0158298416914513,0.7243134205934356
colour,PEG_L1,PEG,large,5.5,2.067589822166318,3.604866619528187,0.7433456853272151
colour,PEG_L2,PEG,large,5.5,1.6456865898933013,3.036071306297352,0.654409280568945
colour,PEG_S1,PEG,small,5.5,1.2790712909935527,2.952706084839011,0.7079168090844707
colour,PEG_S2,PEG,small,5.5,1.5272304936179328,3.2989481016774316,0.739547777213494
colour,COOH_L1,COOH,large,5.5,1.8031326346665488,3.3442606548856553,0.8147299863666071
colour,COOH_L2,COOH,large,5.5,1.7729989062635552,3.3328801445567677,0.29353894261707436
colour,COOH_S1,COOH,small,5.5,1.1774882227726915,2.4472244494635804,0.5323454853334822
colour,COOH_S2,COOH,small,5.5,1.375318637555138,2.962058350328575,0.7686898236852762
colour,COOH_L3,COOH,large,5.5,1.6036916010384732,3.108798301970305,0.9196482060631951
colour,COOH_S3,COOH,small,5.5,1.0942777289890078,2.3951097373969716,0.7948328032740867
colour,PEG_S3,PEG,small,5.5,0.8954019351874715,2.0114678850686976,0.6525571097875508
colour,PEG_control,PEG,control,5.5,0.8301251066491709,2.0862826190164365,0.0665673952236407
colour,COOH_control,COOH,control,5.5,0.7798580137631237,1.706157927279669,-0.28188475848990074
colour,PEG_L1,PEG,large,6.0,2.059716336531267,3.6010094663383647,0.7301344024727859
colour,PEG_L2,PEG,large,6.0,1.931084264917508,3.595692736056336,0.8904400506018547
colour,PEG_S1,PEG,small,6.0,1.2851559033418694,3.1137735208804407,-0.004131544109573859
colour,PEG_S2,PEG,small,6.0,1.5087011030573614,3.269076108081536,0.7630957738870551
colour,COOH_L1,COOH,large,6.0,1.799683945038301,3.3437212503408187,0.8040648825924542
colour,COOH_L2,COOH,large,6.0,1.7322836587069532,3.2867963755581653,0.7806237458622496
colour,COOH_S1,COOH,small,6.0,1.2477423078668792,2.486360360360361,0.5945740798518139
colour,COOH_S2,COOH,small,6.0,1.3164136163257723,2.9814213912344196,0.6444843680892862
colour,PEG_L3,PEG,large,6.0,1.6864621474026542,3.2112023409027195,0.8740743961037374
colour,COOH_L3,COOH,large,6.0,1.5704215115104663,3.0921207573176543,0.9260099935543261
colour,COOH_S3,COOH,small,6.0,1.1537624137841875,2.493602813572366,0.7376365157401152
colour,PEG_S3,PEG,small,6.0,0.9294959157101682,2.0259984064686427,0.6750445094486243
colour,COOH_control,COOH,control,6.0,0.7940805046774948,1.7248832138214454,-0.3015371856035087
colour,PEG_control,PEG,control,6.0,0.9964426553848444,2.1174693676453793,-0.21623555202324307
corners,PEG_L1,PEG,large,0.0,1.256438089833839,2.476935640146439,0.0050905073264685295
corners,PEG_L2,PEG,large,0.0,1.201453717818114,2.5739045935822285,0.08533317310893425
corners,PEG_S1,PEG,small,0.0,0.6211840391472048,1.785589938290783,0.39997069787444545
corners,PEG_S2,PEG,small,0.0,1.2365134792560963,2.6340262542050614,0.22481187677416875
corners,COOH_L1,COOH,large,0.0,0.8215020514400985,2.012643706157444,0.44127396446278583
corners,COOH_L2,COOH,large,0.0,0.8491535104936422,1.9990147610457294,0.2191318399873169
corners,COOH_S1,COOH,small,0.0,0.883488247926203,1.8643304160491283,0.26313907345020676
corners,COOH_S2,COOH,small,0.0,0.8274171536842769,2.1045100007201243,0.4402040211715019
corners,PEG_L1,PEG,large,0.0,1.4662975257801483,4.130582314910359,0.3282188107038571
corners,PEG_L2,PEG,large,0.0,1.492054843859423,3.3653842111134,0.48031860253232506
corners,PEG_S1,PEG,small,0.0,1.0259186435609893,2.1812275780244534,0.08462364190493443
corners,PEG_S2,PEG,small,0.0,1.5205265679669764,3.9979903751046186,0.34357533912208893
corners,COOH_L1,COOH,large,0.0,1.3819845784111076,3.8449601500234416,0.4989405513029223
corners,COOH_L2,COOH,large,0.0,1.3247154301428692,4.023813780372801,0.257510216837574
corners,COOH_S1,COOH,small,0.0,0.8661181539780908,1.834033645735038,0.39088268998047876
corners,COOH_S2,COOH,small,0.0,1.1524642990190905,2.4077730078947543,0.22537097452502536
corners,PEG_L3,PEG,large,0.0,1.1026681404197596,2.3017731618441943,0.15474344860588304
corners,PEG_S3,PEG,small,0.0,0.9898687690420758,1.9775140033819492,0.19353374523509465
corners,COOH_L3,COOH,large,0.0,1.166871746005614,2.3321557884643913,0.12741610083002053
corners,COOH_S3,COOH,small,0.0,1.0311823068709336,2.1277629222595995,0.15420710170694044
corners,PEG_control,PEG,control,0.0,1.290325067046074,2.620911004042754,0.15366377138079745
corners,COOH_control,COOH,control,0.0,0.9595107118804704,2.060523830395626,-0.059177307055647464
corners,PEG_L3,PEG,large,0.0,1.5179283863180482,3.1787803405405066,0.5605852818541109
corners,PEG_S3,PEG,small,0.0,0.994152603308767,2.058627691133272,0.22956524363213052
corners,COOH_L3,COOH,large,0.0,1.5847493740911842,3.3242800693766466,0.40002436018356385
corners,COOH_S3,COOH,small,0.0,1.0378427313547303,2.177463361269343,0.16694463032361898
corners,PEG_control,PEG,control,0.0,1.2390723951415012,2.5433726677144324,0.05861342641775568
corners,COOH_control,COOH,control,0.0,0.8688410377894771,1.9341360733321085,-0.08676590937534023
corners,PEG_L1,PEG,large,0.5,1.5998462315403483,3.99812489481302,0.729135701115126
corners,PEG_L2,PEG,large,0.5,1.3635264285155142,3.454776506121892,0.7344224396795193
corners,PEG_S1,PEG,small,0.5,0.6902834151991906,1.5977737468771598,0.799597107204238
corners,PEG_S2,PEG,small,0.5,1.4589028113848563,3.771109540780796,0.5124407949506807
corners,COOH_L1,COOH,large,0.5,1.3886071292793052,3.7060537877323547,0.7108333168322706
corners,COOH_L2,COOH,large,0.5,1.299252484620047,3.783818384223919,0.7143413381114545
corners,COOH_S1,COOH,small,0.5,0.7716317249100192,1.7199031335517898,0.4624742956730387
corners,COOH_S2,COOH,small,0.5,0.7160761583222599,1.9052074383608013,0.6641653967302868
corners,PEG_L3,PEG,large,0.5,1.562557049375036,3.3120502753290375,0.6794916373844254
corners,PEG_S3,PEG,small,0.5,0.9525165739263863,1.8971225106678071,-0.43482745127088784
corners,COOH_L3,COOH,large,0.5,1.326636085101936,3.238806778521205,0.7563834162966449
corners,COOH_S3,COOH,small,0.5,0.9706998342802807,2.1737192558032374,0.22283274520487173
corners,PEG_control,PEG,control,0.5,1.0960307423812907,2.3334326311802105,0.024031487428289745
corners,COOH_control,COOH,control,0.5,0.7669038746895434,1.8492097656250004,0.045316472010313934
corners,PEG_L1,PEG,large,1.0,1.5403385656153312,3.8546484537948733,0.8295108191475783
corners,PEG_L2,PEG,large,1.0,1.3909746729570065,3.439418142494301,0.7991636147416343
corners,PEG_S1,PEG,small,1.0,0.6839723019652676,1.73829686594898,0.5552947996101214
corners,PEG_S2,PEG,small,1.0,1.4905871602193983,3.6507567445077886,0.5757001880582905
corners,COOH_L1,COOH,large,1.0,1.395086237673869,3.632423102901827,0.7902118670395841
corners,COOH_L2,COOH,large,1.0,1.331130085580903,3.623442269756781,0.8017868005580898
corners,COOH_S1,COOH,small,1.0,0.8120927960933517,1.9348546675101932,0.5014631103477819
corners,COOH_S2,COOH,small,1.0,0.8924665394246678,2.1121945195668017,0.8463040332690118
corners,PEG_L3,PEG,large,1.0,1.413252408212185,3.188617003492748,0.7719030045990729
corners,PEG_S3,PEG,small,1.0,0.945236796883827,1.887334862857913,-0.384564417660451
corners,COOH_L3,COOH,large,1.0,1.3667947567678578,3.2032811122862688,0.7304491357897878
corners,COOH_S3,COOH,small,1.0,0.816085298022897,2.0033081984669057,0.4386688295920432
corners,PEG_control,PEG,control,1.0,1.040875750216838,2.305324592131297,0.11299169451558481
corners,COOH_control,COOH,control,1.0,0.7799130325267659,1.776543540204323,-0.13979825909891977
corners,PEG_L1,PEG,large,1.5,1.5424076237734807,3.6182498201253988,0.9118330056979197
corners,PEG_L2,PEG,large,1.5,1.5433331608646097,3.51453887662497,0.8049289604780562
corners,PEG_S1,PEG,small,1.5,0.7945773560111011,1.8927694494109022,0.693600291907198
corners,PEG_S2,PEG,small,1.5,1.4779641219342203,3.6424431349568094,0.5564518760847863
corners,COOH_L1,COOH,large,1.5,1.4876677512269916,3.559600208616548,0.821180519100977
corners,COOH_L2,COOH,large,1.5,1.4394349028527453,3.428299887751129,0.8646182384655501
corners,COOH_S1,COOH,small,1.5,0.9511873908283448,2.4850326664252527,0.47578639076257384
corners,COOH_S2,COOH,small,1.5,0.9460752952461062,2.4538008754878478,0.6971105396229699
corners,PEG_L3,PEG,large,1.5,1.433697005386208,3.1691442183746417,0.8077004454395684
corners,PEG_S3,PEG,small,1.5,0.9476879204530608,1.921324278016439,-0.36335172792665305
corners,COOH_L3,COOH,large,1.5,1.4186672230486848,3.1091954320635993,0.8157175215089273
corners,COOH_S3,COOH,small,1.5,0.818744025438471,1.985456797909722,0.42505057562116677
corners,PEG_control,PEG,control,1.5,1.1089010905473942,2.3024545804229657,-0.10169342301859895
corners,COOH_control,COOH,control,1.5,0.780151462535882,1.8306580471648528,-0.0634067479617495
corners,PEG_L1,PEG,large,2.0,1.7043151901556615,3.6422867236769796,0.9289721081399787
corners,PEG_L2,PEG,large,2.0,1.5946675126444299,3.406210752897003,0.8914685866710487
corners,PEG_S1,PEG,small,2.0,0.917475672461879,2.0492512697983356,0.7244490271609146
corners,PEG_S2,PEG,small,2.0,1.5865452050903042,3.7057641042594844,0.6305165048402502
corners,COOH_L1,COOH,large,2.0,1.662253261328721,3.6189592569445805,0.8082349187325577
corners,COOH_L2,COOH,large,2.0,1.6963373684978875,3.529207792380548,0.8931446210083595
corners,COOH_S1,COOH,small,2.0,0.9615002461104262,2.1415028467603348,0.6658670664667666
corners,COOH_S2,COOH,small,2.0,1.072270458960424,2.902370268437638,0.7554643683595562
corners,PEG_L3,PEG,large,2.0,1.5027068418609046,3.1348500794743392,0.8361439959184065
corners,PEG_S3,PEG,small,2.0,0.9359710173077628,1.9332364402752678,-0.28823550887601973
corners,COOH_L3,COOH,large,2.0,1.513059361018623,3.1180793152734667,0.9266495560846421
corners,COOH_S3,COOH,small,2.0,0.7373205712710361,1.8298842784502296,0.5613458051428781
corners,PEG_control,PEG,control,2.0,0.984237855962292,2.213341254189433,0.10948571141156618
corners,COOH_control,COOH,control,2.0,0.733073873943633,1.8570220475513564,0.15288713996530384
corners,PEG_L1,PEG,large,2.5,1.8260644030257445,3.7416391849479846,0.9458339788829153
corners,PEG_L2,PEG,large,2.5,1.7437751041370009,3.5579763528202704,0.9014329254646999
corners,PEG_S1,PEG,small,2.5,1.0865151022728599,2.759281686710877,0.6094963501041476
corners,PEG_S2,PEG,small,2.5,1.6229938656944856,3.6887534957553325,0.6967451212503007
corners,COOH_L1,COOH,large,2.5,1.760445575925645,3.632273495377064,0.8370830027833132
corners,COOH_L2,COOH,large,2.5,1.7857511421363088,3.6345772822335327,0.8758156597091056
corners,COOH_S1,COOH,small,2.5,1.0455447343580906,2.5230186921061377,0.5223933267210035
corners,COOH_S2,COOH,small,2.5,1.2301695126354535,3.364817656167868,0.7088110903561324
corners,PEG_L3,PEG,large,2.5,1.586526905116982,3.188204177354797,0.8607474752903581
corners,PEG_S3,PEG,small,2.5,0.8611400959544364,1.804729972542134,-0.2860676220347833
corners,COOH_L3,COOH,large,2.5,1.5977705813866685,3.2355741467874224,0.9398710614946968
corners,COOH_S3,COOH,small,2.5,0.7154487593740846,1.7652693499959893,0.5312171139389987
corners,PEG_control,PEG,control,2.5,0.9493818034574742,2.174630516780926,0.09006602632391873
corners,COOH_control,COOH,control,2.5,0.9078717139910032,1.9173325891809163,-0.3092036374742485
corners,PEG_L1,PEG,large,3.0,1.9177232263670363,3.818257349251485,0.9465616790386081
corners,PEG_L2,PEG,large,3.0,1.8094612814309876,3.6225706151696255,0.9035570882546585
corners,PEG_S1,PEG,small,3.0,1.0660549431294652,2.2027409100107938,0.7278950926619152
corners,PEG_S2,PEG,small,3.0,1.5773513509531591,3.587099283058802,0.6575839408951253
corners,COOH_L1,COOH,large,3.0,1.8134839155971716,3.6667689067266207,0.8555653830122063
corners,COOH_L2,COOH,large,3.0,1.8663907385438692,3.7282981459388633,0.8396325466161223
corners,COOH_S1,COOH,small,3.0,0.999779873493301,2.6296571536626527,0.1748606701548298
corners,COOH_S2,COOH,small,3.0,1.3115676988981197,3.492197882788088,0.7172166370073301
corners,PEG_L3,PEG,large,3.0,1.652162135064562,3.240348547375841,0.8739306454037132
corners,PEG_S3,PEG,small,3.0,0.8418270407248125,1.7819974500868059,-0.2584012235418565
corners,COOH_L3,COOH,large,3.0,1.683061800637243,3.3517678596356535,0.9345436516030878
corners,COOH_S3,COOH,small,3.0,0.7370291562326637,1.7460526826790945,0.5870782353653512
corners,PEG_control,PEG,control,3.0,1.0073880941445719,2.1457757154931794,-0.16275730729223656
corners,COOH_control,COOH,control,3.0,0.8918223330453495,1.9178822204557502,-0.34028616855418997
corners,PEG_L1,PEG,large,3.5,2.024876222401687,3.9162000627829365,0.912956301699603
corners,PEG_L2,PEG,large,3.5,1.8415703926416118,3.670402493100993,0.903129264939005
corners,PEG_S1,PEG,small,3.5,1.1191700665158202,2.2563660550661284,0.7321060246208638
corners,PEG_S2,PEG,small,3.5,1.5819747035827996,3.634441167714807,0.7755346718360874
corners,COOH_L1,COOH,large,3.5,1.8830022656865744,3.730420882003161,0.8505956580086578
corners,COOH_L2,COOH,large,3.5,1.95807789333378,3.8323756431074743,0.8531601072328735
corners,COOH_S1,COOH,small,3.5,1.1055635182938706,2.508732291426248,0.6008990464256827
corners,COOH_S2,COOH,small,3.5,1.3175860190616933,3.391277453838679,0.726641815499512
corners,PEG_L3,PEG,large,3.5,1.6998315331825402,3.3059519885739403,0.868492469861225
corners,PEG_S3,PEG,small,3.5,0.8515951120679089,1.8080614200037042,-0.12625122842707154
corners,COOH_L3,COOH,large,3.5,1.7022250770454184,3.4033542812037716,0.9311927527405613
corners,COOH_S3,COOH,small,3.5,0.7588802531399531,1.7102880215343206,0.6277174507647778
corners,PEG_control,PEG,control,3.5,0.8917144767303563,2.069512525471424,0.029801472023910397
corners,COOH_control,COOH,control,3.5,0.9192946493564503,1.8305440807079894,-0.521855553296649
corners,PEG_L1,PEG,large,4.0,2.1154582586405035,3.969441060494342,0.9445282107014674
corners,PEG_L2,PEG,large,4.0,1.9071110799904556,3.705945886383312,0.9041364598682029
corners,PEG_S1,PEG,small,4.0,1.2848368754004826,2.955115966212633,0.8039853734420294
corners,PEG_S2,PEG,small,4.0,1.6499070108630776,3.7073825808190923,0.7809371559329269
corners,COOH_L1,COOH,large,4.0,1.940450249039591,3.774245844992793,0.8516012844752567
corners,COOH_L2,COOH,large,4.0,2.067717191424271,3.8919828076158005,0.7795831300714272
corners,COOH_S1,COOH,small,4.0,1.0223978930425537,2.4869524310849735,0.2502361651860573
corners,COOH_S2,COOH,small,4.0,1.4008680600138113,3.4923580706363113,0.6704643953645769
corners,PEG_L3,PEG,large,4.0,1.708064457531124,3.3085110356983143,0.8886391432025889
corners,PEG_S3,PEG,small,4.0,0.8169531800867046,1.7253148253809765,-0.12154725562262074
corners,COOH_L3,COOH,large,4.0,1.8205831322210937,3.484421126175126,0.8744210307749384
corners,COOH_S3,COOH,small,4.0,0.7770258321702128,1.690900089969305,0.6998385265608037
corners,PEG_control,PEG,control,4.0,0.8608984861112011,2.0376805833241503,0.07670450711570802
corners,COOH_control,COOH,control,4.0,1.1290387852322221,2.2631482633949744,-0.4872738605602598
corners,PEG_L1,PEG,large,4.5,2.3207708608724236,4.048296639494647,0.8071896815688506
corners,PEG_L2,PEG,large,4.5,1.923665046790707,3.7212003945080334,0.9009590820258655
corners,PEG_S1,PEG,small,4.5,1.2678029980495504,2.840785544144403,0.7478124508918487
corners,PEG_S2,PEG,small,4.5,1.646091703686506,3.609141115066001,0.7167677340122284
corners,COOH_L1,COOH,large,4.5,1.9455329534070576,3.7925471931469046,0.8617678436897767
corners,COOH_L2,COOH,large,4.5,1.9575452960768158,3.8312785214481297,0.918798212365322
corners,COOH_S1,COOH,small,4.5,1.1309590989033798,2.789252030351533,0.339994989956084
corners,COOH_S2,COOH,small,4.5,1.4269366340934788,3.4405694263968822,0.7235151349993104
corners,PEG_L3,PEG,large,4.5,1.7179817531581358,3.313665568876099,0.9051260909026448
corners,PEG_S3,PEG,small,4.5,0.853654479126003,1.7843652768389213,0.051714947228377404
corners,COOH_L3,COOH,large,4.5,1.6870591662046794,3.422227783316174,0.9364956756525196
corners,COOH_S3,COOH,small,4.5,0.8312197783375798,1.772281653469653,0.7564059656942704
corners,PEG_control,PEG,control,4.5,0.8746066480661071,1.9620519609684677,-0.0964840059621342
corners,COOH_control,COOH,control,4.5,0.9550821707081244,1.9131811059378918,-0.4803335114680569
corners,PEG_L1,PEG,large,5.0,2.368162273470241,4.0781299070063115,0.8013448460425074
corners,PEG_L2,PEG,large,5.0,1.9525364384532815,3.743893829559326,0.9028998147754804
corners,PEG_S1,PEG,small,5.0,1.1490348494383824,2.326077489413577,0.731483618805715
corners,PEG_S2,PEG,small,5.0,1.6354532020111932,3.6007961019056713,0.7447967470419047
corners,COOH_L1,COOH,large,5.0,1.9571055631713954,3.803465843182745,0.8657085737461974
corners,COOH_L2,COOH,large,5.0,1.9951869744557793,3.864562614101232,0.8343747660121396
corners,COOH_S1,COOH,small,5.0,1.2135857528685792,2.81150968332362,0.42919825536688694
corners,COOH_S2,COOH,small,5.0,1.4965828186952757,3.4078971329167693,0.7597122284584941
corners,PEG_L3,PEG,large,5.0,1.7292434683799365,3.3217441961839294,0.8877664428172799
corners,COOH_L3,COOH,large,5.0,1.692483735461959,3.430152817270576,0.931267406837973
corners,COOH_S3,COOH,small,5.0,1.0920941676453597,2.524701308999033,0.8181425019267587
corners,PEG_control,PEG,control,5.0,0.9057207252179134,2.0106368926296856,-0.10376737707136381
corners,COOH_control,COOH,control,5.0,0.8115545269909511,1.7204178059729467,-0.4373828747181857
corners,PEG_S3,PEG,small,5.0,0.8260613865918472,1.726734695562728,0.013859752819946303
corners,PEG_L1,PEG,large,5.5,2.3930105565243736,4.088581678757796,0.7911278172785418
corners,PEG_L2,PEG,large,5.5,1.984687149105753,3.7492253519400824,0.9124901110310679
corners,PEG_S1,PEG,small,5.5,1.289126404873794,2.7323152868665352,0.7383102851671756
corners,PEG_S2,PEG,small,5.5,1.6879696256331362,3.7211219769324044,0.8080223036355952
corners,COOH_L1,COOH,large,5.5,1.972932447238803,3.806882574452761,0.851610140067704
corners,COOH_L2,COOH,large,5.5,1.9926059276520003,3.8424582322357024,0.8091015951085646
corners,COOH_S1,COOH,small,5.5,1.3650181957725693,2.800158801121388,0.6400448684769311
corners,COOH_S2,COOH,small,5.5,1.5589229897034602,3.493177393495191,0.7609278396654497
corners,PEG_L3,PEG,large,5.5,1.7058735158314826,3.3000762011144498,0.8932759800890098
corners,COOH_L3,COOH,large,5.5,1.710930072547355,3.445183295600273,0.9290623331277708
corners,COOH_S3,COOH,small,5.5,1.0470673047787118,2.296670800304755,0.8129851727870081
corners,PEG_S3,PEG,small,5.5,0.8040457243889437,1.679037201331897,-0.05296737551961281
corners,PEG_control,PEG,control,5.5,0.7402818246690632,1.9492595938954849,0.16684595822146892
corners,COOH_control,COOH,control,5.5,0.7798580137631237,1.706157927279669,-0.28188475848990074
corners,PEG_L1,PEG,large,6.0,2.3768783839593013,4.090236457026419,0.7938683930834524
corners,PEG_L2,PEG,large,6.0,1.9713047349481652,3.740437944954859,0.8994277222843571
corners,PEG_S1,PEG,small,6.0,1.31460566023733,2.71490883833999,0.7360580081427873
corners,PEG_S2,PEG,small,6.0,1.667573804488392,3.599308507977793,0.7765434903176534
corners,COOH_L1,COOH,large,6.0,1.9869938121998612,3.813437941244653,0.8423091250689134
corners,COOH_L2,COOH,large,6.0,1.9141445335995138,3.7305639195040974,0.8291674358564816
corners,COOH_S1,COOH,small,6.0,1.4405140315180573,2.8368656463896245,0.6467502285691411
corners,COOH_S2,COOH,small,6.0,1.5522745206842623,3.533745348430394,0.7286457602090276
corners,PEG_L3,PEG,large,6.0,1.7113723588992291,3.311059972806354,0.8913948438010555
corners,COOH_L3,COOH,large,6.0,1.8162005725586636,3.50995059054952,0.8571748299471543
corners,COOH_S3,COOH,small,6.0,1.1076112925950699,2.4045504225877625,0.7874948275566446
corners,PEG_S3,PEG,small,6.0,0.8453577384353171,1.748594558912444,0.13096851840836807
corners,COOH_control,COOH,control,6.0,0.8233708375065837,1.7501638826785149,-0.4979289262053787
corners,PEG_control,PEG,control,6.0,0.822960896007103,1.9955606528851955,0.08160029940269391
