series,cond,coating,bsa,control,t,asym
PEG_BSA_r1,PEG_BSA,PEG,BSA,False,0.0,11.868474960327148
PEG_BSA_r2,PEG_BSA,PEG,BSA,False,0.0,7.391844272613525
PEG_BSA_r3,PEG_BSA,PEG,BSA,False,0.0,-1.5704560279846191
COOH_BSA_r2,COOH_BSA,COOH,BSA,False,0.0,6.382891654968262
COOH_BSA_r1,COOH_BSA,COOH,BSA,False,0.0,3.7971506118774414
COOH_BSA_r3,COOH_BSA,COOH,BSA,False,0.0,7.588172435760498
PEG_non-BSA_r1,PEG_non-BSA,PEG,non-BSA,False,0.0,-7.455814838409424
PEG_non-BSA_r2,PEG_non-BSA,PEG,non-BSA,False,0.0,-5.425594329833984
PEG_non-BSA_r3,PEG_non-BSA,PEG,non-BSA,False,0.0,-6.477772235870361
COOH_non-BSA_r1,COOH_non-BSA,COOH,non-BSA,False,0.0,0.3630843162536621
COOH_non-BSA_r3,COOH_non-BSA,COOH,non-BSA,False,0.0,1.186016321182251
COOH_non-BSA_r2,COOH_non-BSA,COOH,non-BSA,False,0.0,-1.9082789421081543
PEG_BSA_control,PEG_BSA,PEG,BSA,True,0.0,6.988985538482666
COOH_BSA_control,COOH_BSA,COOH,BSA,True,0.0,8.756372451782227
PEG_non-BSA_control,PEG_non-BSA,PEG,non-BSA,True,0.0,-4.725910186767578
COOH_non-BSA_control,COOH_non-BSA,COOH,non-BSA,True,0.0,-18.558387756347656
PEG_BSA_r1,PEG_BSA,PEG,BSA,False,0.5,17.292266845703125
PEG_BSA_r3,PEG_BSA,PEG,BSA,False,0.5,13.402323722839355
PEG_BSA_r2,PEG_BSA,PEG,BSA,False,0.5,5.522801399230957
COOH_BSA_r2,COOH_BSA,COOH,BSA,False,0.5,8.694278717041016
COOH_BSA_r3,COOH_BSA,COOH,BSA,False,0.5,6.127540111541748
COOH_BSA_r1,COOH_BSA,COOH,BSA,False,0.5,8.358951568603516
PEG_non-BSA_r2,PEG_non-BSA,PEG,non-BSA,False,0.5,-1.5289158821105957
PEG_non-BSA_r1,PEG_non-BSA,PEG,non-BSA,False,0.5,-5.324520111083984
PEG_non-BSA_r3,PEG_non-BSA,PEG,non-BSA,False,0.5,-5.546405792236328
COOH_non-BSA_r1,COOH_non-BSA,COOH,non-BSA,False,0.5,0.17975759506225586
COOH_non-BSA_r3,COOH_non-BSA,COOH,non-BSA,False,0.5,2.106673240661621
COOH_non-BSA_r2,COOH_non-BSA,COOH,non-BSA,False,0.5,3.502535104751587
PEG_BSA_control,PEG_BSA,PEG,BSA,True,0.5,7.28604793548584
COOH_BSA_control,COOH_BSA,COOH,BSA,True,0.5,9.440285682678223
PEG_non-BSA_control,PEG_non-BSA,PEG,non-BSA,True,0.5,-4.474360942840576
COOH_non-BSA_control,COOH_non-BSA,COOH,non-BSA,True,0.5,-19.67379379272461
PEG_BSA_r2,PEG_BSA,PEG,BSA,False,1.0,25.037973403930664
PEG_BSA_r3,PEG_BSA,PEG,BSA,False,1.0,19.859128952026367
COOH_BSA_r2,COOH_BSA,COOH,BSA,False,1.0,14.51050090789795
COOH_BSA_r1,COOH_BSA,COOH,BSA,False,1.0,9.785444259643555
COOH_BSA_r3,COOH_BSA,COOH,BSA,False,1.0,13.579465866088867
PEG_non-BSA_r1,PEG_non-BSA,PEG,non-BSA,False,1.0,0.6921844482421875
PEG_non-BSA_r2,PEG_non-BSA,PEG,non-BSA,False,1.0,-0.6790552139282227
PEG_non-BSA_r3,PEG_non-BSA,PEG,non-BSA,False,1.0,-2.0626916885375977
COOH_non-BSA_r1,COOH_non-BSA,COOH,non-BSA,False,1.0,1.251373291015625
COOH_non-BSA_r3,COOH_non-BSA,COOH,non-BSA,False,1.0,4.71055793762207
COOH_non-BSA_r2,COOH_non-BSA,COOH,non-BSA,False,1.0,7.387713432312012
PEG_BSA_control,PEG_BSA,PEG,BSA,True,1.0,8.128458023071289
COOH_BSA_control,COOH_BSA,COOH,BSA,True,1.0,11.225172996520996
PEG_non-BSA_control,PEG_non-BSA,PEG,non-BSA,True,1.0,-5.311957359313965
COOH_non-BSA_control,COOH_non-BSA,COOH,non-BSA,True,1.0,-20.968517303466797
PEG_BSA_r1,PEG_BSA,PEG,BSA,False,1.5,26.699077606201172
PEG_BSA_r2,PEG_BSA,PEG,BSA,False,1.5,23.551652908325195
PEG_BSA_r3,PEG_BSA,PEG,BSA,False,1.5,15.473311424255371
COOH_BSA_r2,COOH_BSA,COOH,BSA,False,1.5,20.602155685424805
COOH_BSA_r1,COOH_BSA,COOH,BSA,False,1.5,13.917829513549805
COOH_BSA_r3,COOH_BSA,COOH,BSA,False,1.5,21.406021118164062
PEG_non-BSA_r1,PEG_non-BSA,PEG,non-BSA,False,1.5,4.066107273101807
PEG_non-BSA_r2,PEG_non-BSA,PEG,non-BSA,False,1.5,1.0202760696411133
PEG_non-BSA_r3,PEG_non-BSA,PEG,non-BSA,False,1.5,0.5457677841186523
COOH_non-BSA_r1,COOH_non-BSA,COOH,non-BSA,False,1.5,2.6168556213378906
COOH_non-BSA_r2,COOH_non-BSA,COOH,non-BSA,False,1.5,12.863545417785645
COOH_non-BSA_r3,COOH_non-BSA,COOH,non-BSA,False,1.5,11.719866752624512
PEG_BSA_control,PEG_BSA,PEG,BSA,True,1.5,10.322710037231445
COOH_BSA_control,COOH_BSA,COOH,BSA,True,1.5,12.416329383850098
PEG_non-BSA_control,PEG_non-BSA,PEG,non-BSA,True,1.5,-5.494905471801758
COOH_non-BSA_control,COOH_non-BSA,COOH,non-BSA,True,1.5,-22.284151077270508
PEG_BSA_r1,PEG_BSA,PEG,BSA,False,2.0,31.597585678100586
PEG_BSA_r2,PEG_BSA,PEG,BSA,False,2.0,25.224876403808594
PEG_BSA_r3,PEG_BSA,PEG,BSA,False,2.0,22.568103790283203
COOH_BSA_r1,COOH_BSA,COOH,BSA,False,2.0,20.567562103271484
COOH_BSA_r2,COOH_BSA,COOH,BSA,False,2.0,30.488994598388672
COOH_BSA_r3,COOH_BSA,COOH,BSA,False,2.0,26.443044662475586
PEG_non-BSA_r1,PEG_non-BSA,PEG,non-BSA,False,2.0,9.069486618041992
PEG_non-BSA_r2,PEG_non-BSA,PEG,non-BSA,False,2.0,8.059150695800781
PEG_non-BSA_r3,PEG_non-BSA,PEG,non-BSA,False,2.0,5.547842025756836
COOH_non-BSA_r1,COOH_non-BSA,COOH,non-BSA,False,2.0,6.552651405334473
COOH_non-BSA_r2,COOH_non-BSA,COOH,non-BSA,False,2.0,23.100404739379883
COOH_non-BSA_r3,COOH_non-BSA,COOH,non-BSA,False,2.0,20.144548416137695
COOH_BSA_control,COOH_BSA,COOH,BSA,True,2.0,12.179346084594727
PEG_non-BSA_control,PEG_non-BSA,PEG,non-BSA,True,2.0,-5.787128925323486
COOH_non-BSA_control,COOH_non-BSA,COOH,non-BSA,True,2.0,-21.681316375732422
PEG_BSA_control,PEG_BSA,PEG,BSA,True,2.0,10.666338920593262
PEG_BSA_r1,PEG_BSA,PEG,BSA,False,2.5,32.42652130126953
PEG_BSA_r2,PEG_BSA,PEG,BSA,False,2.5,28.48552131652832
PEG_BSA_r3,PEG_BSA,PEG,BSA,False,2.5,27.530868530273438
COOH_BSA_r1,COOH_BSA,COOH,BSA,False,2.5,31.341407775878906
COOH_BSA_r2,COOH_BSA,COOH,BSA,False,2.5,40.343841552734375
COOH_BSA_r3,COOH_BSA,COOH,BSA,False,2.5,34.28621292114258
COOH_BSA_r3,COOH_BSA,COOH,BSA,False,2.5,34.18927764892578
PEG_non-BSA_r1,PEG_non-BSA,PEG,non-BSA,False,2.5,15.238222122192383
PEG_non-BSA_r2,PEG_non-BSA,PEG,non-BSA,False,2.5,12.2728853225708
PEG_non-BSA_r3,PEG_non-BSA,PEG,non-BSA,False,2.5,8.750357627868652
COOH_non-BSA_r1,COOH_non-BSA,COOH,non-BSA,False,2.5,10.781085968017578
COOH_non-BSA_r2,COOH_non-BSA,COOH,non-BSA,False,2.5,35.36451721191406
COOH_non-BSA_r3,COOH_non-BSA,COOH,non-BSA,False,2.5,30.62962532043457
PEG_BSA_control,PEG_BSA,PEG,BSA,True,2.5,10.785581588745117
COOH_BSA_control,COOH_BSA,COOH,BSA,True,2.5,12.564786911010742
PEG_non-BSA_control,PEG_non-BSA,PEG,non-BSA,True,2.5,-7.365108013153076
COOH_non-BSA_control,COOH_non-BSA,COOH,non-BSA,True,2.5,-26.051620483398438
PEG_BSA_r1,PEG_BSA,PEG,BSA,False,3.0,33.52097702026367
PEG_BSA_r2,PEG_BSA,PEG,BSA,False,3.0,28.835308074951172
PEG_BSA_r3,PEG_BSA,PEG,BSA,False,3.0,27.573476791381836
COOH_BSA_r1,COOH_BSA,COOH,BSA,False,3.0,31.820772171020508
COOH_BSA_r2,COOH_BSA,COOH,BSA,False,3.0,39.68341827392578
COOH_BSA_r3,COOH_BSA,COOH,BSA,False,3.0,35.32476043701172
PEG_non-BSA_r1,PEG_non-BSA,PEG,non-BSA,False,3.0,15.151650428771973
PEG_non-BSA_r2,PEG_non-BSA,PEG,non-BSA,False,3.0,13.169937133789062
PEG_non-BSA_r3,PEG_non-BSA,PEG,non-BSA,False,3.0,9.600770950317383
COOH_non-BSA_r1,COOH_non-BSA,COOH,non-BSA,False,3.0,11.743355751037598
COOH_non-BSA_r2,COOH_non-BSA,COOH,non-BSA,False,3.0,41.62959289550781
COOH_non-BSA_r3,COOH_non-BSA,COOH,non-BSA,False,3.0,31.192012786865234
PEG_BSA_control,PEG_BSA,PEG,BSA,True,3.0,13.8222074508667
COOH_BSA_control,COOH_BSA,COOH,BSA,True,3.0,12.495524406433105
PEG_non-BSA_control,PEG_non-BSA,PEG,non-BSA,True,3.0,-6.582889556884766
COOH_non-BSA_control,COOH_non-BSA,COOH,non-BSA,True,3.0,-24.542776107788086
PEG_BSA_r1,PEG_BSA,PEG,BSA,False,3.5,36.176387786865234
PEG_BSA_r3,PEG_BSA,PEG,BSA,False,3.5,30.535701751708984
PEG_BSA_r2,PEG_BSA,PEG,BSA,False,3.5,29.515785217285156
COOH_BSA_r1,COOH_BSA,COOH,BSA,False,3.5,33.80839157104492
COOH_BSA_r2,COOH_BSA,COOH,BSA,False,3.5,42.68975830078125
COOH_BSA_r3,COOH_BSA,COOH,BSA,False,3.5,37.49700927734375
PEG_non-BSA_r1,PEG_non-BSA,PEG,non-BSA,False,3.5,16.309064865112305
PEG_non-BSA_r2,PEG_non-BSA,PEG,non-BSA,False,3.5,15.316076278686523
PEG_non-BSA_r3,PEG_non-BSA,PEG,non-BSA,False,3.5,10.589695930480957
COOH_non-BSA_r1,COOH_non-BSA,COOH,non-BSA,False,3.5,12.293319702148438
COOH_non-BSA_r2,COOH_non-BSA,COOH,non-BSA,False,3.5,47.5254020690918
COOH_non-BSA_r3,COOH_non-BSA,COOH,non-BSA,False,3.5,32.40983581542969
PEG_BSA_control,PEG_BSA,PEG,BSA,True,3.5,9.687234878540039
COOH_BSA_control,COOH_BSA,COOH,BSA,True,3.5,12.475582122802734
PEG_non-BSA_control,PEG_non-BSA,PEG,non-BSA,True,3.5,-6.080244064331055
COOH_non-BSA_control,COOH_non-BSA,COOH,non-BSA,True,3.5,-24.34128761291504
PEG_BSA_r1,PEG_BSA,PEG,BSA,False,4.0,36.56266403198242
PEG_BSA_r2,PEG_BSA,PEG,BSA,False,4.0,32.16753387451172
PEG_BSA_r3,PEG_BSA,PEG,BSA,False,4.0,32.56459045410156
COOH_BSA_r1,COOH_BSA,COOH,BSA,False,4.0,33.79731369018555
COOH_BSA_r2,COOH_BSA,COOH,BSA,False,4.0,43.740501403808594
COOH_BSA_r3,COOH_BSA,COOH,BSA,False,4.0,37.10251998901367
PEG_non-BSA_r1,PEG_non-BSA,PEG,non-BSA,False,4.0,17.504608154296875
PEG_non-BSA_r2,PEG_non-BSA,PEG,non-BSA,False,4.0,17.681625366210938
PEG_non-BSA_r3,PEG_non-BSA,PEG,non-BSA,False,4.0,10.242085456848145
COOH_non-BSA_r1,COOH_non-BSA,COOH,non-BSA,False,4.0,10.42126750946045
COOH_non-BSA_r2,COOH_non-BSA,COOH,non-BSA,False,4.0,49.34926986694336
COOH_non-BSA_r3,COOH_non-BSA,COOH,non-BSA,False,4.0,33.041526794433594
PEG_BSA_control,PEG_BSA,PEG,BSA,True,4.0,11.311800956726074
COOH_non-BSA_control,COOH_non-BSA,COOH,non-BSA,True,4.0,12.97536849975586
COOH_BSA_control,COOH_BSA,COOH,BSA,True,4.0,-23.97589874267578
PEG_non-BSA_control,PEG_non-BSA,PEG,non-BSA,True,4.0,-9.1021728515625
PEG_BSA_r1,PEG_BSA,PEG,BSA,False,4.5,38.85624313354492
PEG_BSA_r2,PEG_BSA,PEG,BSA,False,4.5,30.391284942626953
PEG_BSA_r3,PEG_BSA,PEG,BSA,False,4.5,30.079832077026367
COOH_BSA_r1,COOH_BSA,COOH,BSA,False,4.5,34.29281997680664
COOH_BSA_r2,COOH_BSA,COOH,BSA,False,4.5,42.14934539794922
COOH_BSA_r3,COOH_BSA,COOH,BSA,False,4.5,34.44557571411133
PEG_non-BSA_r1,PEG_non-BSA,PEG,non-BSA,False,4.5,18.468807220458984
PEG_non-BSA_r2,PEG_non-BSA,PEG,non-BSA,False,4.5,15.764840126037598
PEG_non-BSA_r3,PEG_non-BSA,PEG,non-BSA,False,4.5,10.235343933105469
COOH_non-BSA_r1,COOH_non-BSA,COOH,non-BSA,False,4.5,10.281694412231445
COOH_non-BSA_r2,COOH_non-BSA,COOH,non-BSA,False,4.5,50.35212326049805
COOH_non-BSA_r3,COOH_non-BSA,COOH,non-BSA,False,4.5,33.465728759765625
PEG_BSA_control,PEG_BSA,PEG,BSA,True,4.5,14.422704696655273
COOH_non-BSA_control,COOH_non-BSA,COOH,non-BSA,True,4.5,14.359781265258789
COOH_BSA_control,COOH_BSA,COOH,BSA,True,4.5,-21.073270797729492
PEG_non-BSA_control,PEG_non-BSA,PEG,non-BSA,True,4.5,-8.138690948486328
PEG_BSA_r1,PEG_BSA,PEG,BSA,False,5.0,39.10103988647461
PEG_BSA_r2,PEG_BSA,PEG,BSA,False,5.0,31.55453872680664
PEG_BSA_r3,PEG_BSA,PEG,BSA,False,5.0,32.50715255737305
COOH_BSA_r1,COOH_BSA,COOH,BSA,False,5.0,34.53966522216797
COOH_BSA_r2,COOH_BSA,COOH,BSA,False,5.0,41.87669372558594
COOH_BSA_r3,COOH_BSA,COOH,BSA,False,5.0,34.48443603515625
PEG_non-BSA_r1,PEG_non-BSA,PEG,non-BSA,False,5.0,17.05864715576172
PEG_non-BSA_r2,PEG_non-BSA,PEG,non-BSA,False,5.0,17.02679443359375
PEG_non-BSA_r3,PEG_non-BSA,PEG,non-BSA,False,5.0,10.881564140319824
COOH_non-BSA_r1,COOH_non-BSA,COOH,non-BSA,False,5.0,13.62119197845459
COOH_non-BSA_r2,COOH_non-BSA,COOH,non-BSA,False,5.0,51.315040588378906
COOH_non-BSA_r3,COOH_non-BSA,COOH,non-BSA,False,5.0,33.6932373046875
PEG_BSA_control,PEG_BSA,PEG,BSA,True,5.0,12.271093368530273
COOH_BSA_control,COOH_BSA,COOH,BSA,True,5.0,-25.512683868408203
PEG_non-BSA_control,PEG_non-BSA,PEG,non-BSA,True,5.0,-7.969451427459717
COOH_non-BSA_control,COOH_non-BSA,COOH,non-BSA,True,5.0,15.774988174438477
PEG_BSA_r1,PEG_BSA,PEG,BSA,False,5.5,38.96944808959961
PEG_BSA_r3,PEG_BSA,PEG,BSA,False,5.5,30.750524520874023
PEG_BSA_r2,PEG_BSA,PEG,BSA,False,5.5,29.655853271484375
COOH_BSA_r1,COOH_BSA,COOH,BSA,False,5.5,31.638412475585938
COOH_BSA_r2,COOH_BSA,COOH,BSA,False,5.5,42.523597717285156
COOH_BSA_r3,COOH_BSA,COOH,BSA,False,5.5,36.458343505859375
PEG_non-BSA_r1,PEG_non-BSA,PEG,non-BSA,False,5.5,17.956079483032227
PEG_non-BSA_r2,PEG_non-BSA,PEG,non-BSA,False,5.5,16.80828857421875
PEG_non-BSA_r3,PEG_non-BSA,PEG,non-BSA,False,5.5,10.382147789001465
COOH_non-BSA_r1,COOH_non-BSA,COOH,non-BSA,False,5.5,13.557771682739258
COOH_non-BSA_r2,COOH_non-BSA,COOH,non-BSA,False,5.5,51.8720588684082
COOH_non-BSA_r3,COOH_non-BSA,COOH,non-BSA,False,5.5,38.79096221923828
PEG_BSA_control,PEG_BSA,PEG,BSA,True,5.5,11.81617259979248
COOH_non-BSA_control,COOH_non-BSA,COOH,non-BSA,True,5.5,16.221275329589844
PEG_non-BSA_control,PEG_non-BSA,PEG,non-BSA,True,5.5,-7.775943756103516
COOH_BSA_control,COOH_BSA,COOH,BSA,True,5.5,-21.735286712646484
PEG_BSA_r1,PEG_BSA,PEG,BSA,False,6.0,40.19986343383789
PEG_BSA_r3,PEG_BSA,PEG,BSA,False,6.0,30.220046997070312
PEG_BSA_r2,PEG_BSA,PEG,BSA,False,6.0,24.601573944091797
COOH_BSA_r1,COOH_BSA,COOH,BSA,False,6.0,33.83465576171875
COOH_BSA_r2,COOH_BSA,COOH,BSA,False,6.0,40.76333999633789
COOH_BSA_r3,COOH_BSA,COOH,BSA,False,6.0,34.911869049072266
PEG_non-BSA_r1,PEG_non-BSA,PEG,non-BSA,False,6.0,17.567930221557617
PEG_non-BSA_r2,PEG_non-BSA,PEG,non-BSA,False,6.0,17.72806167602539
PEG_non-BSA_r3,PEG_non-BSA,PEG,non-BSA,False,6.0,7.558208465576172
COOH_non-BSA_r1,COOH_non-BSA,COOH,non-BSA,False,6.0,10.736156463623047
COOH_non-BSA_r2,COOH_non-BSA,COOH,non-BSA,False,6.0,49.35551452636719
COOH_non-BSA_r3,COOH_non-BSA,COOH,non-BSA,False,6.0,34.78704071044922
PEG_BSA_control,PEG_BSA,PEG,BSA,True,6.0,12.330765724182129
COOH_non-BSA_control,COOH_non-BSA,COOH,non-BSA,True,6.0,16.46103286743164
PEG_non-BSA_control,PEG_non-BSA,PEG,non-BSA,True,6.0,-9.242326736450195
COOH_BSA_control,COOH_BSA,COOH,BSA,True,6.0,-25.151123046875
