geometry,perturb,idx,series,coating,arm,t,centroid_mag,d90_mag,nav_index
repair,False,0,PEG_L1,PEG,large,0.0,1.1779946568516249,2.4706182766813525,0.15046362299759403
repair,False,1,PEG_L2,PEG,large,0.0,1.194568533479565,2.554551815346386,0.06573852121601213
repair,False,2,PEG_S1,PEG,small,0.0,0.8286540198935675,1.927679284337509,0.08584624103365986
repair,False,3,PEG_S2,PEG,small,0.0,1.2508624152784025,2.6750137050496483,0.22976837513477583
repair,False,4,COOH_L1,COOH,large,0.0,0.9386952528414935,2.0651530930386546,0.010726093048958977
repair,False,5,COOH_L2,COOH,large,0.0,0.8726051066214869,1.895464797228406,0.04948187531528053
repair,False,6,COOH_S1,COOH,small,0.0,0.8782019301737752,1.8434248339874635,0.24849587158820763
repair,False,7,COOH_S2,COOH,small,0.0,0.956128128351063,1.973156868340944,-0.48074311751975124
repair,False,8,PEG_L1,PEG,large,0.0,1.6070749041396009,3.8568274263320763,0.32379014510153853
repair,False,9,PEG_L2,PEG,large,0.0,1.4835880358932878,3.3516590723215334,0.46811582644970734
repair,False,10,PEG_S1,PEG,small,0.0,1.026624975964231,2.1632151420716377,0.08486473640362356
repair,False,11,PEG_S2,PEG,small,0.0,1.5112423380665754,3.985672193598212,0.32789137288221604
repair,False,12,COOH_L1,COOH,large,0.0,1.3766740684158623,3.8358852245061876,0.48354673459195113
repair,False,13,COOH_L2,COOH,large,0.0,1.3202562970306273,4.068072126457251,0.2744686951368367
repair,False,14,COOH_S1,COOH,small,0.0,0.8651320928161399,1.8279363464920648,0.3811498699399561
repair,False,15,COOH_S2,COOH,small,0.0,1.0313648518901737,2.1965756611787004,0.15234360115992385
repair,False,16,PEG_L3,PEG,large,0.0,1.099532847144966,2.484464258251054,0.523044334170116
repair,False,17,PEG_S3,PEG,small,0.0,0.9346069686759608,1.971440396151506,0.29819979661601453
repair,False,18,COOH_L3,COOH,large,0.0,1.1389554968292257,2.2864942843863747,0.08396467655476762
repair,False,19,COOH_S3,COOH,small,0.0,1.034043468286763,2.1052955651933587,0.07974998374503627
repair,False,20,PEG_control,PEG,control,0.0,1.3468779196112812,2.6794816925142095,0.15513902043071798
repair,False,21,COOH_control,COOH,control,0.0,0.869929983124541,1.867534388766257,-0.10230806030292836
repair,False,22,PEG_L3,PEG,large,0.0,1.518932966325113,3.184432594458116,0.5709512316759644
repair,False,23,PEG_S3,PEG,small,0.0,1.006970746161443,2.0720189482961224,0.21405062755802587
repair,False,24,COOH_L3,COOH,large,0.0,1.6206833718205553,3.462003372740221,0.4283490515762525
repair,False,25,COOH_S3,COOH,small,0.0,1.0389361716898817,2.180027887952405,0.16726302925536293
repair,False,26,PEG_control,PEG,control,0.0,1.2377419886724637,2.5461711497159487,0.07508741462545679
repair,False,27,COOH_control,COOH,control,0.0,0.8562044038813973,1.8084777166977524,-0.370684170569925
repair,False,28,PEG_L1,PEG,large,0.5,1.5790492513663155,3.7590248696384494,0.6674825392851776
repair,False,29,PEG_L2,PEG,large,0.5,1.3407472215371867,3.4320245461507675,0.7385199251211931
repair,False,30,PEG_S1,PEG,small,0.5,0.720908234535145,1.605924093618685,0.805939536214996
repair,False,31,PEG_S2,PEG,small,0.5,1.447754192588244,3.7726608356502944,0.5118962237800074
repair,False,32,COOH_L1,COOH,large,0.5,1.3675521718848722,3.6772181325887385,0.711149190902609
repair,False,33,COOH_L2,COOH,large,0.5,1.3128481349616374,3.8111397229172463,0.7369096492852263
repair,False,34,COOH_S1,COOH,small,0.5,0.7694095426874634,1.7044595589927731,0.4576700280472398
repair,False,35,COOH_S2,COOH,small,0.5,0.9071466202914069,2.1773023730944527,-0.180958743001691
repair,False,36,PEG_L3,PEG,large,0.5,1.5631806260802803,3.3136453662527146,0.6842155499114835
repair,False,37,PEG_S3,PEG,small,0.5,0.9919537498748984,1.9556889847453733,-0.27479386422101093
repair,False,38,COOH_L3,COOH,large,0.5,1.2466568400323748,3.2243771604148,0.8185008650606785
repair,False,39,COOH_S3,COOH,small,0.5,0.8937484196100484,2.1103447502511847,0.33036992195827797
repair,False,40,PEG_control,PEG,control,0.5,1.1596615981395006,2.352427499611258,-0.1495936400762005
repair,False,41,COOH_control,COOH,control,0.5,0.8298449390848952,1.8281776272789223,-0.19719982938937286
repair,False,42,PEG_L1,PEG,large,1.0,1.3326859132367042,3.457129690102984,0.8349423048542775
repair,False,43,PEG_L2,PEG,large,1.0,1.3985197422085924,3.4580052999224833,0.7924507552290707
repair,False,44,PEG_S1,PEG,small,1.0,0.6356146235507829,1.5940945786411613,0.6055223354545929
repair,False,45,PEG_S2,PEG,small,1.0,1.4700500943166295,3.6399730023446466,0.5959197902211151
repair,False,46,COOH_L1,COOH,large,1.0,1.4069938672162574,3.646703865089218,0.7795018034654451
repair,False,47,COOH_L2,COOH,large,1.0,1.3625605142459338,3.7065138438309777,0.7920902210038083
repair,False,48,COOH_S1,COOH,small,1.0,0.8095515332121421,1.9163121745873497,0.4961009949105625
repair,False,49,COOH_S2,COOH,small,1.0,0.8187722700748437,1.9974350520081623,0.1447441511141857
repair,False,50,PEG_L3,PEG,large,1.0,1.421751870905669,3.2118696521875316,0.7746590740315376
repair,False,51,PEG_S3,PEG,small,1.0,0.9613403903610612,1.9234281660692956,-0.31998879521137913
repair,False,52,COOH_L3,COOH,large,1.0,1.3797669054576431,3.273640939758113,0.8220931015899773
repair,False,53,COOH_S3,COOH,small,1.0,0.8148092090022239,2.0098390869729466,0.4480362586690305
repair,False,54,PEG_control,PEG,control,1.0,1.119171767320623,2.322080447103275,-0.0908247277480424
repair,False,55,COOH_control,COOH,control,1.0,0.7786727363379743,1.7669715985067977,-0.16550941432325167
repair,False,56,PEG_L1,PEG,large,1.5,1.5344102093557093,3.561009783767322,0.8215706745531387
repair,False,57,PEG_L2,PEG,large,1.5,1.5399648695170662,3.5156483750961782,0.8034839809464798
repair,False,58,PEG_S1,PEG,small,1.5,0.7681797797809483,1.826645652262619,0.6107740036346392
repair,False,59,PEG_S2,PEG,small,1.5,1.4521029625295216,3.6643718790155995,0.669802680008477
repair,False,60,COOH_L1,COOH,large,1.5,1.4886453222493425,3.561438033247928,0.8165228724394411
repair,False,61,COOH_L2,COOH,large,1.5,1.4934095223184798,3.61407381587146,0.8412510202214749
repair,False,62,COOH_S1,COOH,small,1.5,0.9427784025811343,2.55213340503133,0.3328579141617604
repair,False,63,COOH_S2,COOH,small,1.5,0.9946272806887851,2.6319166730877903,0.49513758630289967
repair,False,64,PEG_L3,PEG,large,1.5,1.4236738022505058,3.146315644335357,0.8161886525826547
repair,False,65,PEG_S3,PEG,small,1.5,0.9667185674460127,1.9614096982983613,-0.29688166259141285
repair,False,66,COOH_L3,COOH,large,1.5,1.4733633579245027,3.2122639720423702,0.8732882709487367
repair,False,67,COOH_S3,COOH,small,1.5,0.8317835642545427,2.042051689533468,0.4503872980547712
repair,False,68,PEG_control,PEG,control,1.5,1.1004818919964456,2.3085766260690623,-0.08849030165913384
repair,False,69,COOH_control,COOH,control,1.5,0.8182928863574133,1.8078275341694923,-0.2501737316891336
repair,False,70,PEG_L1,PEG,large,2.0,1.5637984772023226,3.436559269394493,0.8797818757594366
repair,False,71,PEG_L2,PEG,large,2.0,1.5860506129887626,3.4495730449014452,0.8641577011706459
repair,False,72,PEG_S1,PEG,small,2.0,0.9634686641762611,2.3497317066832974,0.6681856703474653
repair,False,73,PEG_S2,PEG,small,2.0,1.5605231337558942,3.7414565653800533,0.7111443728033698
repair,False,74,COOH_L1,COOH,large,2.0,1.6134800353920262,3.5999007747339284,0.8248201391968982
repair,False,75,COOH_L2,COOH,large,2.0,1.6973006513036908,3.6870015511501215,0.8289632473139387
repair,False,76,COOH_S1,COOH,small,2.0,0.9840405048699787,2.319003405824273,0.5300147626160577
repair,False,77,COOH_S2,COOH,small,2.0,1.0706203988670893,3.158195646592827,0.3130038289962421
repair,False,78,PEG_L3,PEG,large,2.0,1.5004713858148897,3.1299517150855203,0.8478864031525064
repair,False,79,PEG_S3,PEG,small,2.0,0.9548861440454425,1.9720426607662052,-0.191199892601573
repair,False,80,COOH_L3,COOH,large,2.0,1.4963700608610977,3.186225005286779,0.9454951629866591
repair,False,81,COOH_S3,COOH,small,2.0,0.7356494865145661,1.8261064636662765,0.5628853349554886
repair,False,82,PEG_control,PEG,control,2.0,1.0700981087300794,2.2500606239349854,-0.09998344113966658
repair,False,83,COOH_control,COOH,control,2.0,0.7640894606565647,1.8458145100365568,-0.00991298374245758
repair,False,84,PEG_L1,PEG,large,2.5,1.7095632302525807,3.5607277294275814,0.8869701658530658
repair,False,85,PEG_L2,PEG,large,2.5,1.7615622829793516,3.5951300819995677,0.8674849019112768
repair,False,86,PEG_S1,PEG,small,2.5,1.0612284245314785,2.5511209626345797,0.6617634157696375
repair,False,87,PEG_S2,PEG,small,2.5,1.6361110479354941,3.7036226810022894,0.6710247728031072
repair,False,88,COOH_L1,COOH,large,2.5,1.763954714401999,3.6337140965348107,0.8312892486115179
repair,False,89,COOH_L2,COOH,large,2.5,1.8215631573330064,3.710261248006549,0.8205386244451167
repair,False,90,COOH_S1,COOH,small,2.5,1.0160249307478237,2.3770505412176224,0.5985234720874661
repair,False,91,COOH_S2,COOH,small,2.5,1.230259170713309,3.3409087736093666,0.3653863643991221
repair,False,92,PEG_L3,PEG,large,2.5,1.5839181189577476,3.1793375447193126,0.8673128382479489
repair,False,93,PEG_S3,PEG,small,2.5,0.9004770267434589,1.889487542518691,-0.17827180897752246
repair,False,94,COOH_L3,COOH,large,2.5,1.5955592217610044,3.328851253616201,0.9519993534761326
repair,False,95,COOH_S3,COOH,small,2.5,0.7585791661282184,1.8014066411260479,0.43792913268893585
repair,False,96,PEG_control,PEG,control,2.5,1.0448542955153861,2.2229735953528236,-0.1327607269453831
repair,False,97,COOH_control,COOH,control,2.5,0.7861018238994065,1.752078348884813,-0.25646507355333165
repair,False,98,PEG_L1,PEG,large,3.0,1.7977931485252563,3.6071162452414605,0.8958390749305821
repair,False,99,PEG_L2,PEG,large,3.0,1.8569734865190954,3.680325660273407,0.8573296963935924
repair,False,100,PEG_S1,PEG,small,3.0,1.0969447982710867,2.7342533940929554,0.6096346250953765
repair,False,101,PEG_S2,PEG,small,3.0,1.5856914020116797,3.5868331086286602,0.6345532637778295
repair,False,102,COOH_L1,COOH,large,3.0,1.8131645942194083,3.6669396763334157,0.853402562839285
repair,False,103,COOH_L2,COOH,large,3.0,1.8342952806688495,3.742317020080487,0.8484353505963932
repair,False,104,COOH_S1,COOH,small,3.0,1.0458837867601276,2.4996494676779633,0.5369882990090805
repair,False,105,COOH_S2,COOH,small,3.0,1.2260466559052519,3.423280595837632,0.17031065646409135
repair,False,106,PEG_L3,PEG,large,3.0,1.6506447518660394,3.22057282456084,0.89775271900943
repair,False,107,PEG_S3,PEG,small,3.0,0.8764596190824602,1.8533054947612466,-0.21320371201644273
repair,False,108,COOH_L3,COOH,large,3.0,1.6697173769829294,3.456767509409263,0.9516853498368968
repair,False,109,COOH_S3,COOH,small,3.0,0.7289026663018682,1.73564149659864,0.6133346546025208
repair,False,110,PEG_control,PEG,control,3.0,0.8883846044538224,2.095856172113044,0.08763794088048041
repair,False,111,COOH_control,COOH,control,3.0,0.8840865207756908,1.7421887971198649,-0.6152269762778882
repair,False,112,PEG_L1,PEG,large,3.5,1.8846234803850224,3.6812051865587776,0.8976391154187631
repair,False,113,PEG_L2,PEG,large,3.5,1.9110288102824422,3.7158524756909603,0.8576196598865261
repair,False,114,PEG_S1,PEG,small,3.5,1.1395106407026494,2.5359607953253915,0.6868584438206576
repair,False,115,PEG_S2,PEG,small,3.5,1.5833408861315843,3.5974589557497185,0.7401712422250734
repair,False,116,COOH_L1,COOH,large,3.5,1.881011116741208,3.7306747424048,0.8495679432057577
repair,False,117,COOH_L2,COOH,large,3.5,1.9398052412586368,3.8571770772381515,0.8740864555845286
repair,False,118,COOH_S1,COOH,small,3.5,1.1054142317095959,2.596704504059882,0.5198384442190701
repair,False,119,COOH_S2,COOH,small,3.5,1.2850218618306413,3.3105002755073936,0.40813243092810875
repair,False,120,PEG_L3,PEG,large,3.5,1.700598509617617,3.3091697094590367,0.8660844588597892
repair,False,121,PEG_S3,PEG,small,3.5,0.8523728812750604,1.8127165431321488,-0.13741686981402032
repair,False,122,COOH_L3,COOH,large,3.5,1.6698141562177382,3.513116532405713,0.9544127703314916
repair,False,123,COOH_S3,COOH,small,3.5,0.7602170411636525,1.7122659151036295,0.625863971297155
repair,False,124,PEG_control,PEG,control,3.5,0.9663199098582611,2.1069349509707345,-0.1623406538005287
repair,False,125,COOH_control,COOH,control,3.5,0.9225421599234247,1.794078041589277,-0.6231155829701127
repair,False,126,PEG_L1,PEG,large,4.0,1.9328268339667645,3.7133378287708005,0.9074868830987365
repair,False,127,PEG_L2,PEG,large,4.0,1.9190137172954165,3.7351131794935895,0.8680980723060762
repair,False,128,PEG_S1,PEG,small,4.0,1.1889134957730625,2.767524133613378,0.7618021158286898
repair,False,129,PEG_S2,PEG,small,4.0,1.665024589541447,3.7391606511032487,0.772101342166791
repair,False,130,COOH_L1,COOH,large,4.0,1.9428164132274939,3.7764927208082852,0.84779688799451
repair,False,131,COOH_L2,COOH,large,4.0,2.082874239102177,3.9308338787334547,0.7637021693347315
repair,False,132,COOH_S1,COOH,small,4.0,1.153729509464773,2.6721419933956567,0.5000313319773267
repair,False,133,COOH_S2,COOH,small,4.0,1.2800628631101116,3.325906322137141,0.3305931866148752
repair,False,134,PEG_L3,PEG,large,4.0,1.7052739765868925,3.290143485343726,0.8975829086731328
repair,False,135,PEG_S3,PEG,small,4.0,0.8264271159934253,1.7497741390998771,-0.09736460575129614
repair,False,136,COOH_L3,COOH,large,4.0,1.860299963593024,3.6171033347838923,0.9193048092369681
repair,False,137,COOH_S3,COOH,small,4.0,0.7786496612935827,1.6940737913261437,0.7001974228048249
repair,False,138,PEG_control,PEG,control,4.0,0.9103520086113221,2.050863907241871,-0.09232057839780972
repair,False,139,COOH_control,COOH,control,4.0,1.1467689986006795,3.588705635309277,-0.621441115718823
repair,False,140,PEG_L1,PEG,large,4.5,2.102216609209031,3.791505316253503,0.7868436036369336
repair,False,141,PEG_L2,PEG,large,4.5,1.8955154090005164,3.7203854084101358,0.8815243791294385
repair,False,142,PEG_S1,PEG,small,4.5,1.2150911841330996,2.809662533625846,0.7258635183504016
repair,False,143,PEG_S2,PEG,small,4.5,1.6429837967588616,3.6033248394397543,0.7130107060474288
repair,False,144,COOH_L1,COOH,large,4.5,1.9476101955000147,3.7913504801424533,0.8613868239633652
repair,False,145,COOH_L2,COOH,large,4.5,1.9706448243881112,3.8908521097804085,0.8734452849275947
repair,False,146,COOH_S1,COOH,small,4.5,1.1943607803547556,2.7295599320522355,0.5020833355517739
repair,False,147,COOH_S2,COOH,small,4.5,1.32619107172292,3.289653295070624,0.4628043717946986
repair,False,148,PEG_L3,PEG,large,4.5,1.721368950820937,3.318513398144873,0.9065405281968945
repair,False,149,PEG_S3,PEG,small,4.5,0.8535095900122075,1.7994699540212933,0.1300132416937337
repair,False,150,COOH_L3,COOH,large,4.5,1.658419390066482,3.5162363106222343,0.9520479720279301
repair,False,151,COOH_S3,COOH,small,4.5,0.8314659403838648,1.7738503480346974,0.7616237355398516
repair,False,152,PEG_control,PEG,control,4.5,0.8716108958810335,1.9645127575047094,-0.09659305610549263
repair,False,153,COOH_control,COOH,control,4.5,0.9292923106358342,1.8182088904342657,-0.5955474619613482
repair,False,154,PEG_L1,PEG,large,5.0,2.1182633403169824,3.815761101878629,0.7642929009172614
repair,False,155,PEG_L2,PEG,large,5.0,1.9125239955716802,3.7379129498654637,0.8805070337498972
repair,False,156,PEG_S1,PEG,small,5.0,1.3108353177284036,2.6046004142919275,0.7826749151129887
repair,False,157,PEG_S2,PEG,small,5.0,1.6270816875500358,3.5884775292308593,0.7568406894939691
repair,False,158,COOH_L1,COOH,large,5.0,1.9564060355380792,3.8029711660034,0.8661642975651791
repair,False,159,COOH_L2,COOH,large,5.0,1.9491091745020839,3.8999551760506255,0.8833335470115364
repair,False,160,COOH_S1,COOH,small,5.0,1.2930832172824944,2.755007092827379,0.6238765566778662
repair,False,161,COOH_S2,COOH,small,5.0,1.345496787050816,3.185312692778335,0.5536897675869902
repair,False,162,PEG_L3,PEG,large,5.0,1.675731335884314,3.2778008163619785,0.9068763416359016
repair,False,163,COOH_L3,COOH,large,5.0,1.6784810054707786,3.547146320161133,0.9488264536388678
repair,False,164,COOH_S3,COOH,small,5.0,1.1234838227645352,2.5892072029934523,0.7715919301714687
repair,False,165,PEG_control,PEG,control,5.0,0.8914656491262818,2.0012917371351713,-0.10187070288538738
repair,False,166,COOH_control,COOH,control,5.0,0.8248227331859544,1.697571960703883,-0.558126735593799
repair,False,167,PEG_S3,PEG,small,5.0,0.8492749936645364,1.7668149018991264,0.13635792610537914
repair,False,168,PEG_L1,PEG,large,5.5,2.171797054123555,3.8239871097635327,0.7674444796252005
repair,False,169,PEG_L2,PEG,large,5.5,1.9097065559749538,3.7381978329051844,0.8933311737051522
repair,False,170,PEG_S1,PEG,small,5.5,1.2650361851572434,2.714590876990242,0.7387235081960691
repair,False,171,PEG_S2,PEG,small,5.5,1.6656876584968272,3.690543787718386,0.8161580236399191
repair,False,172,COOH_L1,COOH,large,5.5,1.9749204936477054,3.8088918078351757,0.8503682170744328
repair,False,173,COOH_L2,COOH,large,5.5,2.0104080465291485,3.8796115877002384,0.812254136198659
repair,False,174,COOH_S1,COOH,small,5.5,1.3678268450523543,2.8046366399557896,0.6388055042356905
repair,False,175,COOH_S2,COOH,small,5.5,1.4002399985775047,3.2641274512682017,0.5468536758090072
repair,False,176,PEG_L3,PEG,large,5.5,1.7125405754257301,3.3057596199965964,0.8979283278856173
repair,False,177,COOH_L3,COOH,large,5.5,1.6978979310406597,3.5612907544726937,0.9466475685733116
repair,False,178,COOH_S3,COOH,small,5.5,1.0732465088262804,2.339951944594945,0.7597499463914921
repair,False,179,PEG_S3,PEG,small,5.5,0.8201206837247955,1.7025134165580937,0.017469352985702232
repair,False,180,PEG_control,PEG,control,5.5,0.7347245559298852,1.9857654394710427,0.19526327576599734
repair,False,181,COOH_control,COOH,control,5.5,0.8280435179643486,1.7466648630775248,0.6570150292127225
repair,False,182,PEG_L1,PEG,large,6.0,2.1036897814599094,3.8197363161131617,0.733250979735611
repair,False,183,PEG_L2,PEG,large,6.0,2.0474797497211403,3.7631863205533267,0.9065872307793281
repair,False,184,PEG_S1,PEG,small,6.0,1.3246825792615011,2.737810347926708,0.7437135219256853
repair,False,185,PEG_S2,PEG,small,6.0,1.6717167297946942,3.6200845593876267,0.7876027213987483
repair,False,186,COOH_L1,COOH,large,6.0,2.0213488703163076,3.820690675857077,0.8417058203808363
repair,False,187,COOH_L2,COOH,large,6.0,2.071818736700518,3.986610335444165,0.8280273539555713
repair,False,188,COOH_S1,COOH,small,6.0,1.3020613877807796,2.8373036760336197,0.49159604880303864
repair,False,189,COOH_S2,COOH,small,6.0,1.35807371314312,3.254609746050209,0.5166901317985418
repair,False,190,PEG_L3,PEG,large,6.0,1.7095347121111428,3.30758935673415,0.8985758657691241
repair,False,191,COOH_L3,COOH,large,6.0,1.8905949818419514,3.652764856113468,0.8876777844075147
repair,False,192,COOH_S3,COOH,small,6.0,1.1016586876727597,2.402549871496757,0.8063690622336877
repair,False,193,PEG_S3,PEG,small,6.0,0.9073603285833249,1.8995180215773466,0.5509791513038481
repair,False,194,COOH_control,COOH,control,6.0,0.8243650796041209,1.6940253392393547,-0.6110909767571121
repair,False,195,PEG_control,PEG,control,6.0,0.906076259966224,2.040351600916548,-0.06846450745185545
repair,True,0,PEG_L1,PEG,large,0.0,1.177350628359659,2.4702514708956786,0.15065123786141804
repair,True,1,PEG_L2,PEG,large,0.0,1.193017605221817,2.552951112491749,0.09928032428595975
repair,True,2,PEG_S1,PEG,small,0.0,0.8137245401635925,1.921919583183802,0.10975985039020345
repair,True,3,PEG_S2,PEG,small,0.0,1.2503156555692974,2.6738920783266584,0.22961681804056175
repair,True,4,COOH_L1,COOH,large,0.0,0.9371366241077669,2.0612859165368103,0.00665209502341921
repair,True,5,COOH_L2,COOH,large,0.0,0.8724456357966177,1.895066763204634,0.049011836576326
repair,True,6,COOH_S1,COOH,small,0.0,0.8781520663962216,1.843304581141289,0.24710144592985933
repair,True,7,COOH_S2,COOH,small,0.0,0.9576269421483086,1.9762349820126306,-0.4790600612308654
repair,True,8,PEG_L1,PEG,large,0.0,1.6051069228776,3.8560687762647863,0.32499508147292716
repair,True,9,PEG_L2,PEG,large,0.0,1.484020202197641,3.352061101369406,0.46785557791458
repair,True,10,PEG_S1,PEG,small,0.0,1.026444758023614,2.16276810964098,0.08466714783383578
repair,True,11,PEG_S2,PEG,small,0.0,1.5082828726373219,3.9856057151542794,0.3237596580327481
repair,True,12,COOH_L1,COOH,large,0.0,1.3764024996406938,3.8357820004350964,0.4837836907079268
repair,True,13,COOH_L2,COOH,large,0.0,1.316069457198296,4.06589548513349,0.27838324596700315
repair,True,14,COOH_S1,COOH,small,0.0,0.8650306511348879,1.827743400651282,0.38115139338253573
repair,True,15,COOH_S2,COOH,small,0.0,1.031202742964994,2.1964814971512387,0.1523384592742934
repair,True,16,PEG_L3,PEG,large,0.0,1.1177146896598795,2.3940166582392273,0.33899096567746734
repair,True,17,PEG_S3,PEG,small,0.0,0.7670728200661665,2.0131999726644803,0.588156718462303
repair,True,18,COOH_L3,COOH,large,0.0,1.1153845680122103,2.2988935344063677,0.13088503290161801
repair,True,19,COOH_S3,COOH,small,0.0,1.028725767374797,2.094730648671728,0.06148969136315456
repair,True,20,PEG_control,PEG,control,0.0,1.3827311670865592,2.759687711819058,0.18410279242016922
repair,True,21,COOH_control,COOH,control,0.0,0.8698939319276777,1.8673957870655609,-0.10252625350442537
repair,True,22,PEG_L3,PEG,large,0.0,1.5181762467653372,3.1830179432569685,0.5713248773725369
repair,True,23,PEG_S3,PEG,small,0.0,1.0081446045383198,2.0933259832166184,0.1989791042351211
repair,True,24,COOH_L3,COOH,large,0.0,1.6415754807341914,3.5424074233840437,0.4238725748329148
repair,True,25,COOH_S3,COOH,small,0.0,1.038952736973735,2.178360552936961,0.167507608114842
repair,True,26,PEG_control,PEG,control,0.0,1.0095091187359975,2.5368167058027122,0.41041711846956197
repair,True,27,COOH_control,COOH,control,0.0,0.8564348434302529,1.8090202036486667,-0.37042190831760763
repair,True,28,PEG_L1,PEG,large,0.5,1.5785701196192963,3.758799974612407,0.6677619264531293
repair,True,29,PEG_L2,PEG,large,0.5,1.3395854575995274,3.4310025881408164,0.7394673313343648
repair,True,30,PEG_S1,PEG,small,0.5,0.7210838095230341,1.606720686251515,0.80606042689086
repair,True,31,PEG_S2,PEG,small,0.5,1.4460020170921686,3.771244668867909,0.5129744967932762
repair,True,32,COOH_L1,COOH,large,0.5,1.3670864698694767,3.676646607759497,0.7114560228849689
repair,True,33,COOH_L2,COOH,large,0.5,1.3118702945209029,3.8106876792825917,0.7372232992103437
repair,True,34,COOH_S1,COOH,small,0.5,0.7683915237345968,1.7013675679101987,0.45874508973977884
repair,True,35,COOH_S2,COOH,small,0.5,0.9108054322297153,2.1884104962880286,-0.17866298520722013
repair,True,36,PEG_L3,PEG,large,0.5,1.5479999524471935,3.2819721031649483,0.6886405196918174
repair,True,37,PEG_S3,PEG,small,0.5,0.7701018824370353,2.029182137562045,0.6301566084462562
repair,True,38,COOH_L3,COOH,large,0.5,1.219182764133548,3.2230424519810628,0.8332534583009998
repair,True,39,COOH_S3,COOH,small,0.5,1.0021582639057476,2.169865788520732,0.14754407656287533
repair,True,40,PEG_control,PEG,control,0.5,1.0461394528119858,2.4008464607511435,0.18321732323483425
repair,True,41,COOH_control,COOH,control,0.5,0.8255953356881932,1.8328230816915327,-0.175977958589842
repair,True,42,PEG_L1,PEG,large,1.0,1.332869560031554,3.45732230044283,0.8349012704583892
repair,True,43,PEG_L2,PEG,large,1.0,1.4000473345290565,3.460588492434473,0.791849067072823
repair,True,44,PEG_S1,PEG,small,1.0,0.6348622772726025,1.5918495835721516,0.6065852718280744
repair,True,45,PEG_S2,PEG,small,1.0,1.4699820908423171,3.640112976196597,0.597019638230208
repair,True,46,COOH_L1,COOH,large,1.0,1.4068753850243982,3.646672980917869,0.779495876785431
repair,True,47,COOH_L2,COOH,large,1.0,1.3624253977485612,3.7064889205154112,0.7921071548309965
repair,True,48,COOH_S1,COOH,small,1.0,0.811433184987619,1.9257348329640012,0.4959885363105051
repair,True,49,COOH_S2,COOH,small,1.0,0.8150298158546672,1.986179034570124,0.15248416101439666
repair,True,50,PEG_L3,PEG,large,1.0,1.4242290395065338,3.218180950648202,0.7743355178710197
repair,True,51,PEG_S3,PEG,small,1.0,0.7425973507361313,1.9882823850944402,0.6703617967329839
repair,True,52,COOH_L3,COOH,large,1.0,1.3784830651717173,3.2913192930438075,0.8372839395298554
repair,True,53,COOH_S3,COOH,small,1.0,0.816697013248629,2.002934597606682,0.4343986120822752
repair,True,54,PEG_control,PEG,control,1.0,1.014832478626968,2.370515200206856,0.2208581319696208
repair,True,55,COOH_control,COOH,control,1.0,0.7787476328345762,1.7670393788053738,-0.16541674732576975
repair,True,56,PEG_L1,PEG,large,1.5,1.5339376931507203,3.5606430807549936,0.8216361993461254
repair,True,57,PEG_L2,PEG,large,1.5,1.542260987400164,3.51840392296437,0.8020404171482475
repair,True,58,PEG_S1,PEG,small,1.5,0.7682380288730274,1.8267996065547176,0.610885435129283
repair,True,59,PEG_S2,PEG,small,1.5,1.448222601100227,3.660072728531744,0.6725799924961702
repair,True,60,COOH_L1,COOH,large,1.5,1.4886204712589293,3.561502221359559,0.8165291329208919
repair,True,61,COOH_L2,COOH,large,1.5,1.5002421460015578,3.6252299349890658,0.8374068368620968
repair,True,62,COOH_S1,COOH,small,1.5,0.943000518161024,2.5531767492313224,0.3329250129043172
repair,True,63,COOH_S2,COOH,small,1.5,0.9947589716810408,2.632355953206462,0.495309371273592
repair,True,64,PEG_L3,PEG,large,1.5,1.406669079500592,3.09365912481006,0.8234545671658269
repair,True,65,PEG_S3,PEG,small,1.5,0.7376302256670595,1.986817093249514,0.6778480270207113
repair,True,66,COOH_L3,COOH,large,1.5,1.479832621124438,3.2353751300870903,0.8833281177460889
repair,True,67,COOH_S3,COOH,small,1.5,0.8425386083295642,2.0417307083835325,0.41692217952679766
repair,True,68,PEG_control,PEG,control,1.5,1.006735168474378,2.36282041350734,0.2174161505319676
repair,True,69,COOH_control,COOH,control,1.5,0.8187222269329821,1.8071223045759635,-0.25306728331703837
repair,True,70,PEG_L1,PEG,large,2.0,1.5624019748844256,3.4336130849748336,0.8805201155184067
repair,True,71,PEG_L2,PEG,large,2.0,1.585045166706008,3.447957673465189,0.8649061231117242
repair,True,72,PEG_S1,PEG,small,2.0,0.9634061998321801,2.349149437617841,0.6682343114657604
repair,True,73,PEG_S2,PEG,small,2.0,1.5595484280793788,3.7413622752666953,0.7126300285243488
repair,True,74,COOH_L1,COOH,large,2.0,1.6134927533432906,3.5999217734644295,0.8248548054249839
repair,True,75,COOH_L2,COOH,large,2.0,1.696959638617993,3.6866079690759817,0.8292528166394209
repair,True,76,COOH_S1,COOH,small,2.0,0.9841581918635717,2.3196025318986746,0.5298668125443226
repair,True,77,COOH_S2,COOH,small,2.0,1.0702550381146556,3.1577260669184977,0.3125751710080625
repair,True,78,PEG_L3,PEG,large,2.0,1.4986631797226604,3.1222394561306763,0.8491192002534906
repair,True,79,PEG_S3,PEG,small,2.0,0.7334612264072072,1.9770407861398824,0.7009067724126872
repair,True,80,COOH_L3,COOH,large,2.0,1.5014900266027253,3.2124024949929866,0.946792454438065
repair,True,81,COOH_S3,COOH,small,2.0,0.7417300347886948,1.8271965345985242,0.5512097121145462
repair,True,82,PEG_control,PEG,control,2.0,0.9645978370683035,2.289222707346077,0.22063816317305784
repair,True,83,COOH_control,COOH,control,2.0,0.9116401721396941,1.8081468120679012,-0.5517311760600301
repair,True,84,PEG_L1,PEG,large,2.5,1.7096965089508809,3.560842547787824,0.886874744610708
repair,True,85,PEG_L2,PEG,large,2.5,1.7640154177795007,3.5966960240450914,0.8666094587754919
repair,True,86,PEG_S1,PEG,small,2.5,1.065558475481081,2.547840635160893,0.6716062711460121
repair,True,87,PEG_S2,PEG,small,2.5,1.6356317690862385,3.70518534057007,0.674224577763327
repair,True,88,COOH_L1,COOH,large,2.5,1.7634162545965861,3.6334373398378927,0.8316556037213609
repair,True,89,COOH_L2,COOH,large,2.5,1.8221644337443252,3.7106813355273345,0.8194843533049113
repair,True,90,COOH_S1,COOH,small,2.5,0.9952437135266673,2.3495720573850676,0.6141359127166762
repair,True,91,COOH_S2,COOH,small,2.5,1.231509376851948,3.3430311396309014,0.3652348440059486
repair,True,92,PEG_L3,PEG,large,2.5,1.5837803021149286,3.1779755607439704,0.8665483117139241
repair,True,93,PEG_S3,PEG,small,2.5,0.722776681025217,1.9014977866715181,0.7000654294780173
repair,True,94,COOH_L3,COOH,large,2.5,1.590309319071609,3.3496578457389896,0.9539096600480551
repair,True,95,COOH_S3,COOH,small,2.5,0.7666986364185384,1.8022886344416258,0.40364117060545635
repair,True,96,PEG_control,PEG,control,2.5,0.937153133220082,2.2562042692331428,0.20256152822302495
repair,True,97,COOH_control,COOH,control,2.5,0.7885044223159928,1.7484679276173694,-0.2697508771149815
repair,True,98,PEG_L1,PEG,large,3.0,1.7974824173949113,3.606939694972459,0.8958424433621028
repair,True,99,PEG_L2,PEG,large,3.0,1.859835902685074,3.6819961885794736,0.856012828372921
repair,True,100,PEG_S1,PEG,small,3.0,1.0783864254506577,2.4638097155126144,0.6642504768312097
repair,True,101,PEG_S2,PEG,small,3.0,1.5821440491672125,3.5837010415492854,0.64153770441674
repair,True,102,COOH_L1,COOH,large,3.0,1.8135254062373538,3.6670527030579168,0.8533408891188206
repair,True,103,COOH_L2,COOH,large,3.0,1.8342565318556376,3.7423257025716974,0.8484248860567706
repair,True,104,COOH_S1,COOH,small,3.0,1.0465989533516837,2.5023330367423853,0.5367403622164133
repair,True,105,COOH_S2,COOH,small,3.0,1.2259706566998576,3.4233197823756654,0.17027060280479653
repair,True,106,PEG_L3,PEG,large,3.0,1.6530211078411101,3.2447159001039414,0.8842216508050291
repair,True,107,PEG_S3,PEG,small,3.0,0.7662248187006082,1.941287471786347,0.6493108195686711
repair,True,108,COOH_L3,COOH,large,3.0,1.6623887691880361,3.481364924515489,0.9549679715731492
repair,True,109,COOH_S3,COOH,small,3.0,0.7427942284153074,1.7476471056260834,0.5638915467051122
repair,True,110,PEG_control,PEG,control,3.0,0.8867865763179346,2.1708375993692157,0.1872649627336859
repair,True,111,COOH_control,COOH,control,3.0,0.8597812478968961,1.7071925571186275,-0.6156864646745561
repair,True,112,PEG_L1,PEG,large,3.5,1.8855650189636652,3.6819877558694936,0.8971255990605397
repair,True,113,PEG_L2,PEG,large,3.5,1.9109661803467257,3.715815404208016,0.857724284423999
repair,True,114,PEG_S1,PEG,small,3.5,1.1394008573078855,2.5376378694902346,0.6863009975858374
repair,True,115,PEG_S2,PEG,small,3.5,1.5827580749594559,3.5922314516411538,0.7363368036770275
repair,True,116,COOH_L1,COOH,large,3.5,1.8806889815914558,3.7302639892186216,0.8494822257481565
repair,True,117,COOH_L2,COOH,large,3.5,1.9398460287473558,3.857187688566257,0.8740638295826163
repair,True,118,COOH_S1,COOH,small,3.5,1.089235092304775,2.523228170109192,0.5889864511305702
repair,True,119,COOH_S2,COOH,small,3.5,1.276533818173314,3.302333148570139,0.41542052044221633
repair,True,120,PEG_L3,PEG,large,3.5,1.6984261374574317,3.2995143513802923,0.8724119860662138
repair,True,121,PEG_S3,PEG,small,3.5,0.7733309833263013,1.9281198847301892,0.7030694518614222
repair,True,122,COOH_L3,COOH,large,3.5,1.6640773353499358,3.52192748761128,0.9531993248241862
repair,True,123,COOH_S3,COOH,small,3.5,0.757575338877373,1.7032225944292048,0.623609257109485
repair,True,124,PEG_control,PEG,control,3.5,0.866841536193838,2.1298943215339237,0.16447619348429227
repair,True,125,COOH_control,COOH,control,3.5,0.8540644908768631,1.715368022000045,-0.6092943310015783
repair,True,126,PEG_L1,PEG,large,4.0,1.9321858750653291,3.7128210549773932,0.9081866136523019
repair,True,127,PEG_L2,PEG,large,4.0,1.9227378054535196,3.7384574866560545,0.8672156283295596
repair,True,128,PEG_S1,PEG,small,4.0,1.188906245668849,2.7673446167932356,0.7618122608585302
repair,True,129,PEG_S2,PEG,small,4.0,1.6515987500430058,3.7095656502512107,0.7734928769739938
repair,True,130,COOH_L1,COOH,large,4.0,1.9425844023940693,3.7764842009290795,0.8478196105212681
repair,True,131,COOH_L2,COOH,large,4.0,2.082857010581872,3.9308180360640104,0.7638014594871594
repair,True,132,COOH_S1,COOH,small,4.0,1.1309882457882467,2.5724029405008046,0.6043741310362835
repair,True,133,COOH_S2,COOH,small,4.0,1.2801686254505555,3.3260194535119036,0.3305856511918386
repair,True,134,PEG_L3,PEG,large,4.0,1.7049234224401637,3.289625739404704,0.8942373279942104
repair,True,135,PEG_S3,PEG,small,4.0,0.7887631805368246,1.885209935194195,0.6816857023195846
repair,True,136,COOH_L3,COOH,large,4.0,1.8643577299879734,3.646946106874868,0.9273801422448555
repair,True,137,COOH_S3,COOH,small,4.0,0.8099456982747124,1.723644681051264,0.5766525915788254
repair,True,138,PEG_control,PEG,control,4.0,0.8381043491408547,2.0874743536544607,0.19903071530334732
repair,True,139,COOH_control,COOH,control,4.0,1.0962095114981198,2.1356131751452354,-0.6311598473055386
repair,True,140,PEG_L1,PEG,large,4.5,2.1050856590435383,3.791972188540262,0.7863407957269338
repair,True,141,PEG_L2,PEG,large,4.5,1.8955396521503658,3.720371737677398,0.8814181544927577
repair,True,142,PEG_S1,PEG,small,4.5,1.2150086844351984,2.8093678993966944,0.7257539085379537
repair,True,143,PEG_S2,PEG,small,4.5,1.6427518723199526,3.603701146811345,0.7158150071254948
repair,True,144,COOH_L1,COOH,large,4.5,1.9474986926617228,3.7916472566259127,0.8613088483614011
repair,True,145,COOH_L2,COOH,large,4.5,1.9705620267132613,3.8908062874516487,0.8735879126326364
repair,True,146,COOH_S1,COOH,small,4.5,1.1943559580856258,2.7297920868570356,0.5017911312041717
repair,True,147,COOH_S2,COOH,small,4.5,1.326246975176199,3.289832651524403,0.46279045388477247
repair,True,148,PEG_L3,PEG,large,4.5,1.7216676477464463,3.3198464945991932,0.9048330765814512
repair,True,149,PEG_S3,PEG,small,4.5,0.8402025089971807,1.9646002354131407,0.8408079344702705
repair,True,150,COOH_L3,COOH,large,4.5,1.666575580543247,3.545706298930627,0.9533044197443135
repair,True,151,COOH_S3,COOH,small,4.5,0.8538287022698244,1.7906598205854585,0.669423805670812
repair,True,152,PEG_control,PEG,control,4.5,0.7582470165461451,1.953276329807682,0.24705939249352699
repair,True,153,COOH_control,COOH,control,4.5,0.8691574355899869,1.7530572688742638,-0.5828423847750491
repair,True,154,PEG_L1,PEG,large,5.0,2.1196261502046996,3.8159753267973864,0.7655804531600158
repair,True,155,PEG_L2,PEG,large,5.0,1.912499680912713,3.7378855804279127,0.8806044741511723
repair,True,156,PEG_S1,PEG,small,5.0,1.3109841430913718,2.605203757093173,0.782576749351096
repair,True,157,PEG_S2,PEG,small,5.0,1.6243539466678842,3.5882757033727897,0.7639235748748588
repair,True,158,COOH_L1,COOH,large,5.0,1.9564673096371599,3.80302586845774,0.865911287346654
repair,True,159,COOH_L2,COOH,large,5.0,1.9491510324593078,3.8999716056593985,0.8833463281851709
repair,True,160,COOH_S1,COOH,small,5.0,1.2930903375359812,2.75503465039305,0.6238350416635862
repair,True,161,COOH_S2,COOH,small,5.0,1.3479497059350016,3.1870611378617655,0.5582246857475586
repair,True,162,PEG_L3,PEG,large,5.0,1.7218924926870756,3.3071053026325665,0.8986485025721171
repair,True,163,COOH_L3,COOH,large,5.0,1.6846819646779414,3.5794431620591682,0.9503011246686595
repair,True,164,COOH_S3,COOH,small,5.0,1.1223891659244678,2.582270947316392,0.7523273150444549
repair,True,165,PEG_control,PEG,control,5.0,0.7152093010082805,1.9423066961973319,0.2874548082021837
repair,True,166,COOH_control,COOH,control,5.0,1.0140395221188985,2.0053249222740397,-0.5147751598311945
repair,True,167,PEG_S3,PEG,small,5.0,0.8498506699035939,1.9560881537675983,0.7830131326152031
repair,True,168,PEG_L1,PEG,large,5.5,2.172794468837835,3.824179427236706,0.7670417145945057
repair,True,169,PEG_L2,PEG,large,5.5,1.9100580017677122,3.7380729815551983,0.8931042308243197
repair,True,170,PEG_S1,PEG,small,5.5,1.2650571940467035,2.7146799563430926,0.7386911169232948
repair,True,171,PEG_S2,PEG,small,5.5,1.670056317946436,3.692891119720993,0.8128466870314746
repair,True,172,COOH_L1,COOH,large,5.5,1.974977851253729,3.808924641611779,0.850192657369438
repair,True,173,COOH_L2,COOH,large,5.5,2.010408571152761,3.8796112937513527,0.8122499851574123
repair,True,174,COOH_S1,COOH,small,5.5,1.3681132582163371,2.8054023766130967,0.638609436620776
repair,True,175,COOH_S2,COOH,small,5.5,1.4027001375674906,3.2557052853935247,0.5680959672792811
repair,True,176,PEG_L3,PEG,large,5.5,1.7093607635459707,3.3007147994041204,0.900099182964328
repair,True,177,COOH_L3,COOH,large,5.5,1.696641502726769,3.5843884519679614,0.9494512580934776
repair,True,178,COOH_S3,COOH,small,5.5,1.074627545108965,2.338796742946806,0.7426888832249916
repair,True,179,PEG_S3,PEG,small,5.5,0.8625948787547388,1.9815597478446283,0.7875821803645844
repair,True,180,PEG_control,PEG,control,5.5,0.6634662945139069,1.9249458117118479,0.45256633108534683
repair,True,181,COOH_control,COOH,control,5.5,0.8279700318013858,1.7465593434343438,0.6572215967926174
repair,True,182,PEG_L1,PEG,large,6.0,2.1036814398897605,3.8197284492415564,0.7331891008470124
repair,True,183,PEG_L2,PEG,large,6.0,2.0473904048882945,3.763175786253025,0.9066709810198594
repair,True,184,PEG_S1,PEG,small,6.0,1.325082891826164,2.7372412679694524,0.7439355539321184
repair,True,185,PEG_S2,PEG,small,6.0,1.671420739968266,3.618902338603426,0.7872089645295256
repair,True,186,COOH_L1,COOH,large,6.0,2.0213543608747577,3.820692056309704,0.8416756305321539
repair,True,187,COOH_L2,COOH,large,6.0,2.071788363191602,3.986605362610757,0.8279984733853787
repair,True,188,COOH_S1,COOH,small,6.0,1.304540663099023,2.790498042952293,0.546260457418964
repair,True,189,COOH_S2,COOH,small,6.0,1.3580673467878686,3.2545222483910994,0.5166676402551581
repair,True,190,PEG_L3,PEG,large,6.0,1.7086843853504254,3.3066810931251,0.8997537292282772
repair,True,191,COOH_L3,COOH,large,6.0,1.9060216911966534,3.6969818396371554,0.8988541149461615
repair,True,192,COOH_S3,COOH,small,6.0,1.1043135226524128,2.398957675619668,0.7883366444110097
repair,True,193,PEG_S3,PEG,small,6.0,0.9532931001238191,2.1146668066766505,0.884892525229024
repair,True,194,COOH_control,COOH,control,6.0,0.8227045305148888,1.6964818150064405,-0.6075110991768378
repair,True,195,PEG_control,PEG,control,6.0,0.7542686748251737,1.9958877670390516,0.3166559707739556
