agarose,bsa,coating,arm,rep,series,t,front,centroid,front_ctl,centroid_ctl,front_net,centroid_net
0.4,BSA,COOH,control,1,0.4_BSA_COOH_control_r1,0.0,1.914256198347108,1.3084919561054915,4.299303402111101,3.194528539254328,-2.385047203763993,-1.8860365831488364
0.4,BSA,COOH,control,1,0.4_BSA_COOH_control_r1,1.0,1.676652892561983,1.3039291274113947,2.11325472652743,1.3748864857980714,-0.43660183396544716,-0.07095735838667672
0.4,BSA,COOH,control,1,0.4_BSA_COOH_control_r1,2.0,0.7262396694214873,1.0261484658466604,1.554455471555926,1.2286311826431258,-0.8282158021344387,-0.20248271679646535
0.4,BSA,COOH,control,1,0.4_BSA_COOH_control_r1,3.0,1.676652892561983,0.9550668336840284,2.051707572279932,1.1862873981932884,-0.3750546797179488,-0.23122056450925998
0.4,BSA,COOH,control,1,0.4_BSA_COOH_control_r1,4.0,2.3894628099173554,1.3072209271943735,2.3890936219895615,1.2938724865322648,0.0003691879277938348,0.013348440662108718
0.4,BSA,COOH,control,1,0.4_BSA_COOH_control_r1,5.0,8.804752066115705,6.218870116472887,4.508405579217174,2.9010367978684783,4.296346486898531,3.317833318604409
0.4,BSA,COOH,control,1,0.4_BSA_COOH_control_r1,6.0,8.804752066115705,6.408068705915614,4.508405579217174,3.022668378117613,4.296346486898531,3.385400327798001
0.4,BSA,COOH,control,1,0.4_BSA_COOH_control_r1,7.5,8.804752066115705,6.462838137181009,4.14751019319616,2.9679934332973805,4.6572418729195455,3.494844703883629
0.4,BSA,COOH,control,1,0.4_BSA_COOH_control_r1,9.0,8.804752066115705,6.448766052914772,6.180229303407997,4.503275409183526,2.6245227627077083,1.9454906437312465
0.4,BSA,COOH,control,1,0.4_BSA_COOH_control_r1,10.5,8.804752066115705,6.46620225624254,6.042210969806486,4.156658524037636,2.76254109630922,2.3095437322049044
0.4,BSA,COOH,control,1,0.4_BSA_COOH_control_r1,12.0,8.804752066115705,6.733560739829178,6.241776457655495,4.868038680262981,2.562975608460211,1.8655220595661968
0.4,BSA,COOH,control,1,0.4_BSA_COOH_control_r1,21.5,8.804752066115705,4.665332662650539,5.208965800074756,3.03758965849321,3.5957862660409496,1.6277430041573293
0.4,BSA,COOH,control,2,0.4_BSA_COOH_control_r2,0.0,8.82913139492087,6.654115405730245,4.299303402111101,3.194528539254328,4.529827992809769,3.459586866475917
0.4,BSA,COOH,control,2,0.4_BSA_COOH_control_r2,1.0,2.77926021347074,1.500557250858363,2.11325472652743,1.3748864857980714,0.6660054869433099,0.1256707650602915
0.4,BSA,COOH,control,2,0.4_BSA_COOH_control_r2,2.0,2.0532756716967246,1.3175147390903503,1.554455471555926,1.2286311826431258,0.49882020014079864,0.08888355644722457
0.4,BSA,COOH,control,2,0.4_BSA_COOH_control_r2,3.0,2.0532756716967246,1.1991602869843558,2.051707572279932,1.1862873981932884,0.001568099416792812,0.012872888791067405
0.4,BSA,COOH,control,2,0.4_BSA_COOH_control_r2,4.0,1.8112808244387195,1.039700094375004,2.3890936219895615,1.2938724865322648,-0.577812797550842,-0.25417239215726073
0.4,BSA,COOH,control,2,0.4_BSA_COOH_control_r2,5.0,2.2952705189547293,1.186995963319656,4.508405579217174,2.9010367978684783,-2.213135060262445,-1.7140408345488223
0.4,BSA,COOH,control,2,0.4_BSA_COOH_control_r2,6.0,2.2952705189547293,1.1947368152478643,4.508405579217174,3.022668378117613,-2.213135060262445,-1.8279315628697488
0.4,BSA,COOH,control,2,0.4_BSA_COOH_control_r2,7.5,2.2952705189547293,1.2162408025909932,4.14751019319616,2.9679934332973805,-1.8522396742414307,-1.7517526307063873
0.4,BSA,COOH,control,2,0.4_BSA_COOH_control_r2,9.0,1.085296282664704,1.8081899389009013,6.180229303407997,4.503275409183526,-5.0949330207432935,-2.695085470282624
0.4,BSA,COOH,control,2,0.4_BSA_COOH_control_r2,10.5,2.2952705189547293,1.2574514734719429,6.042210969806486,4.156658524037636,-3.7469404508517563,-2.8992070505656926
0.4,BSA,COOH,control,2,0.4_BSA_COOH_control_r2,12.0,1.8112808244387195,1.3230128063229118,6.241776457655495,4.868038680262981,-4.4304956332167755,-3.5450258739400695
0.4,BSA,COOH,control,3,0.4_BSA_COOH_control_r3,0.0,2.1545226130653266,1.6209782559272463,4.299303402111101,3.194528539254328,-2.1447807890457744,-1.5735502833270816
0.4,BSA,COOH,control,3,0.4_BSA_COOH_control_r3,1.0,1.8838510735495666,1.3201730791244568,2.11325472652743,1.3748864857980714,-0.22940365297786358,-0.05471340667361457
0.4,BSA,COOH,control,3,0.4_BSA_COOH_control_r3,2.0,1.8838510735495666,1.342230342992367,1.554455471555926,1.2286311826431258,0.3293956019936406,0.11359916034924122
0.4,BSA,COOH,control,3,0.4_BSA_COOH_control_r3,3.0,2.4251941525810867,1.4046350739114815,2.051707572279932,1.1862873981932884,0.3734865803011549,0.21834767571819302
0.4,BSA,COOH,control,3,0.4_BSA_COOH_control_r3,4.0,2.9665372316126097,1.534696438027417,2.3890936219895615,1.2938724865322648,0.5774436096230482,0.24082395149515223
0.4,BSA,COOH,control,3,0.4_BSA_COOH_control_r3,5.0,2.4251941525810867,1.2972443138128908,4.508405579217174,2.9010367978684783,-2.0832114266360877,-1.6037924840555875
0.4,BSA,COOH,control,3,0.4_BSA_COOH_control_r3,6.0,2.4251941525810867,1.465199613189361,4.508405579217174,3.022668378117613,-2.0832114266360877,-1.5574687649282521
0.4,BSA,COOH,control,3,0.4_BSA_COOH_control_r3,7.5,1.342507994518045,1.22490136012014,4.14751019319616,2.9679934332973805,-2.805002198678115,-1.7430920731772406
0.4,BSA,COOH,control,3,0.4_BSA_COOH_control_r3,9.0,8.650639561443581,5.2528702357349015,6.180229303407997,4.503275409183526,2.4704102580355842,0.7495948265513759
0.4,BSA,COOH,control,3,0.4_BSA_COOH_control_r3,10.5,7.02661032434902,4.746321842398426,6.042210969806486,4.156658524037636,0.9843993545425347,0.58966331836079
0.4,BSA,COOH,control,3,0.4_BSA_COOH_control_r3,12.0,8.109296482412061,6.547542494636856,6.241776457655495,4.868038680262981,1.8675200247565664,1.6795038143738745
0.4,BSA,COOH,control,3,0.4_BSA_COOH_control_r3,21.5,1.6131795340338064,1.409846654335881,5.208965800074756,3.03758965849321,-3.5957862660409496,-1.6277430041573289
0.4,BSA,COOH,magnet,1,0.4_BSA_COOH_magnet_r1,0.0,8.910383095165704,2.8578291945464454,4.299303402111101,3.194528539254328,4.611079693054603,-0.33669934470788254
0.4,BSA,COOH,magnet,1,0.4_BSA_COOH_magnet_r1,1.0,1.864168440255397,1.3295961057863996,2.11325472652743,1.3748864857980714,-0.2490862862720331,-0.04529038001167174
0.4,BSA,COOH,magnet,1,0.4_BSA_COOH_magnet_r1,2.0,1.6292946184250532,1.1029116153819585,1.554455471555926,1.2286311826431258,0.07483914686912718,-0.1257195672611673
0.4,BSA,COOH,magnet,1,0.4_BSA_COOH_magnet_r1,3.0,1.6292946184250532,1.0731330269795836,2.051707572279932,1.1862873981932884,-0.42241295385487865,-0.11315437121370486
0.4,BSA,COOH,magnet,1,0.4_BSA_COOH_magnet_r1,4.0,1.6292946184250532,1.1124499375383639,2.3890936219895615,1.2938724865322648,-0.7597990035645084,-0.18142254899390098
0.4,BSA,COOH,magnet,1,0.4_BSA_COOH_magnet_r1,5.0,3.273411371237458,2.280673083560217,4.508405579217174,2.9010367978684783,-1.2349942079797165,-0.6203637143082612
0.4,BSA,COOH,magnet,1,0.4_BSA_COOH_magnet_r1,6.0,8.910383095165704,5.303580471688329,4.508405579217174,3.022668378117613,4.40197751594853,2.2809120935707154
0.4,BSA,COOH,magnet,1,0.4_BSA_COOH_magnet_r1,7.5,1.864168440255397,1.155562336255861,4.14751019319616,2.9679934332973805,-2.283341752940763,-1.8124310970415196
0.4,BSA,COOH,magnet,1,0.4_BSA_COOH_magnet_r1,9.0,1.6292946184250532,1.328976515279109,6.180229303407997,4.503275409183526,-4.550934684982944,-3.1742988939044166
0.4,BSA,COOH,magnet,1,0.4_BSA_COOH_magnet_r1,10.5,1.864168440255397,1.2941168838056396,6.042210969806486,4.156658524037636,-4.178042529551089,-2.862541640231996
0.4,BSA,COOH,magnet,1,0.4_BSA_COOH_magnet_r1,12.0,2.5687899057464274,1.3763247292220409,6.241776457655495,4.868038680262981,-3.672986551909067,-3.4917139510409405
0.4,BSA,COOH,magnet,1,0.4_BSA_COOH_magnet_r1,21.5,2.8036637275767706,1.7307259524489997,5.208965800074756,3.03758965849321,-2.405302072497985,-1.30686370604421
0.4,BSA,COOH,magnet,2,0.4_BSA_COOH_magnet_r2,0.0,1.0540254237288136,1.390805132571416,4.299303402111101,3.194528539254328,-3.2452779783822874,-1.803723406682912
0.4,BSA,COOH,magnet,2,0.4_BSA_COOH_magnet_r2,1.0,1.8485169491525424,2.1137351389947003,2.11325472652743,1.3748864857980714,-0.2647377773748878,0.738848653196629
0.4,BSA,COOH,magnet,2,0.4_BSA_COOH_magnet_r2,2.0,2.1133474576271185,2.1232767685027327,1.554455471555926,1.2286311826431258,0.5588919860711925,0.894645585859607
0.4,BSA,COOH,magnet,2,0.4_BSA_COOH_magnet_r2,3.0,1.8485169491525424,1.6816335695077664,2.051707572279932,1.1862873981932884,-0.20319062312738945,0.495346171314478
0.4,BSA,COOH,magnet,2,0.4_BSA_COOH_magnet_r2,4.0,1.583686440677966,1.7223037782056074,2.3890936219895615,1.2938724865322648,-0.8054071813115955,0.4284312916733426
0.4,BSA,COOH,magnet,2,0.4_BSA_COOH_magnet_r2,5.0,1.3188559322033897,1.565711389908982,4.508405579217174,2.9010367978684783,-3.1895496470137847,-1.3353254079594963
0.4,BSA,COOH,magnet,2,0.4_BSA_COOH_magnet_r2,6.0,1.0540254237288136,1.3292290824768638,4.508405579217174,3.022668378117613,-3.454380155488361,-1.6934392956407494
0.4,BSA,COOH,magnet,2,0.4_BSA_COOH_magnet_r2,7.5,1.3188559322033897,1.134486054978368,4.14751019319616,2.9679934332973805,-2.8286542609927703,-1.8335073783190126
0.4,BSA,COOH,magnet,2,0.4_BSA_COOH_magnet_r2,9.0,1.583686440677966,1.1533341715671086,6.180229303407997,4.503275409183526,-4.596542862730031,-3.349941237616417
0.4,BSA,COOH,magnet,2,0.4_BSA_COOH_magnet_r2,10.5,1.8485169491525424,1.300469058307572,6.042210969806486,4.156658524037636,-4.193694020653943,-2.856189465730064
0.4,BSA,COOH,magnet,2,0.4_BSA_COOH_magnet_r2,12.0,2.1133474576271185,1.51243857572291,6.241776457655495,4.868038680262981,-4.128429000028376,-3.3556001045400716
0.4,BSA,COOH,magnet,2,0.4_BSA_COOH_magnet_r2,21.5,2.9078389830508473,1.504635439146606,5.208965800074756,3.03758965849321,-2.3011268170239085,-1.532954219346604
0.4,BSA,COOH,magnet,3,0.4_BSA_COOH_magnet_r3,0.0,1.3991477272727275,0.8802844732218869,4.299303402111101,3.194528539254328,-2.9001556748383734,-2.3142440660324413
0.4,BSA,COOH,magnet,3,0.4_BSA_COOH_magnet_r3,1.0,1.1454951298701297,0.8724852808399658,2.11325472652743,1.3748864857980714,-0.9677595966573005,-0.5024012049581056
0.4,BSA,COOH,magnet,3,0.4_BSA_COOH_magnet_r3,2.0,1.6528003246753238,1.5450789971009102,1.554455471555926,1.2286311826431258,0.09834485311939778,0.31644781445778447
0.4,BSA,COOH,magnet,3,0.4_BSA_COOH_magnet_r3,3.0,1.9064529220779214,1.5527747360503097,2.051707572279932,1.1862873981932884,-0.14525465020201045,0.36648733785702126
0.4,BSA,COOH,magnet,3,0.4_BSA_COOH_magnet_r3,4.0,1.1454951298701297,1.2629583081915752,2.3890936219895615,1.2938724865322648,-1.2435984921194319,-0.030914178340689658
0.4,BSA,COOH,magnet,3,0.4_BSA_COOH_magnet_r3,5.0,1.1454951298701297,1.0721892577499486,4.508405579217174,2.9010367978684783,-3.3629104493470448,-1.8288475401185298
0.4,BSA,COOH,magnet,3,0.4_BSA_COOH_magnet_r3,6.0,1.3991477272727275,0.9958311715013829,4.508405579217174,3.022668378117613,-3.109257851944447,-2.0268372066162303
0.4,BSA,COOH,magnet,3,0.4_BSA_COOH_magnet_r3,7.5,2.160105519480519,1.1280674592142486,4.14751019319616,2.9679934332973805,-1.9874046737156408,-1.839925974083132
0.4,BSA,COOH,magnet,3,0.4_BSA_COOH_magnet_r3,9.0,2.4137581168831166,1.2422549518024035,6.180229303407997,4.503275409183526,-3.7664711865248806,-3.261020457381122
0.4,BSA,COOH,magnet,3,0.4_BSA_COOH_magnet_r3,10.5,2.921063311688312,1.3763881537667875,6.042210969806486,4.156658524037636,-3.121147658118174,-2.7802703702708484
0.4,BSA,COOH,magnet,3,0.4_BSA_COOH_magnet_r3,12.0,2.921063311688312,1.4633006275576608,6.241776457655495,4.868038680262981,-3.320713145967183,-3.4047380527053206
0.4,BSA,COOH,magnet,3,0.4_BSA_COOH_magnet_r3,21.5,3.4283685064935074,1.6562188539281062,5.208965800074756,3.03758965849321,-1.7805972935812484,-1.3813708045651036
0.4,BSA,PEG,control,1,0.4_BSA_PEG_control_r1,0.0,2.125644745325596,1.7930224087528652,2.119843476558902,1.7637731933560838,0.005801268766694179,0.02924921539678138
0.4,BSA,PEG,control,1,0.4_BSA_PEG_control_r1,1.0,1.6436976144422957,1.2233010738648975,1.7719382705870352,1.2140743915383292,-0.12824065614473956,0.009226682326568314
0.4,BSA,PEG,control,1,0.4_BSA_PEG_control_r1,2.0,1.8846711798839462,1.3007031260822646,1.8546804016733667,1.2326398108848968,0.029990778210579494,0.06806331519736775
0.4,BSA,PEG,control,1,0.4_BSA_PEG_control_r1,3.0,1.6436976144422957,1.1517243055216195,1.6912931092967127,1.2127519402332192,-0.04759549485441705,-0.061027634711599665
0.4,BSA,PEG,control,1,0.4_BSA_PEG_control_r1,4.0,1.6436976144422957,1.092445274054218,1.3638772455905264,1.5506026002170021,0.2798203688517693,-0.45815732616278404
0.4,BSA,PEG,control,1,0.4_BSA_PEG_control_r1,5.0,1.6436976144422957,0.9337857997194948,5.525132656845938,2.2438907356275117,-3.881435042403642,-1.3101049359080168
0.4,BSA,PEG,control,1,0.4_BSA_PEG_control_r1,6.0,1.6436976144422957,1.0006805969750374,3.863877245590526,1.9767234353637508,-2.2201796311482305,-0.9760428383887134
0.4,BSA,PEG,control,1,0.4_BSA_PEG_control_r1,7.5,1.6436976144422957,1.2687297859359665,3.863877245590526,1.9326197704428416,-2.2201796311482305,-0.6638899845068751
0.4,BSA,PEG,control,1,0.4_BSA_PEG_control_r1,9.0,1.8846711798839462,1.1375135274536976,3.94420176740441,1.9898690045188276,-2.059530587520464,-0.85235547706513
0.4,BSA,PEG,control,1,0.4_BSA_PEG_control_r1,10.5,1.8846711798839462,1.3007278714402375,1.605492089985055,1.764155797052059,0.27917908989889106,-0.46342792561182145
0.4,BSA,PEG,control,1,0.4_BSA_PEG_control_r1,12.0,2.125644745325596,1.2892788388305858,1.8471069343795836,1.4588087882738245,0.2785378109460126,-0.16952994944323874
0.4,BSA,PEG,control,1,0.4_BSA_PEG_control_r1,21.5,2.6075918762088985,1.4881844694859845,1.848883264699154,1.4109598583006928,0.7587086115097446,0.07722461118529167
0.4,BSA,PEG,control,2,0.4_BSA_PEG_control_r2,1.0,2.0564516129032255,1.171125647283444,1.7719382705870352,1.2140743915383292,0.2845133423161903,-0.04294874425488526
0.4,BSA,PEG,control,2,0.4_BSA_PEG_control_r2,2.0,1.814516129032258,1.1176465071545338,1.8546804016733667,1.2326398108848968,-0.04016427264110867,-0.11499330373036298
0.4,BSA,PEG,control,2,0.4_BSA_PEG_control_r2,3.0,1.814516129032258,1.3034392681134042,1.6912931092967127,1.2127519402332192,0.12322301973554528,0.09068732788018496
0.4,BSA,PEG,control,2,0.4_BSA_PEG_control_r2,4.0,1.3306451612903225,2.3838862099873914,1.3638772455905264,1.5506026002170021,-0.03323208430020386,0.8332836097703893
0.4,BSA,PEG,control,2,0.4_BSA_PEG_control_r2,5.0,8.830645161290322,2.576223796058212,5.525132656845938,2.2438907356275117,3.3055125044443843,0.3323330604307002
0.4,BSA,PEG,control,2,0.4_BSA_PEG_control_r2,6.0,8.830645161290322,2.5723368576849284,3.863877245590526,1.9767234353637508,4.966767915699796,0.5956134223211775
0.4,BSA,PEG,control,2,0.4_BSA_PEG_control_r2,7.5,8.830645161290322,2.7719812296590502,3.863877245590526,1.9326197704428416,4.966767915699796,0.8393614592162086
0.4,BSA,PEG,control,2,0.4_BSA_PEG_control_r2,9.0,8.830645161290322,2.9027252684949842,3.94420176740441,1.9898690045188276,4.886443393885912,0.9128562639761566
0.4,BSA,PEG,control,2,0.4_BSA_PEG_control_r2,10.5,1.814516129032258,2.1318743416458474,1.605492089985055,1.764155797052059,0.2090240390472029,0.3677185445937885
0.4,BSA,PEG,control,2,0.4_BSA_PEG_control_r2,12.0,2.2983870967741935,1.1439898860358453,1.8471069343795836,1.4588087882738245,0.4512801623946099,-0.31481890223797926
0.4,BSA,PEG,control,2,0.4_BSA_PEG_control_r2,21.5,1.5725806451612903,1.3328777951107238,1.848883264699154,1.4109598583006928,-0.2763026195378637,-0.07808206318996902
0.4,BSA,PEG,control,3,0.4_BSA_PEG_control_r3,0.0,2.1140422077922074,1.7345239779593025,2.119843476558902,1.7637731933560838,-0.005801268766694623,-0.02924921539678138
0.4,BSA,PEG,control,3,0.4_BSA_PEG_control_r3,1.0,1.6156655844155843,1.247796453466646,1.7719382705870352,1.2140743915383292,-0.15627268617145096,0.03372206192831673
0.4,BSA,PEG,control,3,0.4_BSA_PEG_control_r3,2.0,1.864853896103896,1.2795697994178923,1.8546804016733667,1.2326398108848968,0.010173494430529395,0.04692998853299546
0.4,BSA,PEG,control,3,0.4_BSA_PEG_control_r3,3.0,1.6156655844155843,1.1830922470646337,1.6912931092967127,1.2127519402332192,-0.07562752488112845,-0.02965969316858552
0.4,BSA,PEG,control,3,0.4_BSA_PEG_control_r3,4.0,1.117288961038961,1.1754763166093973,1.3638772455905264,1.5506026002170021,-0.24658828455156545,-0.3751262836076048
0.4,BSA,PEG,control,3,0.4_BSA_PEG_control_r3,5.0,6.101055194805195,3.2216626111048283,5.525132656845938,2.2438907356275117,0.575922537959257,0.9777718754773166
0.4,BSA,PEG,control,3,0.4_BSA_PEG_control_r3,6.0,1.117288961038961,2.357152851431287,3.863877245590526,1.9767234353637508,-2.7465882845515655,0.3804294160675361
0.4,BSA,PEG,control,3,0.4_BSA_PEG_control_r3,7.5,1.117288961038961,1.7571482957335074,3.863877245590526,1.9326197704428416,-2.7465882845515655,-0.17547147470933422
0.4,BSA,PEG,control,3,0.4_BSA_PEG_control_r3,9.0,1.117288961038961,1.9293682176078006,3.94420176740441,1.9898690045188276,-2.826912806365449,-0.060500786911027005
0.4,BSA,PEG,control,3,0.4_BSA_PEG_control_r3,10.5,1.117288961038961,1.8598651780700923,1.605492089985055,1.764155797052059,-0.4882031289460942,0.09570938101803339
0.4,BSA,PEG,control,3,0.4_BSA_PEG_control_r3,12.0,1.117288961038961,1.9431576399550428,1.8471069343795836,1.4588087882738245,-0.7298179733406227,0.4843488516812182
0.4,BSA,PEG,control,3,0.4_BSA_PEG_control_r3,21.5,1.3664772727272727,1.41181731030537,1.848883264699154,1.4109598583006928,-0.4824059919718813,0.0008574520046771283
0.4,BSA,PEG,magnet,1,0.4_BSA_PEG_magnet_r1,0.0,0.7979638657872097,1.044087651186246,2.119843476558902,1.7637731933560838,-1.3218796107716924,-0.7196855421698378
0.4,BSA,PEG,magnet,1,0.4_BSA_PEG_magnet_r1,1.0,0.7979638657872097,1.1022513739442625,1.7719382705870352,1.2140743915383292,-0.9739744047998256,-0.11182301759406665
0.4,BSA,PEG,magnet,1,0.4_BSA_PEG_magnet_r1,2.0,1.2883567536564382,1.09449924524491,1.8546804016733667,1.2326398108848968,-0.5663236480169285,-0.13814056563998678
0.4,BSA,PEG,magnet,1,0.4_BSA_PEG_magnet_r1,3.0,1.5335531975910524,1.1813339984994085,1.6912931092967127,1.2127519402332192,-0.15773991170566037,-0.03141794173381074
0.4,BSA,PEG,magnet,1,0.4_BSA_PEG_magnet_r1,4.0,2.514338973329509,1.5076775227268338,1.3638772455905264,1.5506026002170021,1.1504617277389826,-0.042925077490168384
0.4,BSA,PEG,magnet,1,0.4_BSA_PEG_magnet_r1,5.0,2.7595354172641233,1.7808672493611748,5.525132656845938,2.2438907356275117,-2.7655972395818145,-0.46302348626633694
0.4,BSA,PEG,magnet,1,0.4_BSA_PEG_magnet_r1,6.0,2.0239460854602807,1.3180838590098305,3.863877245590526,1.9767234353637508,-1.8399311601302455,-0.6586395763539203
0.4,BSA,PEG,magnet,1,0.4_BSA_PEG_magnet_r1,7.5,3.004731861198738,1.5574127783290816,3.863877245590526,1.9326197704428416,-0.859145384391788,-0.37520699211375996
0.4,BSA,PEG,magnet,1,0.4_BSA_PEG_magnet_r1,9.0,3.004731861198738,1.5187803261622277,3.94420176740441,1.9898690045188276,-0.9394699062056717,-0.47108867835659995
0.4,BSA,PEG,magnet,1,0.4_BSA_PEG_magnet_r1,10.5,3.495124749067966,1.6790674219861401,1.605492089985055,1.764155797052059,1.889632659082911,-0.08508837506591882
0.4,BSA,PEG,magnet,1,0.4_BSA_PEG_magnet_r1,12.0,3.985517636937195,1.806067915098905,1.8471069343795836,1.4588087882738245,2.1384107025576116,0.3472591268250804
0.4,BSA,PEG,magnet,1,0.4_BSA_PEG_magnet_r1,21.5,5.211499856610266,2.330366822603369,1.848883264699154,1.4109598583006928,3.362616591911112,0.9194069643026763
0.4,BSA,PEG,magnet,2,0.4_BSA_PEG_magnet_r2,0.0,1.2871057513914654,1.7209357527064821,2.119843476558902,1.7637731933560838,-0.8327377251674366,-0.04283744064960171
0.4,BSA,PEG,magnet,2,0.4_BSA_PEG_magnet_r2,1.0,1.0208719851576988,1.7280389538410201,1.7719382705870352,1.2140743915383292,-0.7510662854293364,0.5139645623026909
0.4,BSA,PEG,magnet,2,0.4_BSA_PEG_magnet_r2,2.0,1.2871057513914654,2.053285096756788,1.8546804016733667,1.2326398108848968,-0.5675746502819012,0.8206452858718913
0.4,BSA,PEG,magnet,2,0.4_BSA_PEG_magnet_r2,3.0,0.7546382189239336,2.037216953833361,1.6912931092967127,1.2127519402332192,-0.9366548903727792,0.8244650136001419
0.4,BSA,PEG,magnet,2,0.4_BSA_PEG_magnet_r2,4.0,0.7546382189239336,1.711154599157331,1.3638772455905264,1.5506026002170021,-0.6092390266665928,0.1605519989403288
0.4,BSA,PEG,magnet,2,0.4_BSA_PEG_magnet_r2,5.0,1.0208719851576988,1.4727570308067375,5.525132656845938,2.2438907356275117,-4.504260671688239,-0.7711337048207743
0.4,BSA,PEG,magnet,2,0.4_BSA_PEG_magnet_r2,6.0,1.0208719851576988,1.4443955694602837,3.863877245590526,1.9767234353637508,-2.843005260432827,-0.5323278659034671
0.4,BSA,PEG,magnet,2,0.4_BSA_PEG_magnet_r2,7.5,1.2871057513914654,1.2790654914671786,3.863877245590526,1.9326197704428416,-2.5767714941990607,-0.653554278975663
0.4,BSA,PEG,magnet,2,0.4_BSA_PEG_magnet_r2,9.0,1.8195732838589973,1.3961336302451304,3.94420176740441,1.9898690045188276,-2.1246284835454126,-0.5937353742736973
0.4,BSA,PEG,magnet,2,0.4_BSA_PEG_magnet_r2,10.5,2.3520408163265305,1.5304837935287856,1.605492089985055,1.764155797052059,0.7465487263414754,-0.23367200352327333
0.4,BSA,PEG,magnet,2,0.4_BSA_PEG_magnet_r2,12.0,3.1507421150278287,1.715272813499522,1.8471069343795836,1.4588087882738245,1.3036351806482451,0.25646402522569756
0.4,BSA,PEG,magnet,2,0.4_BSA_PEG_magnet_r2,21.5,3.9494434137291274,1.8204992062155176,1.848883264699154,1.4109598583006928,2.1005601490299735,0.4095393479148248
0.4,BSA,PEG,magnet,3,0.4_BSA_PEG_magnet_r3,0.0,8.82591093117409,2.9799825986799924,2.119843476558902,1.7637731933560838,6.706067454615187,1.2162094053239085
0.4,BSA,PEG,magnet,3,0.4_BSA_PEG_magnet_r3,1.0,1.5384615384615385,1.1015284645989698,1.7719382705870352,1.2140743915383292,-0.2334767321254967,-0.11254592693935939
0.4,BSA,PEG,magnet,3,0.4_BSA_PEG_magnet_r3,2.0,2.5101214574898787,1.6948076034766903,1.8546804016733667,1.2326398108848968,0.655441055816512,0.4621677925917935
0.4,BSA,PEG,magnet,3,0.4_BSA_PEG_magnet_r3,3.0,1.7813765182186234,1.4422938416128375,1.6912931092967127,1.2127519402332192,0.09008340892191069,0.22954190137961827
0.4,BSA,PEG,magnet,3,0.4_BSA_PEG_magnet_r3,4.0,2.5101214574898787,1.5476722935895377,1.3638772455905264,1.5506026002170021,1.1462442118993523,-0.0029303066274644074
0.4,BSA,PEG,magnet,3,0.4_BSA_PEG_magnet_r3,5.0,2.9959514170040484,1.7945474250572353,5.525132656845938,2.2438907356275117,-2.5291812398418894,-0.44934331057027643
0.4,BSA,PEG,magnet,3,0.4_BSA_PEG_magnet_r3,6.0,3.2388663967611335,1.8675750967049525,3.863877245590526,1.9767234353637508,-0.6250108488293926,-0.10914833865879836
0.4,BSA,PEG,magnet,3,0.4_BSA_PEG_magnet_r3,7.5,8.82591093117409,2.20140973024859,3.863877245590526,1.9326197704428416,4.962033685583563,0.2687899598057484
0.4,BSA,PEG,magnet,3,0.4_BSA_PEG_magnet_r3,9.0,3.967611336032389,1.9808780922108877,3.94420176740441,1.9898690045188276,0.02340956862797894,-0.008990912307939913
0.4,BSA,PEG,magnet,3,0.4_BSA_PEG_magnet_r3,10.5,3.967611336032389,1.9999152371573754,1.605492089985055,1.764155797052059,2.3621192460473335,0.23575944010531646
0.4,BSA,PEG,magnet,3,0.4_BSA_PEG_magnet_r3,12.0,8.82591093117409,2.2636612281973876,1.8471069343795836,1.4588087882738245,6.978803996794506,0.804852439923563
0.4,BSA,PEG,magnet,3,0.4_BSA_PEG_magnet_r3,21.5,2.9959514170040484,1.892449595534942,1.848883264699154,1.4109598583006928,1.1470681523048945,0.48148973723424926
0.4,non-BSA,COOH,control,1,0.4_non-BSA_COOH_control_r1,0.0,1.7618181818181824,1.267913556779953,2.6002061403999384,1.5540165919050395,-0.838387958581756,-0.2861030351250864
0.4,non-BSA,COOH,control,1,0.4_non-BSA_COOH_control_r1,1.0,3.2236363636363636,1.7546086920321327,2.935758638433057,1.60750201471879,0.2878777252033067,0.1471066773133427
0.4,non-BSA,COOH,control,1,0.4_non-BSA_COOH_control_r1,2.0,1.5181818181818176,1.0926101500831928,3.2310285393618723,1.6687933437991527,-1.7128467211800547,-0.5761831937159598
0.4,non-BSA,COOH,control,1,0.4_non-BSA_COOH_control_r1,3.0,1.7618181818181824,1.1446773420341898,3.535915205953966,1.7423244798780086,-1.7740970241357836,-0.5976471378438188
0.4,non-BSA,COOH,control,1,0.4_non-BSA_COOH_control_r1,4.0,2.005454545454545,1.1646556149292338,4.727991412836373,2.0235806376500416,-2.7225368673818284,-0.8589250227208078
0.4,non-BSA,COOH,control,1,0.4_non-BSA_COOH_control_r1,5.0,1.7618181818181824,1.0928642092113512,4.012557785309723,1.8505010057288125,-2.2507396034915406,-0.7576367965174613
0.4,non-BSA,COOH,control,1,0.4_non-BSA_COOH_control_r1,6.0,2.7363636363636363,1.4607281849532197,4.570845311736783,2.11101720694425,-1.834481675373147,-0.6502890219910304
0.4,non-BSA,COOH,control,1,0.4_non-BSA_COOH_control_r1,7.5,2.005454545454545,1.266181094032014,4.17353581962109,1.9229467232654536,-2.1680812741665454,-0.6567656292334396
0.4,non-BSA,COOH,control,1,0.4_non-BSA_COOH_control_r1,9.0,1.5181818181818176,1.352372032509118,4.489707055792326,2.0592199764689796,-2.971525237610509,-0.7068479439598616
0.4,non-BSA,COOH,control,1,0.4_non-BSA_COOH_control_r1,10.5,2.7363636363636363,1.477197101516133,4.331547572439044,1.9534599614146941,-1.5951839360754079,-0.4762628598985612
0.4,non-BSA,COOH,control,1,0.4_non-BSA_COOH_control_r1,12.0,2.4927272727272727,1.4598066381645902,4.330101364326169,1.958906051980556,-1.8373740915988965,-0.4990994138159657
0.4,non-BSA,COOH,control,1,0.4_non-BSA_COOH_control_r1,21.5,2.4927272727272727,1.35189943239706,4.094709423507872,1.8647174790446854,-1.6019821507805996,-0.5128180466476255
0.4,non-BSA,COOH,control,2,0.4_non-BSA_COOH_control_r2,0.0,2.8034707540521486,1.6220035173279979,2.6002061403999384,1.5540165919050395,0.20326461365221027,0.06798692542295837
0.4,non-BSA,COOH,control,2,0.4_non-BSA_COOH_control_r2,1.0,1.8697145877378438,1.1909001513890753,2.935758638433057,1.60750201471879,-1.0660440506952131,-0.4166018633297146
0.4,non-BSA,COOH,control,2,0.4_non-BSA_COOH_control_r2,2.0,3.503787878787878,2.0074022441106507,3.2310285393618723,1.6687933437991527,0.2727593394260057,0.33860890031149804
0.4,non-BSA,COOH,control,2,0.4_non-BSA_COOH_control_r2,3.0,5.371300211416489,2.277490183157373,3.535915205953966,1.7423244798780086,1.8353850054625234,0.5351657032793644
0.4,non-BSA,COOH,control,2,0.4_non-BSA_COOH_control_r2,4.0,6.071617336152219,2.5659773927317673,4.727991412836373,2.0235806376500416,1.3436259233158454,0.5423967550817257
0.4,non-BSA,COOH,control,2,0.4_non-BSA_COOH_control_r2,5.0,5.604739252995066,2.457499635520964,4.012557785309723,1.8505010057288125,1.592181467685343,0.6069986297921517
0.4,non-BSA,COOH,control,2,0.4_non-BSA_COOH_control_r2,6.0,6.305056377730795,2.5597865159117954,4.570845311736783,2.11101720694425,1.7342110659940113,0.4487693089675453
0.4,non-BSA,COOH,control,2,0.4_non-BSA_COOH_control_r2,7.5,5.604739252995066,2.4974116714773245,4.17353581962109,1.9229467232654536,1.4312034333739758,0.5744649482118709
0.4,non-BSA,COOH,control,2,0.4_non-BSA_COOH_control_r2,9.0,5.604739252995066,2.4463765122282655,4.489707055792326,2.0592199764689796,1.1150321972027397,0.3871565357592859
0.4,non-BSA,COOH,control,2,0.4_non-BSA_COOH_control_r2,10.5,6.305056377730795,2.5611343922604464,4.331547572439044,1.9534599614146941,1.9735088052917504,0.6076744308457522
0.4,non-BSA,COOH,control,2,0.4_non-BSA_COOH_control_r2,12.0,6.305056377730795,2.5538572468609,4.330101364326169,1.958906051980556,1.9749550134046254,0.5949511948803441
0.4,non-BSA,COOH,control,2,0.4_non-BSA_COOH_control_r2,21.5,5.838178294573643,2.47055928134443,4.094709423507872,1.8647174790446854,1.7434688710657706,0.6058418022997447
0.4,non-BSA,COOH,control,3,0.4_non-BSA_COOH_control_r3,0.0,3.2353294853294843,1.772132701607167,2.6002061403999384,1.5540165919050395,0.6351233449295459,0.21811610970212758
0.4,non-BSA,COOH,control,3,0.4_non-BSA_COOH_control_r3,1.0,3.7139249639249634,1.8769972007351623,2.935758638433057,1.60750201471879,0.7781663254919065,0.26949518601637235
0.4,non-BSA,COOH,control,3,0.4_non-BSA_COOH_control_r3,2.0,4.671115921115921,1.9063676372036145,3.2310285393618723,1.6687933437991527,1.4400873817540485,0.2375742934044618
0.4,non-BSA,COOH,control,3,0.4_non-BSA_COOH_control_r3,3.0,3.474627224627225,1.8048059144424633,3.535915205953966,1.7423244798780086,-0.06128798132674085,0.06248143456445465
0.4,non-BSA,COOH,control,3,0.4_non-BSA_COOH_control_r3,4.0,6.106902356902355,2.340108905289124,4.727991412836373,2.0235806376500416,1.3789109440659812,0.3165282676390824
0.4,non-BSA,COOH,control,3,0.4_non-BSA_COOH_control_r3,5.0,4.671115921115921,2.001139172454122,4.012557785309723,1.8505010057288125,0.6585581358061976,0.15063816672530939
0.4,non-BSA,COOH,control,3,0.4_non-BSA_COOH_control_r3,6.0,4.671115921115921,2.312536919967736,4.570845311736783,2.11101720694425,0.10027060937913745,0.2015197130234858
0.4,non-BSA,COOH,control,3,0.4_non-BSA_COOH_control_r3,7.5,4.910413660413661,2.0052474042870227,4.17353581962109,1.9229467232654536,0.7368778407925705,0.08230068102156918
0.4,non-BSA,COOH,control,3,0.4_non-BSA_COOH_control_r3,9.0,6.3462000962000955,2.3789113846695553,4.489707055792326,2.0592199764689796,1.856493040407769,0.31969140820057573
0.4,non-BSA,COOH,control,3,0.4_non-BSA_COOH_control_r3,10.5,3.9532227032227016,1.8220483904675033,4.331547572439044,1.9534599614146941,-0.37832486921634256,-0.1314115709471908
0.4,non-BSA,COOH,control,3,0.4_non-BSA_COOH_control_r3,12.0,4.1925204425204425,1.8630542709161781,4.330101364326169,1.958906051980556,-0.13758092180572667,-0.09585178106437775
0.4,non-BSA,COOH,control,3,0.4_non-BSA_COOH_control_r3,21.5,3.9532227032227016,1.7716937233925658,4.094709423507872,1.8647174790446854,-0.14148672028517062,-0.09302375565211962
0.4,non-BSA,COOH,magnet,1,0.4_non-BSA_COOH_magnet_r1,0.0,1.6817287043664997,1.3897181997389674,2.6002061403999384,1.5540165919050395,-0.9184774360334387,-0.16429839216607212
0.4,non-BSA,COOH,magnet,1,0.4_non-BSA_COOH_magnet_r1,1.0,1.9206335003579096,1.3922439600914152,2.935758638433057,1.60750201471879,-1.0151251380751474,-0.2152580546273748
0.4,non-BSA,COOH,magnet,1,0.4_non-BSA_COOH_magnet_r1,2.0,1.9206335003579096,1.3294749212158836,3.2310285393618723,1.6687933437991527,-1.3103950390039627,-0.33931842258326905
0.4,non-BSA,COOH,magnet,1,0.4_non-BSA_COOH_magnet_r1,3.0,1.4428239083750898,1.2767355890371925,3.535915205953966,1.7423244798780086,-2.0930912975788765,-0.4655888908408161
0.4,non-BSA,COOH,magnet,1,0.4_non-BSA_COOH_magnet_r1,4.0,1.4428239083750898,1.1671989847906385,4.727991412836373,2.0235806376500416,-3.285167504461284,-0.856381652859403
0.4,non-BSA,COOH,magnet,1,0.4_non-BSA_COOH_magnet_r1,5.0,2.3984430923407305,1.4193524986815813,4.012557785309723,1.8505010057288125,-1.6141146929689927,-0.4311485070472312
0.4,non-BSA,COOH,magnet,1,0.4_non-BSA_COOH_magnet_r1,6.0,2.8762526843235507,1.5404751154184384,4.570845311736783,2.11101720694425,-1.6945926274132326,-0.5705420915258117
0.4,non-BSA,COOH,magnet,1,0.4_non-BSA_COOH_magnet_r1,7.5,3.1151574803149606,1.6578315296647264,4.17353581962109,1.9229467232654536,-1.0583783393061297,-0.2651151936007272
0.4,non-BSA,COOH,magnet,1,0.4_non-BSA_COOH_magnet_r1,9.0,3.5929670722977805,1.8414526529603539,4.489707055792326,2.0592199764689796,-0.896739983494546,-0.2177673235086257
0.4,non-BSA,COOH,magnet,1,0.4_non-BSA_COOH_magnet_r1,10.5,4.309681460272013,1.9886302762962524,4.331547572439044,1.9534599614146941,-0.021866112167031382,0.03517031488155831
0.4,non-BSA,COOH,magnet,1,0.4_non-BSA_COOH_magnet_r1,12.0,4.5485862562634205,1.9277856812019976,4.330101364326169,1.958906051980556,0.2184848919372513,-0.031120370778558337
0.4,non-BSA,COOH,magnet,1,0.4_non-BSA_COOH_magnet_r1,21.5,3.5929670722977805,1.6078928035404831,4.094709423507872,1.8647174790446854,-0.5017423512100918,-0.2568246755042023
0.4,non-BSA,COOH,magnet,2,0.4_non-BSA_COOH_magnet_r2,0.0,1.5096768465909094,1.245579842778749,2.6002061403999384,1.5540165919050395,-1.090529293809029,-0.3084367491262905
0.4,non-BSA,COOH,magnet,2,0.4_non-BSA_COOH_magnet_r2,1.0,1.5096768465909094,1.2231146603346783,2.935758638433057,1.60750201471879,-1.4260817918421476,-0.38438735438411165
0.4,non-BSA,COOH,magnet,2,0.4_non-BSA_COOH_magnet_r2,2.0,1.9837535511363635,1.268522107779795,3.2310285393618723,1.6687933437991527,-1.2472749882255088,-0.40027123601935766
0.4,non-BSA,COOH,magnet,2,0.4_non-BSA_COOH_magnet_r2,3.0,1.9837535511363635,1.2505223669398766,3.535915205953966,1.7423244798780086,-1.5521616548176025,-0.49180211293813203
0.4,non-BSA,COOH,magnet,2,0.4_non-BSA_COOH_magnet_r2,4.0,2.457830255681819,1.3512907844307063,4.727991412836373,2.0235806376500416,-2.2701611571545546,-0.6722898532193353
0.4,non-BSA,COOH,magnet,2,0.4_non-BSA_COOH_magnet_r2,5.0,2.931906960227273,1.483874529932792,4.012557785309723,1.8505010057288125,-1.0806508250824503,-0.3666264757960205
0.4,non-BSA,COOH,magnet,2,0.4_non-BSA_COOH_magnet_r2,6.0,2.931906960227273,1.5615049890205355,4.570845311736783,2.11101720694425,-1.6389383515095104,-0.5495122179237146
0.4,non-BSA,COOH,magnet,2,0.4_non-BSA_COOH_magnet_r2,7.5,3.405983664772727,1.6898559081607833,4.17353581962109,1.9229467232654536,-0.7675521548483633,-0.23309081510467022
0.4,non-BSA,COOH,magnet,2,0.4_non-BSA_COOH_magnet_r2,9.0,3.643022017045454,1.8041513750431033,4.489707055792326,2.0592199764689796,-0.8466850387468723,-0.2550686014258763
0.4,non-BSA,COOH,magnet,2,0.4_non-BSA_COOH_magnet_r2,10.5,3.880060369318181,1.9209949475277195,4.331547572439044,1.9534599614146941,-0.451487203120863,-0.03246501388697465
0.4,non-BSA,COOH,magnet,2,0.4_non-BSA_COOH_magnet_r2,12.0,4.117098721590909,2.021739290714774,4.330101364326169,1.958906051980556,-0.21300264273526004,0.06283323873421831
0.4,non-BSA,COOH,magnet,2,0.4_non-BSA_COOH_magnet_r2,21.5,4.117098721590909,2.0503643608883144,4.094709423507872,1.8647174790446854,0.022389298083036913,0.18564688184362899
0.4,non-BSA,COOH,magnet,3,0.4_non-BSA_COOH_magnet_r3,0.0,1.8683416193181812,1.3537540561198929,2.6002061403999384,1.5540165919050395,-0.7318645210817571,-0.20026253578514663
0.4,non-BSA,COOH,magnet,3,0.4_non-BSA_COOH_magnet_r3,1.0,2.590110085227273,1.4306232312576657,2.935758638433057,1.60750201471879,-0.345648553205784,-0.1768787834611243
0.4,non-BSA,COOH,magnet,3,0.4_non-BSA_COOH_magnet_r3,2.0,2.8306995738636367,1.4935469955287235,3.2310285393618723,1.6687933437991527,-0.4003289654982356,-0.17524634827042918
0.4,non-BSA,COOH,magnet,3,0.4_non-BSA_COOH_magnet_r3,3.0,3.0712890625,1.5403891219901527,3.535915205953966,1.7423244798780086,-0.464626143453966,-0.201935357887856
0.4,non-BSA,COOH,magnet,3,0.4_non-BSA_COOH_magnet_r3,4.0,3.0712890625,1.510721708761271,4.727991412836373,2.0235806376500416,-1.6567023503363734,-0.5128589288887706
0.4,non-BSA,COOH,magnet,3,0.4_non-BSA_COOH_magnet_r3,5.0,2.590110085227273,1.369945845972142,4.012557785309723,1.8505010057288125,-1.4224477000824503,-0.4805551597566704
0.4,non-BSA,COOH,magnet,3,0.4_non-BSA_COOH_magnet_r3,6.0,3.3118785511363633,1.71581190399866,4.570845311736783,2.11101720694425,-1.25896676060042,-0.3952053029455902
0.4,non-BSA,COOH,magnet,3,0.4_non-BSA_COOH_magnet_r3,7.5,3.3118785511363633,1.8539071006718686,4.17353581962109,1.9229467232654536,-0.861657268484727,-0.06903962259358498
0.4,non-BSA,COOH,magnet,3,0.4_non-BSA_COOH_magnet_r3,9.0,3.552468039772727,2.006279422958625,4.489707055792326,2.0592199764689796,-0.9372390160195994,-0.05294055351035443
0.4,non-BSA,COOH,magnet,3,0.4_non-BSA_COOH_magnet_r3,10.5,3.7930575284090917,1.9624188213012568,4.331547572439044,1.9534599614146941,-0.5384900440299525,0.008958859886562642
0.4,non-BSA,COOH,magnet,3,0.4_non-BSA_COOH_magnet_r3,12.0,4.5148259943181825,2.3234062747658037,4.330101364326169,1.958906051980556,0.18472462999201333,0.36450022278524785
0.4,non-BSA,COOH,magnet,3,0.4_non-BSA_COOH_magnet_r3,21.5,4.274236505681818,2.3511425862351962,4.094709423507872,1.8647174790446854,0.17952708217394608,0.4864251071905108
0.4,non-BSA,PEG,control,1,0.4_non-BSA_PEG_control_r1,0.0,0.6632053291536046,1.2121944619107377,1.8876156944852889,1.3694534351204106,-1.2244103653316842,-0.15725897320967297
0.4,non-BSA,PEG,control,1,0.4_non-BSA_PEG_control_r1,1.0,2.005289968652038,1.4061980355048989,2.260507693111545,1.3596637002296743,-0.2552177244595071,0.04653433527522455
0.4,non-BSA,PEG,control,1,0.4_non-BSA_PEG_control_r1,2.0,1.2000391849529783,1.2992645208219387,1.830920236394271,1.264353782875138,-0.6308810514412926,0.03491073794680055
0.4,non-BSA,PEG,control,1,0.4_non-BSA_PEG_control_r1,3.0,0.931622257053292,1.1887804309917445,2.0699047012651226,1.3110761937947855,-1.1382824442118307,-0.122295762803041
0.4,non-BSA,PEG,control,1,0.4_non-BSA_PEG_control_r1,4.0,1.2000391849529783,0.9509456938167763,2.0849074626917967,1.1976900376140502,-0.8848682777388184,-0.24674434379727395
0.4,non-BSA,PEG,control,1,0.4_non-BSA_PEG_control_r1,5.0,0.931622257053292,0.8229750293792971,1.9148498889831072,1.1372654776480566,-0.9832276319298151,-0.3142904482687595
0.4,non-BSA,PEG,control,1,0.4_non-BSA_PEG_control_r1,6.0,1.2000391849529783,0.9977479953125621,2.171608443636163,1.237701704327858,-0.9715692586831846,-0.2399537090152959
0.4,non-BSA,PEG,control,1,0.4_non-BSA_PEG_control_r1,7.5,1.2000391849529783,1.01179353739388,2.574534765680132,1.3527589316553679,-1.3744955807271537,-0.34096539426148786
0.4,non-BSA,PEG,control,1,0.4_non-BSA_PEG_control_r1,9.0,0.6632053291536046,1.2167401895959247,2.4731175532213485,1.4915814292186633,-1.8099122240677439,-0.27484123962273865
0.4,non-BSA,PEG,control,1,0.4_non-BSA_PEG_control_r1,10.5,1.2000391849529783,0.9842930823878495,2.73570529449772,1.4573973176181028,-1.5356661095447415,-0.47310423523025324
0.4,non-BSA,PEG,control,1,0.4_non-BSA_PEG_control_r1,12.0,1.4684561128526645,1.0965304752094809,2.261080752936058,1.3193587960558826,-0.7926246400833936,-0.2228283208464017
0.4,non-BSA,PEG,control,1,0.4_non-BSA_PEG_control_r1,21.5,1.4684561128526645,1.480148098502093,1.6786367524677843,1.3583433949365027,-0.2101806396151198,0.12180470356559026
0.4,non-BSA,PEG,control,2,0.4_non-BSA_PEG_control_r2,0.0,3.2013146167557935,1.6208458201658713,1.8876156944852889,1.3694534351204106,1.3136989222705047,0.2513923850454607
0.4,non-BSA,PEG,control,2,0.4_non-BSA_PEG_control_r2,1.0,2.4760472370766484,1.3817619419076819,2.260507693111545,1.3596637002296743,0.21553954396510333,0.022098241678007557
0.4,non-BSA,PEG,control,2,0.4_non-BSA_PEG_control_r2,2.0,1.9925356506238863,1.2601238488571234,1.830920236394271,1.264353782875138,0.16161541422961534,-0.004229934018014747
0.4,non-BSA,PEG,control,2,0.4_non-BSA_PEG_control_r2,3.0,2.4760472370766484,1.3362311370658826,2.0699047012651226,1.3110761937947855,0.4061425358115258,0.02515494327109713
0.4,non-BSA,PEG,control,2,0.4_non-BSA_PEG_control_r2,4.0,1.7507798573975046,1.1349943480603102,2.0849074626917967,1.1976900376140502,-0.3341276052942921,-0.06269568955374005
0.4,non-BSA,PEG,control,2,0.4_non-BSA_PEG_control_r2,5.0,1.5090240641711228,1.0968760705385152,1.9148498889831072,1.1372654776480566,-0.40582582481198437,-0.04038940710954142
0.4,non-BSA,PEG,control,2,0.4_non-BSA_PEG_control_r2,6.0,1.5090240641711228,1.0614230925170867,2.171608443636163,1.237701704327858,-0.6625843794650401,-0.1762786118107713
0.4,non-BSA,PEG,control,2,0.4_non-BSA_PEG_control_r2,7.5,2.71780303030303,1.3654924335572887,2.574534765680132,1.3527589316553679,0.14326826462289777,0.012733501901920796
0.4,non-BSA,PEG,control,2,0.4_non-BSA_PEG_control_r2,9.0,3.2013146167557935,1.6154141678869638,2.4731175532213485,1.4915814292186633,0.728197063534445,0.12383273866830047
0.4,non-BSA,PEG,control,2,0.4_non-BSA_PEG_control_r2,10.5,3.2013146167557935,1.6554633234711191,2.73570529449772,1.4573973176181028,0.4656093222580737,0.19806600585301637
0.4,non-BSA,PEG,control,2,0.4_non-BSA_PEG_control_r2,12.0,1.5090240641711228,1.1867421879611173,2.261080752936058,1.3193587960558826,-0.7520566887649354,-0.13261660809476528
0.4,non-BSA,PEG,control,2,0.4_non-BSA_PEG_control_r2,21.5,1.2672682709447411,1.0983642035267769,1.6786367524677843,1.3583433949365027,-0.4113684815230432,-0.2599791914097258
0.4,non-BSA,PEG,control,3,0.4_non-BSA_PEG_control_r3,0.0,1.7983271375464684,1.2753200232846225,1.8876156944852889,1.3694534351204106,-0.08928855693882043,-0.09413341183578816
0.4,non-BSA,PEG,control,3,0.4_non-BSA_PEG_control_r3,1.0,2.300185873605948,1.2910311232764418,2.260507693111545,1.3596637002296743,0.03967818049440286,-0.06863257695323255
0.4,non-BSA,PEG,control,3,0.4_non-BSA_PEG_control_r3,2.0,2.300185873605948,1.2336729789463527,1.830920236394271,1.264353782875138,0.469265637211677,-0.03068080392878536
0.4,non-BSA,PEG,control,3,0.4_non-BSA_PEG_control_r3,3.0,2.8020446096654275,1.4082170133267293,2.0699047012651226,1.3110761937947855,0.7321399084003049,0.09714081953194387
0.4,non-BSA,PEG,control,3,0.4_non-BSA_PEG_control_r3,4.0,3.3039033457249074,1.507130070965064,2.0849074626917967,1.1976900376140502,1.2189958830331107,0.30944003335101367
0.4,non-BSA,PEG,control,3,0.4_non-BSA_PEG_control_r3,5.0,3.3039033457249074,1.4919453330263572,1.9148498889831072,1.1372654776480566,1.3890534567418003,0.3546798553783006
0.4,non-BSA,PEG,control,3,0.4_non-BSA_PEG_control_r3,6.0,3.805762081784387,1.653934025153925,2.171608443636163,1.237701704327858,1.634153638148224,0.416232320826067
0.4,non-BSA,PEG,control,3,0.4_non-BSA_PEG_control_r3,7.5,3.805762081784387,1.6809908240149352,2.574534765680132,1.3527589316553679,1.2312273161042548,0.3282318923595673
0.4,non-BSA,PEG,control,3,0.4_non-BSA_PEG_control_r3,9.0,3.554832713754647,1.6425899301731017,2.4731175532213485,1.4915814292186633,1.0817151605332986,0.1510085009544384
0.4,non-BSA,PEG,control,3,0.4_non-BSA_PEG_control_r3,10.5,3.805762081784387,1.7324355469953399,2.73570529449772,1.4573973176181028,1.070056787286667,0.2750382293772371
0.4,non-BSA,PEG,control,3,0.4_non-BSA_PEG_control_r3,12.0,3.805762081784387,1.674803724997049,2.261080752936058,1.3193587960558826,1.5446813288483288,0.3554449289411665
0.4,non-BSA,PEG,control,3,0.4_non-BSA_PEG_control_r3,21.5,2.300185873605948,1.496517882780638,1.6786367524677843,1.3583433949365027,0.6215491211381636,0.13817448784413533
0.4,non-BSA,PEG,magnet,1,0.4_non-BSA_PEG_magnet_r1,0.0,2.214577414772727,1.7561344502638703,1.8876156944852889,1.3694534351204106,0.3269617202874382,0.38668101514345965
0.4,non-BSA,PEG,magnet,1,0.4_non-BSA_PEG_magnet_r1,1.0,3.134321732954546,1.7256775291713773,2.260507693111545,1.3596637002296743,0.8738140398430008,0.366013828941703
0.4,non-BSA,PEG,magnet,1,0.4_non-BSA_PEG_magnet_r1,2.0,2.214577414772727,1.7160071670692356,1.830920236394271,1.264353782875138,0.38365717837845614,0.4516533841940975
0.4,non-BSA,PEG,magnet,1,0.4_non-BSA_PEG_magnet_r1,3.0,2.214577414772727,1.665808208481996,2.0699047012651226,1.3110761937947855,0.14467271350760447,0.3547320146872106
0.4,non-BSA,PEG,magnet,1,0.4_non-BSA_PEG_magnet_r1,4.0,2.444513494318181,1.7412054259408007,2.0849074626917967,1.1976900376140502,0.3596060316263845,0.5435153883267505
0.4,non-BSA,PEG,magnet,1,0.4_non-BSA_PEG_magnet_r1,5.0,2.9043856534090917,1.764607912818462,1.9148498889831072,1.1372654776480566,0.9895357644259846,0.6273424351704053
0.4,non-BSA,PEG,magnet,1,0.4_non-BSA_PEG_magnet_r1,6.0,3.3642578125,1.8528242243266242,2.171608443636163,1.237701704327858,1.192649368863837,0.6151225199987662
0.4,non-BSA,PEG,magnet,1,0.4_non-BSA_PEG_magnet_r1,7.5,3.594193892045454,1.8982475197315396,2.574534765680132,1.3527589316553679,1.019659126365322,0.5454885880761717
0.4,non-BSA,PEG,magnet,1,0.4_non-BSA_PEG_magnet_r1,9.0,3.824129971590909,1.9442185587232044,2.4731175532213485,1.4915814292186633,1.3510124183695607,0.45263712950454105
0.4,non-BSA,PEG,magnet,1,0.4_non-BSA_PEG_magnet_r1,10.5,4.054066051136365,2.0661674265123935,2.73570529449772,1.4573973176181028,1.3183607566386453,0.6087701088942907
0.4,non-BSA,PEG,magnet,1,0.4_non-BSA_PEG_magnet_r1,12.0,4.054066051136365,2.0729666598281233,2.261080752936058,1.3193587960558826,1.792985298200307,0.7536078637722408
0.4,non-BSA,PEG,magnet,1,0.4_non-BSA_PEG_magnet_r1,21.5,2.444513494318181,1.3615939279150928,1.6786367524677843,1.3583433949365027,0.7658767418503969,0.003250532978590126
0.4,non-BSA,PEG,magnet,2,0.4_non-BSA_PEG_magnet_r2,0.0,2.34605672105672,1.224489965950368,1.8876156944852889,1.3694534351204106,0.45844102657143115,-0.14496346917004255
0.4,non-BSA,PEG,magnet,2,0.4_non-BSA_PEG_magnet_r2,1.0,2.113927738927739,1.1825808122980441,2.260507693111545,1.3596637002296743,-0.1465799541838062,-0.17708288793163018
0.4,non-BSA,PEG,magnet,2,0.4_non-BSA_PEG_magnet_r2,2.0,1.8817987567987566,1.1171812841814743,1.830920236394271,1.264353782875138,0.050878520404485705,-0.14717249869366378
0.4,non-BSA,PEG,magnet,2,0.4_non-BSA_PEG_magnet_r2,3.0,2.113927738927739,1.1397368483825012,2.0699047012651226,1.3110761937947855,0.04402303766261628,-0.17133934541228424
0.4,non-BSA,PEG,magnet,2,0.4_non-BSA_PEG_magnet_r2,4.0,2.113927738927739,1.1864932807885202,2.0849074626917967,1.1976900376140502,0.029020276235942166,-0.011196756825530008
0.4,non-BSA,PEG,magnet,2,0.4_non-BSA_PEG_magnet_r2,5.0,2.34605672105672,1.2607316122536307,1.9148498889831072,1.1372654776480566,0.4312068320736129,0.1234661346055741
0.4,non-BSA,PEG,magnet,2,0.4_non-BSA_PEG_magnet_r2,6.0,2.5781857031857025,1.3400807091671996,2.171608443636163,1.237701704327858,0.4065772595495396,0.10237900483934159
0.4,non-BSA,PEG,magnet,2,0.4_non-BSA_PEG_magnet_r2,7.5,2.810314685314685,1.4223447688486655,2.574534765680132,1.3527589316553679,0.23577991963455291,0.06958583719329758
0.4,non-BSA,PEG,magnet,2,0.4_non-BSA_PEG_magnet_r2,9.0,3.0424436674436675,1.4809312605328515,2.4731175532213485,1.4915814292186633,0.5693261142223189,-0.010650168685811812
0.4,non-BSA,PEG,magnet,2,0.4_non-BSA_PEG_magnet_r2,10.5,3.2745726495726495,1.5683841938075296,2.73570529449772,1.4573973176181028,0.5388673550749297,0.11098687618942682
0.4,non-BSA,PEG,magnet,2,0.4_non-BSA_PEG_magnet_r2,12.0,3.2745726495726495,1.5759893598771766,2.261080752936058,1.3193587960558826,1.0134918966365913,0.256630563821294
0.4,non-BSA,PEG,magnet,2,0.4_non-BSA_PEG_magnet_r2,21.5,4.43521756021756,2.2062793909562832,1.6786367524677843,1.3583433949365027,2.756580807749776,0.8479359960197805
0.4,non-BSA,PEG,magnet,3,0.4_non-BSA_PEG_magnet_r3,0.0,1.183186026936027,1.2550572143781265,1.8876156944852889,1.3694534351204106,-0.7044296675492618,-0.11439622074228417
0.4,non-BSA,PEG,magnet,3,0.4_non-BSA_PEG_magnet_r3,1.0,0.9232954545454543,1.544781351821106,2.260507693111545,1.3596637002296743,-1.337212238566091,0.18511765159143168
0.4,non-BSA,PEG,magnet,3,0.4_non-BSA_PEG_magnet_r3,2.0,0.9232954545454543,0.9001038073655018,1.830920236394271,1.264353782875138,-0.9076247818488167,-0.36424997550963634
0.4,non-BSA,PEG,magnet,3,0.4_non-BSA_PEG_magnet_r3,3.0,0.9232954545454543,1.1370329733244302,2.0699047012651226,1.3110761937947855,-1.1466092467196685,-0.17404322047035525
0.4,non-BSA,PEG,magnet,3,0.4_non-BSA_PEG_magnet_r3,4.0,1.183186026936027,0.9109717750355691,2.0849074626917967,1.1976900376140502,-0.9017214357557697,-0.2867182625784811
0.4,non-BSA,PEG,magnet,3,0.4_non-BSA_PEG_magnet_r3,5.0,0.9232954545454543,1.0376936501761793,1.9148498889831072,1.1372654776480566,-0.9915544344376529,-0.09957182747187732
0.4,non-BSA,PEG,magnet,3,0.4_non-BSA_PEG_magnet_r3,6.0,0.9232954545454543,0.9662557718757453,2.171608443636163,1.237701704327858,-1.2483129890907088,-0.2714459324521127
0.4,non-BSA,PEG,magnet,3,0.4_non-BSA_PEG_magnet_r3,7.5,1.7029671717171715,1.0744755913356339,2.574534765680132,1.3527589316553679,-0.8715675939629606,-0.278283340319734
0.4,non-BSA,PEG,magnet,3,0.4_non-BSA_PEG_magnet_r3,9.0,1.4430765993266,1.040566165511965,2.4731175532213485,1.4915814292186633,-1.0300409538947486,-0.4510152637066984
0.4,non-BSA,PEG,magnet,3,0.4_non-BSA_PEG_magnet_r3,10.5,1.7029671717171715,1.1402467286856792,2.73570529449772,1.4573973176181028,-1.0327381227805483,-0.31715058893242354
0.4,non-BSA,PEG,magnet,3,0.4_non-BSA_PEG_magnet_r3,12.0,1.7029671717171715,1.1704837132567663,2.261080752936058,1.3193587960558826,-0.5581135812188867,-0.14887508279911632
0.4,non-BSA,PEG,magnet,3,0.4_non-BSA_PEG_magnet_r3,21.5,1.962857744107743,1.3621791634770983,1.6786367524677843,1.3583433949365027,0.28422099163995873,0.003835768540595641
0.6,BSA,COOH,control,1,0.6_BSA_COOH_control_r1,0.0,1.977377461248429,1.3490918726251482,2.508303799300004,1.544797774783922,-0.5309263380515752,-0.19570590215877393
0.6,BSA,COOH,control,1,0.6_BSA_COOH_control_r1,1.0,2.2203602848764143,1.3294253590185654,2.431116255660848,1.4117582511028823,-0.21075597078443353,-0.08233289208431693
0.6,BSA,COOH,control,1,0.6_BSA_COOH_control_r1,2.0,2.2203602848764143,1.441092667848807,2.74776372583773,1.5409590937242037,-0.5274034409613155,-0.09986642587539674
0.6,BSA,COOH,control,1,0.6_BSA_COOH_control_r1,3.0,2.4633431085043984,1.4964416913541447,3.224496379648182,1.7221928817394965,-0.7611532711437836,-0.22575119038535174
0.6,BSA,COOH,control,1,0.6_BSA_COOH_control_r1,4.0,2.2203602848764143,1.2509402285937863,2.668388982933575,1.366044323053661,-0.44802869805716083,-0.11510409445987468
0.6,BSA,COOH,control,1,0.6_BSA_COOH_control_r1,5.0,2.2203602848764143,1.306537448871878,2.668388982933575,1.3917455622965242,-0.44802869805716083,-0.08520811342464629
0.6,BSA,COOH,control,1,0.6_BSA_COOH_control_r1,6.0,1.4914118139924597,0.9329435958136421,2.346220638943599,1.3003610309267526,-0.8548088249511394,-0.36741743511311054
0.6,BSA,COOH,control,1,0.6_BSA_COOH_control_r1,7.5,1.0054461667364891,0.8690699734290945,2.1842320898582757,1.2385603996313257,-1.1787859231217865,-0.36949042620223116
0.6,BSA,COOH,control,1,0.6_BSA_COOH_control_r1,9.0,0.7624633431085052,1.1907644149182408,2.340888987672669,1.4859454588391274,-1.578425644564164,-0.2951810439208866
0.6,BSA,COOH,control,1,0.6_BSA_COOH_control_r1,10.5,2.2203602848764143,1.273363405802779,2.668388982933575,1.453040262690571,-0.44802869805716083,-0.179676856887792
0.6,BSA,COOH,control,1,0.6_BSA_COOH_control_r1,12.0,1.0054461667364891,1.3611520182982297,2.4217886509442486,1.4691427028549804,-1.4163424842077594,-0.10799068455675065
0.6,BSA,COOH,control,1,0.6_BSA_COOH_control_r1,21.5,2.4633431085043984,1.3800426949071862,3.0661253389242002,1.6461587133145832,-0.6027822304198018,-0.26611601840739696
0.6,BSA,COOH,control,2,0.6_BSA_COOH_control_r2,0.0,2.3925339366515836,1.5529857638546138,2.508303799300004,1.544797774783922,-0.11576986264842049,0.008187989070691737
0.6,BSA,COOH,control,2,0.6_BSA_COOH_control_r2,1.0,2.3925339366515836,1.363520807247673,2.431116255660848,1.4117582511028823,-0.03858231900926423,-0.04823744385520934
0.6,BSA,COOH,control,2,0.6_BSA_COOH_control_r2,2.0,3.1052036199095023,1.683948343244216,2.74776372583773,1.5409590937242037,0.35743989407177246,0.14298924952001224
0.6,BSA,COOH,control,2,0.6_BSA_COOH_control_r2,3.0,3.8178733031674206,2.0350321829968943,3.224496379648182,1.7221928817394965,0.5933769235192385,0.3128393012573978
0.6,BSA,COOH,control,2,0.6_BSA_COOH_control_r2,4.0,2.3925339366515836,1.3272214864101433,2.668388982933575,1.366044323053661,-0.27585504628199153,-0.03882283664351771
0.6,BSA,COOH,control,2,0.6_BSA_COOH_control_r2,5.0,2.3925339366515836,1.3446388603843815,2.668388982933575,1.3917455622965242,-0.27585504628199153,-0.04710670191214272
0.6,BSA,COOH,control,2,0.6_BSA_COOH_control_r2,6.0,2.1549773755656108,1.3561922169050897,2.346220638943599,1.3003610309267526,-0.19124326337798836,0.05583118597833714
0.6,BSA,COOH,control,2,0.6_BSA_COOH_control_r2,7.5,2.1549773755656108,1.2977941699667475,2.1842320898582757,1.2385603996313257,-0.029254714292664907,0.059233770335421765
0.6,BSA,COOH,control,2,0.6_BSA_COOH_control_r2,9.0,3.1052036199095023,1.7210732397562543,2.340888987672669,1.4859454588391274,0.7643146322368333,0.23512778091712683
0.6,BSA,COOH,control,2,0.6_BSA_COOH_control_r2,10.5,2.3925339366515836,1.4564804823850686,2.668388982933575,1.453040262690571,-0.27585504628199153,0.0034402196944975927
0.6,BSA,COOH,control,2,0.6_BSA_COOH_control_r2,12.0,2.8676470588235294,1.4767055579646249,2.4217886509442486,1.4691427028549804,0.4458584078792809,0.007562855109644495
0.6,BSA,COOH,control,2,0.6_BSA_COOH_control_r2,21.5,3.3427601809954752,1.8798678574810688,3.0661253389242002,1.6461587133145832,0.276634842071275,0.23370914416648558
0.6,BSA,COOH,control,3,0.6_BSA_COOH_control_r3,0.0,3.1550000000000002,1.7323156878720039,2.508303799300004,1.544797774783922,0.6466962006999961,0.18751791308808174
0.6,BSA,COOH,control,3,0.6_BSA_COOH_control_r3,1.0,2.680454545454545,1.5423285870424084,2.431116255660848,1.4117582511028823,0.24933828979369732,0.13057033593952605
0.6,BSA,COOH,control,3,0.6_BSA_COOH_control_r3,2.0,2.9177272727272725,1.4978362700795886,2.74776372583773,1.5409590937242037,0.16996354688954263,-0.04312282364461506
0.6,BSA,COOH,control,3,0.6_BSA_COOH_control_r3,3.0,3.3922727272727276,1.6351047708674507,3.224496379648182,1.7221928817394965,0.16777634762454552,-0.08708811087204582
0.6,BSA,COOH,control,3,0.6_BSA_COOH_control_r3,4.0,3.3922727272727276,1.5199712541570534,2.668388982933575,1.366044323053661,0.7238837443391524,0.1539269311033924
0.6,BSA,COOH,control,3,0.6_BSA_COOH_control_r3,5.0,3.3922727272727276,1.5240603776333133,2.668388982933575,1.3917455622965242,0.7238837443391524,0.13231481533678902
0.6,BSA,COOH,control,3,0.6_BSA_COOH_control_r3,6.0,3.3922727272727276,1.6119472800615258,2.346220638943599,1.3003610309267526,1.0460520883291284,0.3115862491347732
0.6,BSA,COOH,control,3,0.6_BSA_COOH_control_r3,7.5,3.3922727272727276,1.5488170554981346,2.1842320898582757,1.2385603996313257,1.208040637414452,0.31025665586680895
0.6,BSA,COOH,control,3,0.6_BSA_COOH_control_r3,9.0,3.1550000000000002,1.5459987218428872,2.340888987672669,1.4859454588391274,0.8141110123273312,0.060053263003759794
0.6,BSA,COOH,control,3,0.6_BSA_COOH_control_r3,10.5,3.3922727272727276,1.629276899883865,2.668388982933575,1.453040262690571,0.7238837443391524,0.17623663719329397
0.6,BSA,COOH,control,3,0.6_BSA_COOH_control_r3,12.0,3.3922727272727276,1.569570532302087,2.4217886509442486,1.4691427028549804,0.970484076328479,0.1004278294471066
0.6,BSA,COOH,control,3,0.6_BSA_COOH_control_r3,21.5,3.3922727272727276,1.6785655875554943,3.0661253389242002,1.6461587133145832,0.3261473883485273,0.032406874240911154
0.6,BSA,COOH,magnet,1,0.6_BSA_COOH_magnet_r1,0.0,2.5803291536050152,1.6863727350296298,2.508303799300004,1.544797774783922,0.07202535430501111,0.1415749602457077
0.6,BSA,COOH,magnet,1,0.6_BSA_COOH_magnet_r1,1.0,2.338166144200627,1.3769265536897841,2.431116255660848,1.4117582511028823,-0.0929501114602207,-0.03483169741309822
0.6,BSA,COOH,magnet,1,0.6_BSA_COOH_magnet_r1,2.0,2.822492163009404,1.899049195364876,2.74776372583773,1.5409590937242037,0.07472843717167432,0.35809010164067234
0.6,BSA,COOH,magnet,1,0.6_BSA_COOH_magnet_r1,3.0,1.6116771159874606,1.3821290161807729,3.224496379648182,1.7221928817394965,-1.6128192636607215,-0.3400638655587236
0.6,BSA,COOH,magnet,1,0.6_BSA_COOH_magnet_r1,4.0,2.5803291536050152,1.7420091177906274,2.668388982933575,1.366044323053661,-0.08805982932855994,0.3759647947369664
0.6,BSA,COOH,magnet,1,0.6_BSA_COOH_magnet_r1,5.0,2.0960031347962382,1.4851432514344103,2.668388982933575,1.3917455622965242,-0.572385848137337,0.09339768913788604
0.6,BSA,COOH,magnet,1,0.6_BSA_COOH_magnet_r1,6.0,2.338166144200627,1.5481711238269655,2.346220638943599,1.3003610309267526,-0.00805449474297193,0.24781009290021294
0.6,BSA,COOH,magnet,1,0.6_BSA_COOH_magnet_r1,7.5,2.5803291536050152,1.7529914791545955,2.1842320898582757,1.2385603996313257,0.3960970637467396,0.5144310795232698
0.6,BSA,COOH,magnet,1,0.6_BSA_COOH_magnet_r1,10.5,2.822492163009404,1.8104347626375374,2.668388982933575,1.453040262690571,0.15410318007582902,0.3573944999469665
0.6,BSA,COOH,magnet,1,0.6_BSA_COOH_magnet_r1,12.0,3.064655172413793,1.7905617688011641,2.4217886509442486,1.4691427028549804,0.6428665214695446,0.32141906594618375
0.6,BSA,COOH,magnet,1,0.6_BSA_COOH_magnet_r1,21.5,4.275470219435736,2.7170961345417504,3.0661253389242002,1.6461587133145832,1.2093448805115354,1.0709374212271672
0.6,BSA,COOH,magnet,2,0.6_BSA_COOH_magnet_r2,0.0,2.3955773955773956,1.4823281909379171,2.508303799300004,1.544797774783922,-0.11272640372260856,-0.062469583846004983
0.6,BSA,COOH,magnet,2,0.6_BSA_COOH_magnet_r2,1.0,2.8705978705978703,1.66897339389045,2.431116255660848,1.4117582511028823,0.4394816149370224,0.25721514278756774
0.6,BSA,COOH,magnet,2,0.6_BSA_COOH_magnet_r2,2.0,3.108108108108108,1.4207421434614842,2.74776372583773,1.5409590937242037,0.360344382270378,-0.1202169502627195
0.6,BSA,COOH,magnet,2,0.6_BSA_COOH_magnet_r2,3.0,2.8705978705978703,1.3535038396460863,3.224496379648182,1.7221928817394965,-0.3538985090503117,-0.36868904209341014
0.6,BSA,COOH,magnet,2,0.6_BSA_COOH_magnet_r2,4.0,1.6830466830466835,1.334029910466566,2.668388982933575,1.366044323053661,-0.9853422998868917,-0.03201441258709492
0.6,BSA,COOH,magnet,2,0.6_BSA_COOH_magnet_r2,5.0,1.4455364455364457,1.7529863000085593,2.668388982933575,1.3917455622965242,-1.2228525373971295,0.361240737712035
0.6,BSA,COOH,magnet,2,0.6_BSA_COOH_magnet_r2,6.0,2.3955773955773956,1.5718281987634062,2.346220638943599,1.3003610309267526,0.04935675663379646,0.2714671678366536
0.6,BSA,COOH,magnet,2,0.6_BSA_COOH_magnet_r2,7.5,3.108108108108108,1.7072658310545692,2.1842320898582757,1.2385603996313257,0.9238760182498322,0.4687054314232435
0.6,BSA,COOH,magnet,2,0.6_BSA_COOH_magnet_r2,9.0,4.0581490581490565,1.8281333996818192,2.340888987672669,1.4859454588391274,1.7172600704763874,0.3421879408426918
0.6,BSA,COOH,magnet,2,0.6_BSA_COOH_magnet_r2,10.5,4.0581490581490565,1.9192872174453077,2.668388982933575,1.453040262690571,1.3897600752154813,0.46624695475473676
0.6,BSA,COOH,magnet,2,0.6_BSA_COOH_magnet_r2,12.0,4.295659295659296,2.043969916331005,2.4217886509442486,1.4691427028549804,1.8738706447150473,0.5748272134760246
0.6,BSA,COOH,magnet,2,0.6_BSA_COOH_magnet_r2,21.5,3.82063882063882,1.8198571878612,3.0661253389242002,1.6461587133145832,0.75451348171462,0.1736984745466168
0.6,BSA,COOH,magnet,3,0.6_BSA_COOH_magnet_r3,0.0,3.1354166666666665,1.7716923300580005,2.508303799300004,1.544797774783922,0.6271128673666624,0.22689455527407842
0.6,BSA,COOH,magnet,3,0.6_BSA_COOH_magnet_r3,1.0,3.364583333333333,1.8054084915949524,2.431116255660848,1.4117582511028823,0.9334670776724852,0.3936502404920701
0.6,BSA,COOH,magnet,3,0.6_BSA_COOH_magnet_r3,2.0,2.677083333333333,1.6525376081147303,2.74776372583773,1.5409590937242037,-0.07068039250439684,0.11157851439052657
0.6,BSA,COOH,magnet,3,0.6_BSA_COOH_magnet_r3,3.0,2.21875,1.4697304356570944,3.224496379648182,1.7221928817394965,-1.005746379648182,-0.2524624460824021
0.6,BSA,COOH,magnet,3,0.6_BSA_COOH_magnet_r3,4.0,1.9895833333333333,1.4654895566346573,2.668388982933575,1.366044323053661,-0.6788056496002419,0.09944523358099633
0.6,BSA,COOH,magnet,3,0.6_BSA_COOH_magnet_r3,5.0,2.90625,1.8205617969077204,2.668388982933575,1.3917455622965242,0.23786101706642482,0.4288162346111961
0.6,BSA,COOH,magnet,3,0.6_BSA_COOH_magnet_r3,6.0,3.1354166666666665,1.8462184685904466,2.346220638943599,1.3003610309267526,0.7891960277230674,0.545857437663694
0.6,BSA,COOH,magnet,3,0.6_BSA_COOH_magnet_r3,7.5,3.59375,2.014685919778054,2.1842320898582757,1.2385603996313257,1.4095179101417243,0.7761255201467281
0.6,BSA,COOH,magnet,3,0.6_BSA_COOH_magnet_r3,9.0,3.8229166666666665,2.135380488934868,2.340888987672669,1.4859454588391274,1.4820276789939975,0.6494350300957408
0.6,BSA,COOH,magnet,3,0.6_BSA_COOH_magnet_r3,10.5,5.197916666666666,2.8666292299046705,2.668388982933575,1.453040262690571,2.529527683733091,1.4135889672140995
0.6,BSA,COOH,magnet,3,0.6_BSA_COOH_magnet_r3,12.0,5.427083333333333,2.9634254544850047,2.4217886509442486,1.4691427028549804,3.0052946823890845,1.4942827516300243
0.6,BSA,COOH,magnet,3,0.6_BSA_COOH_magnet_r3,21.5,4.739583333333333,2.3493975430044616,3.0661253389242002,1.6461587133145832,1.6734579944091328,0.7032388296898784
0.6,BSA,PEG,control,1,0.6_BSA_PEG_control_r1,0.0,2.378673957621325,1.44028984213022,2.5143007577218097,1.6291117268350206,-0.13562680010048478,-0.18882188470480066
0.6,BSA,PEG,control,1,0.6_BSA_PEG_control_r1,1.0,1.9138755980861242,1.1129606588374459,2.5167106285527336,1.4983110705783391,-0.6028350304666095,-0.38535041174089324
0.6,BSA,PEG,control,1,0.6_BSA_PEG_control_r1,2.0,2.843472317156527,1.5947404269255046,2.5878836076204497,1.5670727945242113,0.2555887095360774,0.02766763240129322
0.6,BSA,PEG,control,1,0.6_BSA_PEG_control_r1,3.0,1.9138755980861242,1.0874799335619374,2.1980074019547704,1.368350342697923,-0.2841318038686462,-0.2808704091359857
0.6,BSA,PEG,control,1,0.6_BSA_PEG_control_r1,4.0,1.6814764183185231,1.4332802834467053,2.2045695532537635,1.6614956812026112,-0.5230931349352403,-0.22821539775590582
0.6,BSA,PEG,control,1,0.6_BSA_PEG_control_r1,5.0,1.6814764183185231,1.4932710728108394,1.724505757400494,1.293669210314632,-0.04302933908197093,0.19960186249620748
0.6,BSA,PEG,control,1,0.6_BSA_PEG_control_r1,6.0,1.2166780587833224,1.336884200774565,1.8069262608736292,1.33547674965273,-0.5902482020903068,0.001407451121834935
0.6,BSA,PEG,control,1,0.6_BSA_PEG_control_r1,7.5,0.9842788790157213,1.888819576076955,1.572117210275105,1.4769271413792684,-0.5878383312593838,0.41189243469768666
0.6,BSA,PEG,control,1,0.6_BSA_PEG_control_r1,9.0,0.9842788790157213,2.1134074352851595,1.893499044814834,1.793198860416755,-0.9092201657991128,0.3202085748684045
0.6,BSA,PEG,control,1,0.6_BSA_PEG_control_r1,10.5,0.7518796992481203,2.5443485517953053,1.3346295517348148,1.6890287867808376,-0.5827498524866945,0.8553197650144677
0.6,BSA,PEG,control,1,0.6_BSA_PEG_control_r1,12.0,8.885850991114149,3.793283401060555,5.8567331791016,2.685159952442985,3.029117812012548,1.1081234486175702
0.6,BSA,PEG,control,1,0.6_BSA_PEG_control_r1,21.5,0.9842788790157213,1.6104824017753598,2.05134996582365,1.7524038361742322,-1.0670710868079287,-0.1419214343988724
0.6,BSA,PEG,control,2,0.6_BSA_PEG_control_r2,0.0,2.285839160839161,1.6207288289038788,2.5143007577218097,1.6291117268350206,-0.2284615968826489,-0.008382897931141775
0.6,BSA,PEG,control,2,0.6_BSA_PEG_control_r2,1.0,2.757867132867133,1.7188937431266376,2.5167106285527336,1.4983110705783391,0.24115650431439928,0.22058267254829844
0.6,BSA,PEG,control,2,0.6_BSA_PEG_control_r2,2.0,2.521853146853147,1.6034267428457922,2.5878836076204497,1.5670727945242113,-0.06603046076730257,0.0363539483215809
0.6,BSA,PEG,control,2,0.6_BSA_PEG_control_r2,3.0,2.521853146853147,1.6388970862466241,2.1980074019547704,1.368350342697923,0.3238457448983767,0.270546743548701
0.6,BSA,PEG,control,2,0.6_BSA_PEG_control_r2,4.0,1.813811188811189,1.418522941378571,2.2045695532537635,1.6614956812026112,-0.3907583644425745,-0.24297273982404022
0.6,BSA,PEG,control,2,0.6_BSA_PEG_control_r2,5.0,1.813811188811189,1.2367854575754647,1.724505757400494,1.293669210314632,0.08930543141069491,-0.05688375273916724
0.6,BSA,PEG,control,2,0.6_BSA_PEG_control_r2,6.0,2.285839160839161,1.4539187039188533,1.8069262608736292,1.33547674965273,0.47891289996553166,0.11844195426612325
0.6,BSA,PEG,control,2,0.6_BSA_PEG_control_r2,7.5,1.813811188811189,1.3332578417686294,1.572117210275105,1.4769271413792684,0.24169397853608388,-0.143669299610639
0.6,BSA,PEG,control,2,0.6_BSA_PEG_control_r2,9.0,1.577797202797203,1.1334476569499046,1.893499044814834,1.793198860416755,-0.3157018420176312,-0.6597512034668505
0.6,BSA,PEG,control,2,0.6_BSA_PEG_control_r2,10.5,1.813811188811189,1.3370678464926975,1.3346295517348148,1.6890287867808376,0.4791816370763742,-0.35196094028814007
0.6,BSA,PEG,control,2,0.6_BSA_PEG_control_r2,12.0,7.006118881118882,3.062708886650291,5.8567331791016,2.685159952442985,1.1493857020172813,0.3775489342073062
0.6,BSA,PEG,control,3,0.6_BSA_PEG_control_r3,0.0,2.878389154704944,1.8263165094709626,2.5143007577218097,1.6291117268350206,0.3640883969831341,0.197204782635942
0.6,BSA,PEG,control,3,0.6_BSA_PEG_control_r3,1.0,2.878389154704944,1.663078809770934,2.5167106285527336,1.4983110705783391,0.3616785261522102,0.1647677391925948
0.6,BSA,PEG,control,3,0.6_BSA_PEG_control_r3,2.0,2.3983253588516744,1.5030512138013377,2.5878836076204497,1.5670727945242113,-0.18955824876877525,-0.06402158072287367
0.6,BSA,PEG,control,3,0.6_BSA_PEG_control_r3,3.0,2.1582934609250395,1.3786740082852083,2.1980074019547704,1.368350342697923,-0.039713941029730915,0.010323665587285147
0.6,BSA,PEG,control,3,0.6_BSA_PEG_control_r3,4.0,3.1184210526315788,2.132683818782557,2.2045695532537635,1.6614956812026112,0.9138514993778153,0.4711881375799458
0.6,BSA,PEG,control,3,0.6_BSA_PEG_control_r3,5.0,1.6782296650717703,1.1509511005575916,1.724505757400494,1.293669210314632,-0.04627609232872376,-0.14271810975704025
0.6,BSA,PEG,control,3,0.6_BSA_PEG_control_r3,6.0,1.918261562998405,1.215627344264772,1.8069262608736292,1.33547674965273,0.11133530212477583,-0.11984940538795796
0.6,BSA,PEG,control,3,0.6_BSA_PEG_control_r3,7.5,1.918261562998405,1.2087040062922205,1.572117210275105,1.4769271413792684,0.3461443527232999,-0.26822313508704787
0.6,BSA,PEG,control,3,0.6_BSA_PEG_control_r3,9.0,3.1184210526315788,2.1327414890152006,1.893499044814834,1.793198860416755,1.2249220078167447,0.33954262859844553
0.6,BSA,PEG,control,3,0.6_BSA_PEG_control_r3,10.5,1.4381977671451354,1.18566996205451,1.3346295517348148,1.6890287867808376,0.10356821541032057,-0.5033588247263276
0.6,BSA,PEG,control,3,0.6_BSA_PEG_control_r3,12.0,1.6782296650717703,1.199487569618109,5.8567331791016,2.685159952442985,-4.17850351402983,-1.485672382824876
0.6,BSA,PEG,control,3,0.6_BSA_PEG_control_r3,21.5,3.1184210526315788,1.8943252705731046,2.05134996582365,1.7524038361742322,1.0670710868079287,0.1419214343988724
0.6,BSA,PEG,magnet,1,0.6_BSA_PEG_magnet_r1,0.0,2.785688207374955,1.8254354902099932,2.5143007577218097,1.6291117268350206,0.2713874496531452,0.1963237633749726
0.6,BSA,PEG,magnet,1,0.6_BSA_PEG_magnet_r1,1.0,2.084702446148229,1.6161856700730275,2.5167106285527336,1.4983110705783391,-0.43200818240450456,0.11787459949468837
0.6,BSA,PEG,magnet,1,0.6_BSA_PEG_magnet_r1,2.0,1.3837166849215035,1.2553913873129594,2.5878836076204497,1.5670727945242113,-1.2041669226989462,-0.3116814072112519
0.6,BSA,PEG,magnet,1,0.6_BSA_PEG_magnet_r1,3.0,1.6173786053304129,1.2607546396749854,2.1980074019547704,1.368350342697923,-0.5806287966243575,-0.10759570302293775
0.6,BSA,PEG,magnet,1,0.6_BSA_PEG_magnet_r1,4.0,1.6173786053304129,1.2822917436077221,2.2045695532537635,1.6614956812026112,-0.5871909479233506,-0.379203937594889
0.6,BSA,PEG,magnet,1,0.6_BSA_PEG_magnet_r1,5.0,1.851040525739321,1.3381546206571584,1.724505757400494,1.293669210314632,0.12653476833882693,0.04448541034252651
0.6,BSA,PEG,magnet,1,0.6_BSA_PEG_magnet_r1,6.0,2.084702446148229,1.3389965569260123,1.8069262608736292,1.33547674965273,0.2777761852745999,0.0035198072732822716
0.6,BSA,PEG,magnet,1,0.6_BSA_PEG_magnet_r1,7.5,3.019350127783863,1.658052117249791,1.572117210275105,1.4769271413792684,1.4472329175087577,0.18112497587052268
0.6,BSA,PEG,magnet,1,0.6_BSA_PEG_magnet_r1,9.0,3.253012048192771,1.7313549609760315,1.893499044814834,1.793198860416755,1.359513003377937,-0.06184389944072355
0.6,BSA,PEG,magnet,1,0.6_BSA_PEG_magnet_r1,10.5,4.421321650237313,2.317119400615057,1.3346295517348148,1.6890287867808376,3.086692098502498,0.6280906138342195
0.6,BSA,PEG,magnet,1,0.6_BSA_PEG_magnet_r1,12.0,3.7203358890105873,1.9444360727705148,5.8567331791016,2.685159952442985,-2.136397290091013,-0.7407238796724702
0.6,BSA,PEG,magnet,1,0.6_BSA_PEG_magnet_r1,21.5,5.589631252281855,2.457744986555626,2.05134996582365,1.7524038361742322,3.5382812864582047,0.7053411503813938
0.6,BSA,PEG,magnet,2,0.6_BSA_PEG_magnet_r2,0.0,2.299100217188955,1.5925964879888672,2.5143007577218097,1.6291117268350206,-0.21520054053285476,-0.036515238846153375
0.6,BSA,PEG,magnet,2,0.6_BSA_PEG_magnet_r2,1.0,2.299100217188955,1.6072200251558524,2.5167106285527336,1.4983110705783391,-0.21761041136377868,0.10890895457751326
0.6,BSA,PEG,magnet,2,0.6_BSA_PEG_magnet_r2,2.0,2.534905367669873,1.4623059443124813,2.5878836076204497,1.5670727945242113,-0.05297823995057671,-0.10476685021173004
0.6,BSA,PEG,magnet,2,0.6_BSA_PEG_magnet_r2,3.0,1.827489916227118,1.481519535895214,2.1980074019547704,1.368350342697923,-0.3705174857276523,0.11316919319729091
0.6,BSA,PEG,magnet,2,0.6_BSA_PEG_magnet_r2,4.0,1.827489916227118,1.5172524727351206,2.2045695532537635,1.6614956812026112,-0.3770796370266454,-0.1442432084674905
0.6,BSA,PEG,magnet,2,0.6_BSA_PEG_magnet_r2,5.0,2.534905367669873,1.500180944992573,1.724505757400494,1.293669210314632,0.8103996102693789,0.20651173467794104
0.6,BSA,PEG,magnet,2,0.6_BSA_PEG_magnet_r2,6.0,2.534905367669873,1.498467459468457,1.8069262608736292,1.33547674965273,0.7279791067962438,0.16299070981572705
0.6,BSA,PEG,magnet,2,0.6_BSA_PEG_magnet_r2,7.5,2.7707105181507914,1.5478859516301546,1.572117210275105,1.4769271413792684,1.1985933078756863,0.07095881025088624
0.6,BSA,PEG,magnet,2,0.6_BSA_PEG_magnet_r2,9.0,2.7707105181507914,1.6567291739533467,1.893499044814834,1.793198860416755,0.8772114733359573,-0.1364696864634083
0.6,BSA,PEG,magnet,2,0.6_BSA_PEG_magnet_r2,10.5,2.7707105181507914,1.712206103692656,1.3346295517348148,1.6890287867808376,1.4360809664159766,0.023177316911818346
0.6,BSA,PEG,magnet,2,0.6_BSA_PEG_magnet_r2,12.0,2.7707105181507914,1.6984194072940193,5.8567331791016,2.685159952442985,-3.086022660950809,-0.9867405451489657
0.6,BSA,PEG,magnet,2,0.6_BSA_PEG_magnet_r2,21.5,3.2423208191126283,1.9104625758647755,2.05134996582365,1.7524038361742322,1.1909708532889782,0.1580587396905433
0.6,BSA,PEG,magnet,3,0.6_BSA_PEG_magnet_r3,0.0,2.3716169326856344,1.5407547872958816,2.5143007577218097,1.6291117268350206,-0.14268382503617527,-0.08835693953913903
0.6,BSA,PEG,magnet,3,0.6_BSA_PEG_magnet_r3,1.0,1.906662040249826,1.4566126004577489,2.5167106285527336,1.4983110705783391,-0.6100485883029076,-0.04169847012059025
0.6,BSA,PEG,magnet,3,0.6_BSA_PEG_magnet_r3,2.0,1.6741845940319227,1.5165760017774619,2.5878836076204497,1.5670727945242113,-0.913699013588527,-0.05049679274674945
0.6,BSA,PEG,magnet,3,0.6_BSA_PEG_magnet_r3,3.0,1.906662040249826,1.3309492765702675,2.1980074019547704,1.368350342697923,-0.2913453617049444,-0.03740106612765559
0.6,BSA,PEG,magnet,3,0.6_BSA_PEG_magnet_r3,4.0,2.1391394864677316,1.4461912302531035,2.2045695532537635,1.6614956812026112,-0.06543006678603192,-0.21530445094950768
0.6,BSA,PEG,magnet,3,0.6_BSA_PEG_magnet_r3,5.0,2.3716169326856344,1.655755568320374,1.724505757400494,1.293669210314632,0.6471111752851404,0.36208635800574207
0.6,BSA,PEG,magnet,3,0.6_BSA_PEG_magnet_r3,6.0,2.604094378903539,1.6664513778047234,1.8069262608736292,1.33547674965273,0.79716811802991,0.3309746281519934
0.6,BSA,PEG,magnet,3,0.6_BSA_PEG_magnet_r3,7.5,2.604094378903539,1.7243692638293044,1.572117210275105,1.4769271413792684,1.031977168628434,0.24744212245003605
0.6,BSA,PEG,magnet,3,0.6_BSA_PEG_magnet_r3,9.0,4.4639139486467725,2.3417778133497604,1.893499044814834,1.793198860416755,2.5704149038319386,0.5485789529330054
0.6,BSA,PEG,magnet,3,0.6_BSA_PEG_magnet_r3,10.5,4.23143650242887,2.2950658666387853,1.3346295517348148,1.6890287867808376,2.896806950694055,0.6060370798579477
0.6,BSA,PEG,magnet,3,0.6_BSA_PEG_magnet_r3,12.0,3.301526717557252,1.8215327357006117,5.8567331791016,2.685159952442985,-2.5552064615443486,-0.8636272167423733
0.6,BSA,PEG,magnet,3,0.6_BSA_PEG_magnet_r3,21.5,3.301526717557252,1.885816043642147,2.05134996582365,1.7524038361742322,1.2501767517336018,0.1334122074679147
0.6,non-BSA,COOH,control,1,0.6_non-BSA_COOH_control_r1,0.0,3.1719554030874786,1.841747492820402,3.195472939320693,1.7269678604637255,-0.023517536233214287,0.11477963235667654
0.6,non-BSA,COOH,control,1,0.6_non-BSA_COOH_control_r1,1.0,3.400943396226415,1.8986984786969001,3.116017813595706,1.723519241182226,0.2849255826307089,0.17517923751467412
0.6,non-BSA,COOH,control,1,0.6_non-BSA_COOH_control_r1,2.0,3.629931389365351,1.9902480859188734,3.1811563069709172,1.7159110746021937,0.44877508239443387,0.27433701131667965
0.6,non-BSA,COOH,control,1,0.6_non-BSA_COOH_control_r1,3.0,2.942967409948542,1.7483966331965286,3.2619626861263527,1.8168982423665498,-0.31899527617781054,-0.06850160917002124
0.6,non-BSA,COOH,control,1,0.6_non-BSA_COOH_control_r1,4.0,2.942967409948542,1.675817840813742,3.173323255381659,1.7943200162593926,-0.2303558454331167,-0.11850217544565056
0.6,non-BSA,COOH,control,1,0.6_non-BSA_COOH_control_r1,5.0,3.400943396226415,1.8601022513811794,3.016187545179911,1.7233944759533564,0.3847558510465041,0.13670777542782298
0.6,non-BSA,COOH,control,1,0.6_non-BSA_COOH_control_r1,6.0,2.942967409948542,1.6349130166840524,2.863528883087287,1.5621699288415358,0.07943852686125519,0.0727430878425166
0.6,non-BSA,COOH,control,1,0.6_non-BSA_COOH_control_r1,7.5,2.942967409948542,1.6300689358724265,2.863528883087287,1.6186105089000449,0.07943852686125519,0.011458426972381641
0.6,non-BSA,COOH,control,1,0.6_non-BSA_COOH_control_r1,9.0,2.713979416809606,1.564261567122504,2.7871995520409745,1.6231587747505596,-0.07322013523136839,-0.058897207628055614
0.6,non-BSA,COOH,control,1,0.6_non-BSA_COOH_control_r1,10.5,3.629931389365351,1.9671804563145077,3.0925168762262234,1.7461815796112345,0.5374145131391277,0.22099887670327312
0.6,non-BSA,COOH,control,1,0.6_non-BSA_COOH_control_r1,12.0,1.5690394511149222,1.2137171034201477,2.405552896809414,1.4567758622444877,-0.8365134456944918,-0.24305875882434003
0.6,non-BSA,COOH,control,1,0.6_non-BSA_COOH_control_r1,21.5,3.8589193825042876,1.9521175061627998,3.412382824164416,1.8336083707920043,0.4465365583398717,0.11850913537079544
0.6,non-BSA,COOH,control,2,0.6_non-BSA_COOH_control_r2,0.0,3.2533482142857144,1.755718896633821,3.195472939320693,1.7269678604637255,0.05787527496502154,0.028751036170095556
0.6,non-BSA,COOH,control,2,0.6_non-BSA_COOH_control_r2,1.0,4.6474228896103895,2.092934400720993,3.116017813595706,1.723519241182226,1.5314050760146833,0.3694151595387669
0.6,non-BSA,COOH,control,2,0.6_non-BSA_COOH_control_r2,2.0,4.879768668831169,2.088658317138814,3.1811563069709172,1.7159110746021937,1.6986123618602522,0.3727472425366203
0.6,non-BSA,COOH,control,2,0.6_non-BSA_COOH_control_r2,3.0,5.809151785714286,2.500678043638249,3.2619626861263527,1.8168982423665498,2.547189099587933,0.6837798012716994
0.6,non-BSA,COOH,control,2,0.6_non-BSA_COOH_control_r2,4.0,5.809151785714286,2.4923498936435444,3.173323255381659,1.7943200162593926,2.6358285303326268,0.6980298773841518
0.6,non-BSA,COOH,control,2,0.6_non-BSA_COOH_control_r2,5.0,4.879768668831169,2.123860040569797,3.016187545179911,1.7233944759533564,1.8635811236512585,0.40046556461644056
0.6,non-BSA,COOH,control,2,0.6_non-BSA_COOH_control_r2,6.0,4.879768668831169,2.1012880996943974,2.863528883087287,1.5621699288415358,2.0162397857438825,0.5391181708528616
0.6,non-BSA,COOH,control,2,0.6_non-BSA_COOH_control_r2,7.5,4.879768668831169,2.111400257696304,2.863528883087287,1.6186105089000449,2.0162397857438825,0.49278974879625914
0.6,non-BSA,COOH,control,2,0.6_non-BSA_COOH_control_r2,9.0,4.879768668831169,2.156583251648232,2.7871995520409745,1.6231587747505596,2.092569116790195,0.5334244768976724
0.6,non-BSA,COOH,control,2,0.6_non-BSA_COOH_control_r2,10.5,4.879768668831169,2.1249153553409714,3.0925168762262234,1.7461815796112345,1.787251792604946,0.3787337757297369
0.6,non-BSA,COOH,control,2,0.6_non-BSA_COOH_control_r2,12.0,4.879768668831169,2.084577688571184,2.405552896809414,1.4567758622444877,2.4742157720217555,0.6278018263266962
0.6,non-BSA,COOH,control,2,0.6_non-BSA_COOH_control_r2,21.5,5.344460227272728,2.269829114949378,3.412382824164416,1.8336083707920043,1.9320774031083126,0.4362207441573738
0.6,non-BSA,COOH,control,3,0.6_non-BSA_COOH_control_r3,0.0,3.161115200588885,1.5834371919369534,3.195472939320693,1.7269678604637255,-0.0343577387318077,-0.1435306685267721
0.6,non-BSA,COOH,control,3,0.6_non-BSA_COOH_control_r3,1.0,1.2996871549503137,1.1789248441287852,3.116017813595706,1.723519241182226,-1.8163306586453924,-0.5445943970534408
0.6,non-BSA,COOH,control,3,0.6_non-BSA_COOH_control_r3,2.0,1.0337688627162311,1.0688268207488933,3.1811563069709172,1.7159110746021937,-2.147387444254686,-0.6470842538533004
0.6,non-BSA,COOH,control,3,0.6_non-BSA_COOH_control_r3,3.0,1.0337688627162311,1.2016200502648717,3.2619626861263527,1.8168982423665498,-2.2281938234101215,-0.6152781921016781
0.6,non-BSA,COOH,control,3,0.6_non-BSA_COOH_control_r3,4.0,0.7678505704821496,1.214792314320891,3.173323255381659,1.7943200162593926,-2.405472684899509,-0.5795277019385017
0.6,non-BSA,COOH,control,3,0.6_non-BSA_COOH_control_r3,5.0,0.7678505704821496,1.1862211359090928,3.016187545179911,1.7233944759533564,-2.2483369746977613,-0.5371733400442635
0.6,non-BSA,COOH,control,3,0.6_non-BSA_COOH_control_r3,6.0,0.7678505704821496,0.9503086701461573,2.863528883087287,1.5621699288415358,-2.0956783126051373,-0.6118612586953786
0.6,non-BSA,COOH,control,3,0.6_non-BSA_COOH_control_r3,7.5,0.7678505704821496,1.1143623331314036,2.863528883087287,1.6186105089000449,-2.0956783126051373,-0.5042481757686412
0.6,non-BSA,COOH,control,3,0.6_non-BSA_COOH_control_r3,9.0,0.7678505704821496,1.148631505480943,2.7871995520409745,1.6231587747505596,-2.019348981558825,-0.4745272692696165
0.6,non-BSA,COOH,control,3,0.6_non-BSA_COOH_control_r3,10.5,0.7678505704821496,1.1464489271782243,3.0925168762262234,1.7461815796112345,-2.3246663057440737,-0.5997326524330102
0.6,non-BSA,COOH,control,3,0.6_non-BSA_COOH_control_r3,12.0,0.7678505704821496,1.072032794742131,2.405552896809414,1.4567758622444877,-1.6377023263272643,-0.38474306750235665
0.6,non-BSA,COOH,control,3,0.6_non-BSA_COOH_control_r3,21.5,1.0337688627162311,1.2788784912638353,3.412382824164416,1.8336083707920043,-2.3786139614481847,-0.554729879528169
0.6,non-BSA,COOH,magnet,1,0.6_non-BSA_COOH_magnet_r1,0.0,1.3523751023751023,1.2459470077855328,3.195472939320693,1.7269678604637255,-1.8430978369455906,-0.4810208526781927
0.6,non-BSA,COOH,magnet,1,0.6_non-BSA_COOH_magnet_r1,1.0,1.3523751023751023,1.2024898267431479,3.116017813595706,1.723519241182226,-1.763642711220604,-0.5210294144390781
0.6,non-BSA,COOH,magnet,1,0.6_non-BSA_COOH_magnet_r1,2.0,2.2996860496860494,1.3636088420140449,3.1811563069709172,1.7159110746021937,-0.8814702572848678,-0.35230223258814886
0.6,non-BSA,COOH,magnet,1,0.6_non-BSA_COOH_magnet_r1,3.0,2.536513786513787,1.384690398907743,3.2619626861263527,1.8168982423665498,-0.7254488996125659,-0.4322078434588068
0.6,non-BSA,COOH,magnet,1,0.6_non-BSA_COOH_magnet_r1,4.0,2.536513786513787,1.4238857900223159,3.173323255381659,1.7943200162593926,-0.636809468867872,-0.3704342262370768
0.6,non-BSA,COOH,magnet,1,0.6_non-BSA_COOH_magnet_r1,5.0,3.9574802074802076,2.574458544093166,3.016187545179911,1.7233944759533564,0.9412926623002966,0.8510640681398096
0.6,non-BSA,COOH,magnet,1,0.6_non-BSA_COOH_magnet_r1,6.0,3.246996996996997,1.619871650799592,2.863528883087287,1.5621699288415358,0.38346811390971025,0.05770172195805623
0.6,non-BSA,COOH,magnet,1,0.6_non-BSA_COOH_magnet_r1,7.5,3.483824733824734,1.7295233619791877,2.863528883087287,1.6186105089000449,0.6202958507374472,0.11091285307914278
0.6,non-BSA,COOH,magnet,1,0.6_non-BSA_COOH_magnet_r1,9.0,3.720652470652471,1.8365115985654985,2.7871995520409745,1.6231587747505596,0.9334529186114966,0.21335282381493892
0.6,non-BSA,COOH,magnet,1,0.6_non-BSA_COOH_magnet_r1,10.5,3.9574802074802076,1.9109970975983763,3.0925168762262234,1.7461815796112345,0.8649633312539842,0.16481551798714178
0.6,non-BSA,COOH,magnet,1,0.6_non-BSA_COOH_magnet_r1,12.0,4.194307944307945,1.9871008586545063,2.405552896809414,1.4567758622444877,1.788755047498531,0.5303249964100185
0.6,non-BSA,COOH,magnet,1,0.6_non-BSA_COOH_magnet_r1,21.5,4.194307944307945,1.9769681075720795,3.412382824164416,1.8336083707920043,0.7819251201435291,0.1433597367800752
0.6,non-BSA,COOH,magnet,2,0.6_non-BSA_COOH_magnet_r2,0.0,2.022628026994839,1.1192306527051608,3.195472939320693,1.7269678604637255,-1.172844912325854,-0.6077372077585648
0.6,non-BSA,COOH,magnet,2,0.6_non-BSA_COOH_magnet_r2,1.0,2.022628026994839,1.2210277291726774,3.116017813595706,1.723519241182226,-1.0933897866008673,-0.5024915120095486
0.6,non-BSA,COOH,magnet,2,0.6_non-BSA_COOH_magnet_r2,2.0,1.7725287812624058,1.1423083366162645,3.1811563069709172,1.7159110746021937,-1.4086275257085115,-0.5736027379859292
0.6,non-BSA,COOH,magnet,2,0.6_non-BSA_COOH_magnet_r2,3.0,1.2723302897975381,1.0686993163019707,3.2619626861263527,1.8168982423665498,-1.9896323963288145,-0.7481989260645792
0.6,non-BSA,COOH,magnet,2,0.6_non-BSA_COOH_magnet_r2,4.0,1.2723302897975381,1.1437911235738454,3.173323255381659,1.7943200162593926,-1.9009929655841207,-0.6505288926855473
0.6,non-BSA,COOH,magnet,2,0.6_non-BSA_COOH_magnet_r2,5.0,1.2723302897975381,1.082240934318426,3.016187545179911,1.7233944759533564,-1.7438572553823728,-0.6411535416349303
0.6,non-BSA,COOH,magnet,2,0.6_non-BSA_COOH_magnet_r2,6.0,2.2727272727272734,1.3179949262847133,2.863528883087287,1.5621699288415358,-0.5908016103600136,-0.24417500255682256
0.6,non-BSA,COOH,magnet,2,0.6_non-BSA_COOH_magnet_r2,7.5,2.022628026994839,1.1742280195312031,2.863528883087287,1.6186105089000449,-0.840900856092448,-0.4443824893688417
0.6,non-BSA,COOH,magnet,2,0.6_non-BSA_COOH_magnet_r2,9.0,2.2727272727272734,1.371708252811281,2.7871995520409745,1.6231587747505596,-0.5144722793137011,-0.25145052193927864
0.6,non-BSA,COOH,magnet,2,0.6_non-BSA_COOH_magnet_r2,10.5,2.7729257641921397,1.310944284223153,3.0925168762262234,1.7461815796112345,-0.31959111203408375,-0.43523729538808165
0.6,non-BSA,COOH,magnet,2,0.6_non-BSA_COOH_magnet_r2,12.0,2.2727272727272734,1.304930733255161,2.405552896809414,1.4567758622444877,-0.1328256240821406,-0.15184512898932678
0.6,non-BSA,COOH,magnet,2,0.6_non-BSA_COOH_magnet_r2,21.5,2.7729257641921397,1.3384155242630194,3.412382824164416,1.8336083707920043,-0.6394570599722762,-0.495192846528985
0.6,non-BSA,COOH,magnet,3,0.6_non-BSA_COOH_magnet_r3,0.0,2.71480044345898,1.6535819081769787,3.195472939320693,1.7269678604637255,-0.4806724958617128,-0.07338595228674683
0.6,non-BSA,COOH,magnet,3,0.6_non-BSA_COOH_magnet_r3,1.0,2.71480044345898,1.6761162156433285,3.116017813595706,1.723519241182226,-0.4012173701367261,-0.047403025538897525
0.6,non-BSA,COOH,magnet,3,0.6_non-BSA_COOH_magnet_r3,2.0,2.486603843311161,1.563827786750943,3.1811563069709172,1.7159110746021937,-0.6945524636597562,-0.1520832878512508
0.6,non-BSA,COOH,magnet,3,0.6_non-BSA_COOH_magnet_r3,3.0,2.71480044345898,1.5853933313726807,3.2619626861263527,1.8168982423665498,-0.5471622426673726,-0.23150491099386916
0.6,non-BSA,COOH,magnet,3,0.6_non-BSA_COOH_magnet_r3,4.0,3.1711936437546187,1.676431079051327,3.173323255381659,1.7943200162593926,-0.0021296116270401733,-0.11788893720806559
0.6,non-BSA,COOH,magnet,3,0.6_non-BSA_COOH_magnet_r3,5.0,2.71480044345898,1.6427418248979804,3.016187545179911,1.7233944759533564,-0.30138710172093086,-0.080652651055376
0.6,non-BSA,COOH,magnet,3,0.6_non-BSA_COOH_magnet_r3,6.0,2.486603843311161,1.5810924635978965,2.863528883087287,1.5621699288415358,-0.3769250397761259,0.01892253475636063
0.6,non-BSA,COOH,magnet,3,0.6_non-BSA_COOH_magnet_r3,7.5,2.71480044345898,1.5808574436547473,2.863528883087287,1.6186105089000449,-0.14872843962830684,-0.037753065245297535
0.6,non-BSA,COOH,magnet,3,0.6_non-BSA_COOH_magnet_r3,9.0,2.9429970436067987,1.5991658303519893,2.7871995520409745,1.6231587747505596,0.15579749156582423,-0.02399294439857025
0.6,non-BSA,COOH,magnet,3,0.6_non-BSA_COOH_magnet_r3,10.5,3.1711936437546187,1.637405501998531,3.0925168762262234,1.7461815796112345,0.07867676752839525,-0.10877607761270358
0.6,non-BSA,COOH,magnet,3,0.6_non-BSA_COOH_magnet_r3,12.0,3.399390243902439,1.6665664755325145,2.405552896809414,1.4567758622444877,0.9938373470930251,0.20979061328802673
0.6,non-BSA,COOH,magnet,3,0.6_non-BSA_COOH_magnet_r3,21.5,3.855783444198078,1.8838544399437926,3.412382824164416,1.8336083707920043,0.4434006200336622,0.05024606915178831
0.6,non-BSA,PEG,control,1,0.6_non-BSA_PEG_control_r1,0.0,3.019350127783863,1.8536341842499675,2.496985087526237,1.6204309339486709,0.5223650402576259,0.23320325030129663
0.6,non-BSA,PEG,control,1,0.6_non-BSA_PEG_control_r1,1.0,3.7203358890105873,2.0299777435639,3.1271479889685003,1.7651444024584213,0.593187900042087,0.2648333411054786
0.6,non-BSA,PEG,control,1,0.6_non-BSA_PEG_control_r1,2.0,3.253012048192771,1.7837128455492153,2.8163924342043942,1.5723431820135712,0.4366196139883769,0.21136966353564413
0.6,non-BSA,PEG,control,1,0.6_non-BSA_PEG_control_r1,3.0,4.187659729828405,2.230509877470349,3.125528693912823,1.7506383146690576,1.062131035915582,0.4798715628012913
0.6,non-BSA,PEG,control,1,0.6_non-BSA_PEG_control_r1,4.0,2.5520262869660466,1.522560049770486,3.052499272276887,1.664438498731294,-0.5004729853108403,-0.1418784489608078
0.6,non-BSA,PEG,control,1,0.6_non-BSA_PEG_control_r1,5.0,3.7203358890105873,2.1168104344584395,3.046641309010104,1.6962848840291167,0.6736945800004834,0.4205255504293228
0.6,non-BSA,PEG,control,1,0.6_non-BSA_PEG_control_r1,6.0,2.3183643665571383,1.5298587964532722,2.423130043282396,1.4454490733030747,-0.1047656767252576,0.08440972315019746
0.6,non-BSA,PEG,control,1,0.6_non-BSA_PEG_control_r1,7.5,2.785688207374955,1.60210647476555,2.578904656888335,1.45940968037403,0.20678355048662,0.14269679439152005
0.6,non-BSA,PEG,control,1,0.6_non-BSA_PEG_control_r1,9.0,3.486673968601679,2.10272962975928,2.7356793485940223,1.6666822185686128,0.7509946200076567,0.43604741119066714
0.6,non-BSA,PEG,control,1,0.6_non-BSA_PEG_control_r1,10.5,2.084702446148229,1.8271168658508954,2.3476557039828765,1.651944713859744,-0.2629532578346474,0.17517215199115133
0.6,non-BSA,PEG,control,1,0.6_non-BSA_PEG_control_r1,12.0,2.785688207374955,1.7245718188491106,2.7375050493016766,1.5410287557515652,0.04818315807327833,0.18354306309754542
0.6,non-BSA,PEG,control,1,0.6_non-BSA_PEG_control_r1,21.5,3.7203358890105873,2.012529048610366,3.5188230349949543,1.7587273019033507,0.20151285401563301,0.2538017467070155
0.6,non-BSA,PEG,control,2,0.6_non-BSA_PEG_control_r2,0.0,3.2048458149779737,1.6571222619159327,2.496985087526237,1.6204309339486709,0.7078607274517368,0.03669132796726182
0.6,non-BSA,PEG,control,2,0.6_non-BSA_PEG_control_r2,1.0,3.2048458149779737,1.8141282110147885,3.1271479889685003,1.7651444024584213,0.07769782600947339,0.04898380855636719
0.6,non-BSA,PEG,control,2,0.6_non-BSA_PEG_control_r2,2.0,2.502002402883461,1.441969971895767,2.8163924342043942,1.5723431820135712,-0.31439003132093335,-0.13037321011780412
0.6,non-BSA,PEG,control,2,0.6_non-BSA_PEG_control_r2,3.0,2.9705646776131363,1.6938547665828392,3.125528693912823,1.7506383146690576,-0.1549640162996866,-0.05678354808621844
0.6,non-BSA,PEG,control,2,0.6_non-BSA_PEG_control_r2,4.0,3.673408089707649,1.9826380835637247,3.052499272276887,1.664438498731294,0.6209088174307622,0.3181995848324308
0.6,non-BSA,PEG,control,2,0.6_non-BSA_PEG_control_r2,5.0,3.439126952342811,1.7963992810306013,3.046641309010104,1.6962848840291167,0.3924856433327073,0.10011439700148461
0.6,non-BSA,PEG,control,2,0.6_non-BSA_PEG_control_r2,6.0,2.9705646776131363,1.5867967920164154,2.423130043282396,1.4454490733030747,0.5474346343307404,0.14134771871334073
0.6,non-BSA,PEG,control,2,0.6_non-BSA_PEG_control_r2,7.5,2.9705646776131363,1.554974443173989,2.578904656888335,1.45940968037403,0.3916600207248013,0.09556476279995896
0.6,non-BSA,PEG,control,2,0.6_non-BSA_PEG_control_r2,9.0,2.502002402883461,1.5329084475782864,2.7356793485940223,1.6666822185686128,-0.2336769457105614,-0.1337737709903264
0.6,non-BSA,PEG,control,2,0.6_non-BSA_PEG_control_r2,10.5,2.502002402883461,1.6524339824321377,2.3476557039828765,1.651944713859744,0.1543466989005844,0.0004892685723936196
0.6,non-BSA,PEG,control,2,0.6_non-BSA_PEG_control_r2,12.0,2.9705646776131363,1.5528338165304367,2.7375050493016766,1.5410287557515652,0.23305962831145965,0.011805060778871557
0.6,non-BSA,PEG,control,2,0.6_non-BSA_PEG_control_r2,21.5,4.141970364437325,1.9179868889765455,3.5188230349949543,1.7587273019033507,0.6231473294423711,0.15925958707319476
0.6,non-BSA,PEG,control,3,0.6_non-BSA_PEG_control_r3,0.0,1.2667593198168738,1.3505363556801118,2.496985087526237,1.6204309339486709,-1.230225767709363,-0.2698945782685591
0.6,non-BSA,PEG,control,3,0.6_non-BSA_PEG_control_r3,1.0,2.456262262916939,1.4513272527965753,3.1271479889685003,1.7651444024584213,-0.6708857260515613,-0.31381714966184604
0.6,non-BSA,PEG,control,3,0.6_non-BSA_PEG_control_r3,2.0,2.6941628515369516,1.4913467285957314,2.8163924342043942,1.5723431820135712,-0.12222958266744266,-0.08099645341783979
0.6,non-BSA,PEG,control,3,0.6_non-BSA_PEG_control_r3,3.0,2.2183616742969265,1.3275502999539848,3.125528693912823,1.7506383146690576,-0.9071670196158963,-0.42308801471507285
0.6,non-BSA,PEG,control,3,0.6_non-BSA_PEG_control_r3,4.0,2.932063440156965,1.488117362859671,3.052499272276887,1.664438498731294,-0.12043583211992193,-0.176321135871623
0.6,non-BSA,PEG,control,3,0.6_non-BSA_PEG_control_r3,5.0,1.9804610856769131,1.1756449365983088,3.046641309010104,1.6962848840291167,-1.0661802233331907,-0.5206399474308079
0.6,non-BSA,PEG,control,3,0.6_non-BSA_PEG_control_r3,6.0,1.9804610856769131,1.2196916314395363,2.423130043282396,1.4454490733030747,-0.44266895760548275,-0.2257574418635384
0.6,non-BSA,PEG,control,3,0.6_non-BSA_PEG_control_r3,7.5,1.9804610856769131,1.2211481231825505,2.578904656888335,1.45940968037403,-0.5984435712114218,-0.23826155719147946
0.6,non-BSA,PEG,control,3,0.6_non-BSA_PEG_control_r3,9.0,2.2183616742969265,1.3644085783682718,2.7356793485940223,1.6666822185686128,-0.5173176742970957,-0.302273640200341
0.6,non-BSA,PEG,control,3,0.6_non-BSA_PEG_control_r3,10.5,2.456262262916939,1.476283293296199,2.3476557039828765,1.651944713859744,0.10860655893406257,-0.17566142056354517
0.6,non-BSA,PEG,control,3,0.6_non-BSA_PEG_control_r3,12.0,2.456262262916939,1.3456806318751484,2.7375050493016766,1.5410287557515652,-0.28124278638473754,-0.19534812387641676
0.6,non-BSA,PEG,control,3,0.6_non-BSA_PEG_control_r3,21.5,2.6941628515369516,1.3456659681231409,3.5188230349949543,1.7587273019033507,-0.8246601834580027,-0.4130613337802098
0.6,non-BSA,PEG,magnet,1,0.6_non-BSA_PEG_magnet_r1,0.0,3.6046190651453807,1.9172994218976744,2.496985087526237,1.6204309339486709,1.1076339776191437,0.29686848794900356
0.6,non-BSA,PEG,magnet,1,0.6_non-BSA_PEG_magnet_r1,1.0,4.291958041958042,2.07823308063569,3.1271479889685003,1.7651444024584213,1.1648100529895413,0.3130886781772688
0.6,non-BSA,PEG,magnet,1,0.6_non-BSA_PEG_magnet_r1,2.0,3.375506072874494,2.164249013724553,2.8163924342043942,1.5723431820135712,0.5591136386700999,0.5919058317109818
0.6,non-BSA,PEG,magnet,1,0.6_non-BSA_PEG_magnet_r1,3.0,3.375506072874494,2.286470965399864,3.125528693912823,1.7506383146690576,0.24997737896167127,0.5358326507308064
0.6,non-BSA,PEG,magnet,1,0.6_non-BSA_PEG_magnet_r1,4.0,4.062845049687156,2.302789159313367,3.052499272276887,1.664438498731294,1.010345777410269,0.6383506605820732
0.6,non-BSA,PEG,magnet,1,0.6_non-BSA_PEG_magnet_r1,5.0,4.062845049687156,2.363230390918688,3.046641309010104,1.6962848840291167,1.016203740677052,0.6669455068895711
0.6,non-BSA,PEG,magnet,1,0.6_non-BSA_PEG_magnet_r1,6.0,4.52107103422893,2.4430216577567787,2.423130043282396,1.4454490733030747,2.097940990946534,0.997572584453704
0.6,non-BSA,PEG,magnet,1,0.6_non-BSA_PEG_magnet_r1,7.5,3.146393080603607,1.6581425294688437,2.578904656888335,1.45940968037403,0.5674884237152722,0.1987328490948137
0.6,non-BSA,PEG,magnet,1,0.6_non-BSA_PEG_magnet_r1,9.0,3.375506072874494,1.726861015530063,2.7356793485940223,1.6666822185686128,0.6398267242804718,0.06017879696145023
0.6,non-BSA,PEG,magnet,1,0.6_non-BSA_PEG_magnet_r1,10.5,4.750184026499816,2.6348944691446685,2.3476557039828765,1.651944713859744,2.402528322516939,0.9829497552849245
0.6,non-BSA,PEG,magnet,1,0.6_non-BSA_PEG_magnet_r1,12.0,3.146393080603607,1.6399852748407822,2.7375050493016766,1.5410287557515652,0.4088880313019305,0.09895651908921699
0.6,non-BSA,PEG,magnet,1,0.6_non-BSA_PEG_magnet_r1,21.5,4.750184026499816,2.4555618078272845,3.5188230349949543,1.7587273019033507,1.2313609915048613,0.6968345059239338
0.6,non-BSA,PEG,magnet,2,0.6_non-BSA_PEG_magnet_r2,0.0,8.936122017517366,2.087030943829187,2.496985087526237,1.6204309339486709,6.439136929991129,0.4666000098805163
0.6,non-BSA,PEG,magnet,2,0.6_non-BSA_PEG_magnet_r2,1.0,2.3233162186650564,1.3948302937904786,3.1271479889685003,1.7651444024584213,-0.8038317703034439,-0.3703141086679427
0.6,non-BSA,PEG,magnet,2,0.6_non-BSA_PEG_magnet_r2,2.0,2.779371790999698,1.449056233524237,2.8163924342043942,1.5723431820135712,-0.037020643204696224,-0.12328694848933419
0.6,non-BSA,PEG,magnet,2,0.6_non-BSA_PEG_magnet_r2,3.0,3.691482935668983,1.6649220071855255,3.125528693912823,1.7506383146690576,0.56595424175616,-0.0857163074835321
0.6,non-BSA,PEG,magnet,2,0.6_non-BSA_PEG_magnet_r2,4.0,3.691482935668983,1.654220990380835,3.052499272276887,1.664438498731294,0.638983663392096,-0.010217508350458981
0.6,non-BSA,PEG,magnet,2,0.6_non-BSA_PEG_magnet_r2,5.0,3.691482935668983,1.6252696973298941,3.046641309010104,1.6962848840291167,0.644841626658879,-0.07101518669922258
0.6,non-BSA,PEG,magnet,2,0.6_non-BSA_PEG_magnet_r2,6.0,3.9195107218363034,1.721159896755382,2.423130043282396,1.4454490733030747,1.4963806785539076,0.27571082345230735
0.6,non-BSA,PEG,magnet,2,0.6_non-BSA_PEG_magnet_r2,7.5,3.691482935668983,1.7054240687385356,2.578904656888335,1.45940968037403,1.112578278780648,0.24601438836450562
0.6,non-BSA,PEG,magnet,2,0.6_non-BSA_PEG_magnet_r2,9.0,4.3755662941709454,1.882571553632423,2.7356793485940223,1.6666822185686128,1.6398869455769232,0.21588933506381025
0.6,non-BSA,PEG,magnet,2,0.6_non-BSA_PEG_magnet_r2,10.5,4.3755662941709454,1.9257020951008654,2.3476557039828765,1.651944713859744,2.027910590188069,0.27375738124112137
0.6,non-BSA,PEG,magnet,2,0.6_non-BSA_PEG_magnet_r2,12.0,4.603594080338267,2.0078068650391456,2.7375050493016766,1.5410287557515652,1.8660890310365903,0.46677810928758046
0.6,non-BSA,PEG,magnet,2,0.6_non-BSA_PEG_magnet_r2,21.5,3.4634551495016614,1.7235157511702117,3.5188230349949543,1.7587273019033507,-0.05536788549329286,-0.035211550733138974
0.6,non-BSA,PEG,magnet,3,0.6_non-BSA_PEG_magnet_r3,0.0,1.2315818737837088,1.0750070748934941,2.496985087526237,1.6204309339486709,-1.2654032137425282,-0.5454238590551768
0.6,non-BSA,PEG,magnet,3,0.6_non-BSA_PEG_magnet_r3,1.0,3.099805393383375,1.73563720263934,3.1271479889685003,1.7651444024584213,-0.027342595585125196,-0.02950719981908123
0.6,non-BSA,PEG,magnet,3,0.6_non-BSA_PEG_magnet_r3,2.0,2.6327495134834584,1.4379383601081832,2.8163924342043942,1.5723431820135712,-0.1836429207209358,-0.13440482190538794
0.6,non-BSA,PEG,magnet,3,0.6_non-BSA_PEG_magnet_r3,3.0,3.3333333333333335,1.7298899556133454,3.125528693912823,1.7506383146690576,0.20780463942051064,-0.020748359055712262
0.6,non-BSA,PEG,magnet,3,0.6_non-BSA_PEG_magnet_r3,4.0,3.3333333333333335,1.8978065472500854,3.052499272276887,1.664438498731294,0.2808340610564466,0.23336804851879145
0.6,non-BSA,PEG,magnet,3,0.6_non-BSA_PEG_magnet_r3,5.0,3.80038921323325,2.1344147342222497,3.046641309010104,1.6962848840291167,0.7537479042231463,0.438129850193133
0.6,non-BSA,PEG,magnet,3,0.6_non-BSA_PEG_magnet_r3,6.0,3.80038921323325,2.130280241844149,2.423130043282396,1.4454490733030747,1.3772591699508543,0.6848311685410744
0.6,non-BSA,PEG,magnet,3,0.6_non-BSA_PEG_magnet_r3,7.5,3.3333333333333335,1.643666647009215,2.578904656888335,1.45940968037403,0.7544286764449986,0.18425696663518498
0.6,non-BSA,PEG,magnet,3,0.6_non-BSA_PEG_magnet_r3,9.0,3.3333333333333335,1.6826371847313477,2.7356793485940223,1.6666822185686128,0.5976539847393112,0.01595496616273495
0.6,non-BSA,PEG,magnet,3,0.6_non-BSA_PEG_magnet_r3,10.5,3.3333333333333335,1.7543039442157788,2.3476557039828765,1.651944713859744,0.985677629350457,0.10235923035603478
0.6,non-BSA,PEG,magnet,3,0.6_non-BSA_PEG_magnet_r3,12.0,3.3333333333333335,1.7932495057862954,2.7375050493016766,1.5410287557515652,0.5958282840316569,0.2522207500347302
0.6,non-BSA,PEG,magnet,3,0.6_non-BSA_PEG_magnet_r3,21.5,3.099805393383375,1.778575254808386,3.5188230349949543,1.7587273019033507,-0.4190176416115792,0.01984795290503527
