idx,series,t,arm,agarose,bsa,coating,rep,depth_mm,band_amount
0,0.4_BSA_PEG_magnet_r1,0.0,magnet,0.4,BSA,PEG,1,1.2000000000000002,2556.8245391845703
1,0.4_BSA_PEG_magnet_r1,0.0,magnet,0.4,BSA,PEG,1,0.925,2309.8394889831543
2,0.4_BSA_PEG_magnet_r2,0.0,magnet,0.4,BSA,PEG,2,3.0791666666666666,4456.970474243164
3,0.4_BSA_PEG_magnet_r2,0.0,magnet,0.4,BSA,PEG,2,2.4375,4581.000160217285
4,0.4_BSA_PEG_magnet_r3,0.0,magnet,0.4,BSA,PEG,3,0.0,0.0
5,0.4_BSA_PEG_magnet_r3,0.0,magnet,0.4,BSA,PEG,3,0.0,0.0
6,0.4_BSA_COOH_magnet_r2,0.0,magnet,0.4,BSA,COOH,2,2.941666666666667,3936.844379425049
7,0.4_BSA_COOH_magnet_r2,0.0,magnet,0.4,BSA,COOH,2,2.872916666666667,3704.993606567383
8,0.4_BSA_COOH_magnet_r1,0.0,magnet,0.4,BSA,COOH,1,0.0,0.0
9,0.4_BSA_COOH_magnet_r1,0.0,magnet,0.4,BSA,COOH,1,0.0,0.0
10,0.4_BSA_COOH_magnet_r3,0.0,magnet,0.4,BSA,COOH,3,3.2625,4218.687007904053
11,0.4_BSA_COOH_magnet_r3,0.0,magnet,0.4,BSA,COOH,3,3.125,3912.637626647949
12,0.4_BSA_PEG_control_r1,0.0,control,0.4,BSA,PEG,1,0.85625,2244.9672088623047
14,0.4_BSA_PEG_control_r3,0.0,control,0.4,BSA,PEG,3,1.5208333333333335,3097.67525100708
15,0.4_BSA_COOH_control_r1,0.0,control,0.4,BSA,COOH,1,2.941666666666667,4062.8787956237793
16,0.4_BSA_COOH_control_r2,0.0,control,0.4,BSA,COOH,2,0.0,0.0
17,0.4_BSA_COOH_control_r3,0.0,control,0.4,BSA,COOH,3,2.872916666666667,4067.431125640869
18,0.4_BSA_PEG_magnet_r1,1.0,magnet,0.4,BSA,PEG,1,0.925,2576.0901794433594
19,0.4_BSA_PEG_magnet_r2,1.0,magnet,0.4,BSA,PEG,2,3.125,4355.180465698242
20,0.4_BSA_PEG_magnet_r3,1.0,magnet,0.4,BSA,PEG,3,2.5520833333333335,3733.94429397583
21,0.4_BSA_COOH_magnet_r1,1.0,magnet,0.4,BSA,COOH,1,2.4604166666666667,3848.3261375427246
22,0.4_BSA_COOH_magnet_r2,1.0,magnet,0.4,BSA,COOH,2,2.0479166666666666,4045.6852264404297
23,0.4_BSA_COOH_magnet_r3,1.0,magnet,0.4,BSA,COOH,3,0.07708333333333339,221.9229621887207
24,0.4_BSA_PEG_control_r2,1.0,control,0.4,BSA,PEG,2,2.5520833333333335,5022.95397567749
25,0.4_BSA_PEG_control_r1,1.0,control,0.4,BSA,PEG,1,2.91875,4361.590301513672
26,0.4_BSA_PEG_control_r3,1.0,control,0.4,BSA,PEG,3,2.85,5021.162328720093
27,0.4_BSA_COOH_control_r1,1.0,control,0.4,BSA,COOH,1,2.23125,3247.3212890625
28,0.4_BSA_COOH_control_r2,1.0,control,0.4,BSA,COOH,2,2.7354166666666666,4632.508165359497
29,0.4_BSA_COOH_control_r3,1.0,control,0.4,BSA,COOH,3,2.1395833333333334,3932.8095092773438
30,0.4_BSA_PEG_magnet_r1,2.0,magnet,0.4,BSA,PEG,1,2.277083333333333,3194.0916633605957
31,0.4_BSA_PEG_magnet_r2,2.0,magnet,0.4,BSA,PEG,2,2.9875,3668.96053314209
32,0.4_BSA_PEG_magnet_r3,2.0,magnet,0.4,BSA,PEG,3,2.1166666666666667,1245.275390625
33,0.4_BSA_COOH_magnet_r1,2.0,magnet,0.4,BSA,COOH,1,2.575,3054.4261474609375
34,0.4_BSA_COOH_magnet_r2,2.0,magnet,0.4,BSA,COOH,2,2.025,3739.612937927246
35,0.4_BSA_COOH_magnet_r3,2.0,magnet,0.4,BSA,COOH,3,2.50625,4480.019733428955
36,0.4_BSA_PEG_control_r1,2.0,control,0.4,BSA,PEG,1,2.3229166666666665,5006.088403701782
37,0.4_BSA_PEG_control_r2,2.0,control,0.4,BSA,PEG,2,2.4604166666666667,4755.8721351623535
38,0.4_BSA_PEG_control_r3,2.0,control,0.4,BSA,PEG,3,3.5145833333333334,4898.527648925781
39,0.4_BSA_COOH_control_r1,2.0,control,0.4,BSA,COOH,1,1.5208333333333335,3024.0821056365967
40,0.4_BSA_COOH_control_r2,2.0,control,0.4,BSA,COOH,2,2.2083333333333335,4829.911287307739
41,0.4_BSA_COOH_control_r3,2.0,control,0.4,BSA,COOH,3,2.3229166666666665,3892.262195587158
42,0.4_BSA_PEG_magnet_r1,3.0,magnet,0.4,BSA,PEG,1,2.36875,3346.805019378662
43,0.4_BSA_PEG_magnet_r2,3.0,magnet,0.4,BSA,PEG,2,2.345833333333333,3841.045886993408
44,0.4_BSA_PEG_magnet_r3,3.0,magnet,0.4,BSA,PEG,3,2.941666666666667,1919.491828918457
45,0.4_BSA_COOH_magnet_r1,3.0,magnet,0.4,BSA,COOH,1,2.6666666666666665,3165.229434967041
46,0.4_BSA_COOH_magnet_r2,3.0,magnet,0.4,BSA,COOH,2,2.7583333333333333,3315.7475814819336
47,0.4_BSA_COOH_magnet_r3,3.0,magnet,0.4,BSA,COOH,3,2.5520833333333335,4280.565496444702
48,0.4_BSA_PEG_control_r1,3.0,control,0.4,BSA,PEG,1,2.23125,4447.824653625488
49,0.4_BSA_PEG_control_r2,3.0,control,0.4,BSA,PEG,2,2.3916666666666666,4351.629325866699
50,0.4_BSA_PEG_control_r3,3.0,control,0.4,BSA,PEG,3,2.7583333333333333,5059.590278625488
51,0.4_BSA_COOH_control_r1,3.0,control,0.4,BSA,COOH,1,1.5895833333333331,2715.3114433288574
52,0.4_BSA_COOH_control_r2,3.0,control,0.4,BSA,COOH,2,2.345833333333333,3319.9902114868164
53,0.4_BSA_COOH_control_r3,3.0,control,0.4,BSA,COOH,3,2.1625,3580.8768463134766
54,0.4_BSA_PEG_magnet_r1,4.0,magnet,0.4,BSA,PEG,1,3.33125,3348.101703643799
55,0.4_BSA_PEG_magnet_r2,4.0,magnet,0.4,BSA,PEG,2,3.1020833333333337,3967.993495941162
56,0.4_BSA_PEG_magnet_r3,4.0,magnet,0.4,BSA,PEG,3,2.7583333333333333,1694.2164611816406
57,0.4_BSA_COOH_magnet_r1,4.0,magnet,0.4,BSA,COOH,1,2.0708333333333333,3405.547317504883
58,0.4_BSA_COOH_magnet_r2,4.0,magnet,0.4,BSA,COOH,2,2.1625,4006.032772064209
59,0.4_BSA_COOH_magnet_r3,4.0,magnet,0.4,BSA,COOH,3,2.8958333333333335,5098.121162414551
60,0.4_BSA_PEG_control_r1,4.0,control,0.4,BSA,PEG,1,2.6666666666666665,3581.94429397583
61,0.4_BSA_PEG_control_r2,4.0,control,0.4,BSA,PEG,2,2.185416666666667,2748.8622512817383
62,0.4_BSA_PEG_control_r3,4.0,control,0.4,BSA,PEG,3,2.4375,3778.3182334899902
63,0.4_BSA_COOH_control_r1,4.0,control,0.4,BSA,COOH,1,2.09375,2846.194944381714
64,0.4_BSA_COOH_control_r2,4.0,control,0.4,BSA,COOH,2,2.64375,4893.206623077393
65,0.4_BSA_COOH_control_r3,4.0,control,0.4,BSA,COOH,3,1.75,4091.796712875366
66,0.4_BSA_PEG_magnet_r1,5.0,magnet,0.4,BSA,PEG,1,3.377083333333333,3798.6934089660645
67,0.4_BSA_PEG_magnet_r2,5.0,magnet,0.4,BSA,PEG,2,3.1937499999999996,4107.225921630859
68,0.4_BSA_PEG_magnet_r3,5.0,magnet,0.4,BSA,PEG,3,3.3083333333333336,2212.4065742492676
69,0.4_BSA_COOH_magnet_r1,5.0,magnet,0.4,BSA,COOH,1,0.6041666666666667,2180.4639167785645
70,0.4_BSA_COOH_magnet_r2,5.0,magnet,0.4,BSA,COOH,2,2.254166666666667,3511.0493698120117
71,0.4_BSA_COOH_magnet_r3,5.0,magnet,0.4,BSA,COOH,3,2.8958333333333335,4580.3884201049805
72,0.4_BSA_PEG_control_r1,5.0,control,0.4,BSA,PEG,1,2.8270833333333334,3459.4001502990723
73,0.4_BSA_PEG_control_r2,5.0,control,0.4,BSA,PEG,2,2.277083333333333,2781.07869720459
74,0.4_BSA_PEG_control_r3,5.0,control,0.4,BSA,PEG,3,5.11875,8921.722816467285
75,0.4_BSA_COOH_control_r3,5.0,control,0.4,BSA,COOH,3,1.81875,2701.468765258789
76,0.4_BSA_COOH_control_r2,5.0,control,0.4,BSA,COOH,2,2.1166666666666667,4008.9918632507324
77,0.4_BSA_COOH_control_r1,5.0,control,0.4,BSA,COOH,1,1.6354166666666665,1951.373836517334
78,0.4_BSA_PEG_magnet_r1,6.0,magnet,0.4,BSA,PEG,1,2.8270833333333334,4074.4459648132324
79,0.4_BSA_PEG_magnet_r2,6.0,magnet,0.4,BSA,PEG,2,2.345833333333333,4614.5607261657715
80,0.4_BSA_PEG_magnet_r3,6.0,magnet,0.4,BSA,PEG,3,1.6124999999999998,1067.5673141479492
81,0.4_BSA_COOH_magnet_r1,6.0,magnet,0.4,BSA,COOH,1,1.2229166666666669,2487.7508392333984
82,0.4_BSA_COOH_magnet_r2,6.0,magnet,0.4,BSA,COOH,2,2.345833333333333,4138.288650512695
83,0.4_BSA_COOH_magnet_r3,6.0,magnet,0.4,BSA,COOH,3,3.125,5243.537666320801
84,0.4_BSA_PEG_control_r1,6.0,control,0.4,BSA,PEG,1,1.7729166666666667,3127.396858215332
85,0.4_BSA_PEG_control_r2,6.0,control,0.4,BSA,PEG,2,3.010416666666667,2125.442642211914
86,0.4_BSA_PEG_control_r3,6.0,control,0.4,BSA,PEG,3,1.8645833333333335,2106.6491889953613
87,0.4_BSA_COOH_control_r1,6.0,control,0.4,BSA,COOH,1,1.13125,1673.7573356628418
88,0.4_BSA_COOH_control_r2,6.0,control,0.4,BSA,COOH,2,1.8416666666666668,3462.3689517974854
89,0.4_BSA_COOH_control_r3,6.0,control,0.4,BSA,COOH,3,1.5666666666666669,2899.5950241088867
90,0.4_BSA_PEG_magnet_r1,7.5,magnet,0.4,BSA,PEG,1,3.6520833333333336,6509.233055114746
91,0.4_BSA_PEG_magnet_r2,7.5,magnet,0.4,BSA,PEG,2,2.50625,4884.742881774902
92,0.4_BSA_PEG_magnet_r3,7.5,magnet,0.4,BSA,PEG,3,1.2458333333333331,1174.7426528930664
93,0.4_BSA_COOH_magnet_r1,7.5,magnet,0.4,BSA,COOH,1,2.345833333333333,3677.191623687744
94,0.4_BSA_COOH_magnet_r2,7.5,magnet,0.4,BSA,COOH,2,3.125,3821.3049240112305
95,0.4_BSA_COOH_magnet_r3,7.5,magnet,0.4,BSA,COOH,3,3.4458333333333337,5320.691303253174
96,0.4_BSA_PEG_control_r1,7.5,control,0.4,BSA,PEG,1,1.68125,2446.7590370178223
97,0.4_BSA_PEG_control_r2,7.5,control,0.4,BSA,PEG,2,1.7041666666666666,2408.9179725646973
98,0.4_BSA_PEG_control_r3,7.5,control,0.4,BSA,PEG,3,1.9333333333333331,2834.888427734375
99,0.4_BSA_COOH_control_r1,7.5,control,0.4,BSA,COOH,1,1.5666666666666669,1425.631160736084
100,0.4_BSA_COOH_control_r2,7.5,control,0.4,BSA,COOH,2,1.9104166666666669,2953.9280281066895
101,0.4_BSA_COOH_control_r3,7.5,control,0.4,BSA,COOH,3,1.1083333333333334,1799.386926651001
102,0.4_BSA_PEG_magnet_r1,9.0,magnet,0.4,BSA,PEG,1,3.5145833333333334,4406.911643981934
103,0.4_BSA_PEG_magnet_r2,9.0,magnet,0.4,BSA,PEG,2,3.1937499999999996,4462.909885406494
104,0.4_BSA_PEG_magnet_r3,9.0,magnet,0.4,BSA,PEG,3,3.0791666666666666,2140.186912536621
105,0.4_BSA_COOH_magnet_r1,9.0,magnet,0.4,BSA,COOH,1,3.0562500000000004,3986.252372741699
106,0.4_BSA_COOH_magnet_r2,9.0,magnet,0.4,BSA,COOH,2,2.8041666666666667,4603.386859893799
107,0.4_BSA_COOH_magnet_r3,9.0,magnet,0.4,BSA,COOH,3,3.675,5999.33740234375
108,0.4_BSA_PEG_control_r1,9.0,control,0.4,BSA,PEG,1,2.09375,3134.6295051574707
109,0.4_BSA_PEG_control_r2,9.0,control,0.4,BSA,PEG,2,1.7729166666666667,2743.527935028076
110,0.4_BSA_PEG_control_r3,9.0,control,0.4,BSA,PEG,3,1.8875000000000002,3258.5802841186523
111,0.4_BSA_COOH_control_r1,9.0,control,0.4,BSA,COOH,1,1.5895833333333331,1655.432933807373
112,0.4_BSA_COOH_control_r2,9.0,control,0.4,BSA,COOH,2,2.4145833333333333,1630.9999237060547
113,0.4_BSA_COOH_control_r3,9.0,control,0.4,BSA,COOH,3,1.7041666666666666,2636.0688514709473
114,0.4_BSA_PEG_magnet_r1,10.5,magnet,0.4,BSA,PEG,1,3.7666666666666666,4338.632637023926
115,0.4_BSA_PEG_magnet_r2,10.5,magnet,0.4,BSA,PEG,2,3.4229166666666666,4655.301498413086
116,0.4_BSA_PEG_magnet_r3,10.5,magnet,0.4,BSA,PEG,3,3.0562500000000004,1868.9770393371582
117,0.4_BSA_COOH_magnet_r1,10.5,magnet,0.4,BSA,COOH,1,3.0562500000000004,3536.236282348633
118,0.4_BSA_COOH_magnet_r2,10.5,magnet,0.4,BSA,COOH,2,2.597916666666667,4293.626651763916
119,0.4_BSA_COOH_magnet_r3,10.5,magnet,0.4,BSA,COOH,3,3.6520833333333336,5270.8391761779785
120,0.4_BSA_PEG_control_r1,10.5,control,0.4,BSA,PEG,1,2.0479166666666666,3277.0852909088135
121,0.4_BSA_PEG_control_r2,10.5,control,0.4,BSA,PEG,2,2.09375,3159.442481994629
122,0.4_BSA_PEG_control_r3,10.5,control,0.4,BSA,PEG,3,1.9791666666666665,3024.934555053711
123,0.4_BSA_COOH_control_r1,10.5,control,0.4,BSA,COOH,1,1.7729166666666667,1484.8065242767334
124,0.4_BSA_COOH_control_r3,10.5,control,0.4,BSA,COOH,3,5.966666666666667,7683.481928825378
125,0.4_BSA_COOH_control_r2,10.5,control,0.4,BSA,COOH,2,1.6354166666666665,2303.098289489746
126,0.4_BSA_PEG_magnet_r1,12.0,magnet,0.4,BSA,PEG,1,4.3625,7370.681980133057
127,0.4_BSA_PEG_magnet_r2,12.0,magnet,0.4,BSA,PEG,2,3.46875,5917.739410400391
128,0.4_BSA_PEG_magnet_r3,12.0,magnet,0.4,BSA,PEG,3,2.78125,2707.0161933898926
129,0.4_BSA_COOH_magnet_r1,12.0,magnet,0.4,BSA,COOH,1,2.575,3676.93448638916
130,0.4_BSA_COOH_magnet_r2,12.0,magnet,0.4,BSA,COOH,2,2.941666666666667,3616.3773803710938
131,0.4_BSA_COOH_magnet_r3,12.0,magnet,0.4,BSA,COOH,3,3.7437500000000004,5006.234169006348
132,0.4_BSA_PEG_control_r1,12.0,control,0.4,BSA,PEG,1,2.0479166666666666,3338.8655738830566
133,0.4_BSA_PEG_control_r2,12.0,control,0.4,BSA,PEG,2,1.8416666666666668,2819.560791015625
134,0.4_BSA_PEG_control_r3,12.0,control,0.4,BSA,PEG,3,2.002083333333333,2907.88858795166
135,0.4_BSA_COOH_control_r1,12.0,control,0.4,BSA,COOH,1,1.7729166666666667,1625.2426719665527
136,0.4_BSA_COOH_control_r2,12.0,control,0.4,BSA,COOH,2,6.08125,8372.958836555481
137,0.4_BSA_COOH_control_r3,12.0,control,0.4,BSA,COOH,3,6.058333333333334,8600.749140739441
138,0.4_BSA_PEG_magnet_r1,21.5,magnet,0.4,BSA,PEG,1,3.8812499999999996,3100.899890899658
139,0.4_BSA_PEG_magnet_r2,21.5,magnet,0.4,BSA,PEG,2,3.583333333333333,2994.6724548339844
140,0.4_BSA_PEG_magnet_r3,21.5,magnet,0.4,BSA,PEG,3,3.5374999999999996,3046.2558822631836
141,0.4_BSA_COOH_magnet_r1,21.5,magnet,0.4,BSA,COOH,1,2.345833333333333,2522.0918579101562
142,0.4_BSA_COOH_magnet_r2,21.5,magnet,0.4,BSA,COOH,2,3.4229166666666666,4675.421245574951
143,0.4_BSA_COOH_magnet_r3,21.5,magnet,0.4,BSA,COOH,3,3.904166666666667,4900.180442810059
144,0.4_BSA_PEG_control_r1,21.5,control,0.4,BSA,PEG,1,2.3916666666666666,4417.685443878174
145,0.4_BSA_PEG_control_r2,21.5,control,0.4,BSA,PEG,2,2.689583333333333,3541.0376358032227
146,0.4_BSA_PEG_control_r3,21.5,control,0.4,BSA,PEG,3,2.277083333333333,3317.908187866211
147,0.4_BSA_COOH_control_r1,21.5,control,0.4,BSA,COOH,1,2.1625,2406.0230865478516
149,0.4_BSA_COOH_control_r3,21.5,control,0.4,BSA,COOH,3,3.125,2934.8686599731445
150,0.4_non-BSA_PEG_magnet_r1,0.0,magnet,0.4,non-BSA,PEG,1,3.1708333333333334,2378.7149620056152
151,0.4_non-BSA_PEG_magnet_r1,0.0,magnet,0.4,non-BSA,PEG,1,2.4375,2103.5015964508057
152,0.4_non-BSA_PEG_magnet_r2,0.0,magnet,0.4,non-BSA,PEG,2,3.1937499999999996,2844.6262435913086
153,0.4_non-BSA_PEG_magnet_r2,0.0,magnet,0.4,non-BSA,PEG,2,2.9875,2757.8557319641113
154,0.4_non-BSA_PEG_magnet_r3,0.0,magnet,0.4,non-BSA,PEG,3,2.5520833333333335,3906.799934387207
155,0.4_non-BSA_PEG_magnet_r3,0.0,magnet,0.4,non-BSA,PEG,3,2.3229166666666665,4065.5050659179688
156,0.4_non-BSA_COOH_magnet_r1,0.0,magnet,0.4,non-BSA,COOH,1,3.4916666666666663,3868.4949989318848
157,0.4_non-BSA_COOH_magnet_r2,0.0,magnet,0.4,non-BSA,COOH,2,3.1937499999999996,4007.086908340454
158,0.4_non-BSA_COOH_magnet_r1,0.0,magnet,0.4,non-BSA,COOH,1,2.5520833333333335,2865.6162490844727
159,0.4_non-BSA_COOH_magnet_r2,0.0,magnet,0.4,non-BSA,COOH,2,3.1020833333333337,4066.0130920410156
160,0.4_non-BSA_COOH_magnet_r3,0.0,magnet,0.4,non-BSA,COOH,3,2.872916666666667,3505.1885299682617
161,0.4_non-BSA_COOH_magnet_r3,0.0,magnet,0.4,non-BSA,COOH,3,2.09375,2454.127830505371
162,0.4_non-BSA_PEG_control_r1,0.0,control,0.4,non-BSA,PEG,1,2.277083333333333,4109.963958740234
163,0.4_non-BSA_PEG_control_r2,0.0,control,0.4,non-BSA,PEG,2,3.1937499999999996,5147.491962432861
164,0.4_non-BSA_PEG_control_r3,0.0,control,0.4,non-BSA,PEG,3,1.81875,4172.088581085205
165,0.4_non-BSA_COOH_control_r1,0.0,control,0.4,non-BSA,COOH,1,2.529166666666667,5221.767009735107
166,0.4_non-BSA_COOH_control_r2,0.0,control,0.4,non-BSA,COOH,2,2.529166666666667,3311.1411304473877
167,0.4_non-BSA_COOH_control_r3,0.0,control,0.4,non-BSA,COOH,3,3.8354166666666663,4753.0427169799805
168,0.4_non-BSA_PEG_magnet_r1,1.0,magnet,0.4,non-BSA,PEG,1,2.9875,2364.7413024902344
169,0.4_non-BSA_PEG_magnet_r2,1.0,magnet,0.4,non-BSA,PEG,2,3.125,3704.6326599121094
170,0.4_non-BSA_PEG_magnet_r3,1.0,magnet,0.4,non-BSA,PEG,3,2.36875,3701.5295333862305
171,0.4_non-BSA_COOH_magnet_r1,1.0,magnet,0.4,non-BSA,COOH,1,2.4375,3028.3706092834473
172,0.4_non-BSA_COOH_magnet_r2,1.0,magnet,0.4,non-BSA,COOH,2,0.16874999999999996,839.5738143920898
173,0.4_non-BSA_COOH_magnet_r3,1.0,magnet,0.4,non-BSA,COOH,3,2.64375,3227.7543716430664
174,0.4_non-BSA_PEG_control_r1,1.0,control,0.4,non-BSA,PEG,1,2.85,4321.927928924561
175,0.4_non-BSA_PEG_control_r2,1.0,control,0.4,non-BSA,PEG,2,0.85625,5661.603103637695
176,0.4_non-BSA_PEG_control_r3,1.0,control,0.4,non-BSA,PEG,3,3.239583333333333,6237.419553756714
177,0.4_non-BSA_COOH_control_r2,1.0,control,0.4,non-BSA,COOH,2,2.91875,6176.254047393799
178,0.4_non-BSA_COOH_control_r1,1.0,control,0.4,non-BSA,COOH,1,3.904166666666667,4387.223064422607
179,0.4_non-BSA_COOH_control_r3,1.0,control,0.4,non-BSA,COOH,3,3.8125,5276.008279800415
180,0.4_non-BSA_PEG_magnet_r1,2.0,magnet,0.4,non-BSA,PEG,1,2.4145833333333333,2571.0034255981445
181,0.4_non-BSA_PEG_magnet_r2,2.0,magnet,0.4,non-BSA,PEG,2,2.36875,3750.924533843994
182,0.4_non-BSA_PEG_magnet_r3,2.0,magnet,0.4,non-BSA,PEG,3,2.3,3943.522876739502
183,0.4_non-BSA_COOH_magnet_r1,2.0,magnet,0.4,non-BSA,COOH,1,2.529166666666667,3038.950710296631
184,0.4_non-BSA_COOH_magnet_r2,2.0,magnet,0.4,non-BSA,COOH,2,3.216666666666667,4098.583660125732
185,0.4_non-BSA_COOH_magnet_r3,2.0,magnet,0.4,non-BSA,COOH,3,2.7354166666666666,3664.6129875183105
186,0.4_non-BSA_PEG_control_r1,2.0,control,0.4,non-BSA,PEG,1,2.78125,4172.099946975708
187,0.4_non-BSA_PEG_control_r2,2.0,control,0.4,non-BSA,PEG,2,3.125,5865.563968658447
188,0.4_non-BSA_PEG_control_r3,2.0,control,0.4,non-BSA,PEG,3,3.7895833333333337,5808.288524627686
189,0.4_non-BSA_COOH_control_r1,2.0,control,0.4,non-BSA,COOH,1,3.1479166666666663,5818.311637878418
190,0.4_non-BSA_COOH_control_r2,2.0,control,0.4,non-BSA,COOH,2,3.904166666666667,4621.668962478638
191,0.4_non-BSA_COOH_control_r3,2.0,control,0.4,non-BSA,COOH,3,3.216666666666667,5935.610065460205
192,0.4_non-BSA_PEG_magnet_r1,3.0,magnet,0.4,non-BSA,PEG,1,3.1020833333333337,2669.1279907226562
193,0.4_non-BSA_PEG_magnet_r2,3.0,magnet,0.4,non-BSA,PEG,2,2.575,4215.904836654663
194,0.4_non-BSA_PEG_magnet_r3,3.0,magnet,0.4,non-BSA,PEG,3,2.5520833333333335,3750.8554878234863
195,0.4_non-BSA_COOH_magnet_r1,3.0,magnet,0.4,non-BSA,COOH,1,2.575,3562.498363494873
196,0.4_non-BSA_COOH_magnet_r2,3.0,magnet,0.4,non-BSA,COOH,2,3.125,4482.993450164795
197,0.4_non-BSA_COOH_magnet_r3,3.0,magnet,0.4,non-BSA,COOH,3,3.216666666666667,3946.2557067871094
198,0.4_non-BSA_PEG_control_r1,3.0,control,0.4,non-BSA,PEG,1,2.78125,4261.513080596924
199,0.4_non-BSA_PEG_control_r2,3.0,control,0.4,non-BSA,PEG,2,0.8333333333333333,5986.757255554199
200,0.4_non-BSA_PEG_control_r3,3.0,control,0.4,non-BSA,PEG,3,4.179166666666666,6154.098213195801
201,0.4_non-BSA_COOH_control_r1,3.0,control,0.4,non-BSA,COOH,1,2.64375,6834.150806427002
202,0.4_non-BSA_COOH_control_r2,3.0,control,0.4,non-BSA,COOH,2,5.072916666666667,6267.405223846436
203,0.4_non-BSA_COOH_control_r3,3.0,control,0.4,non-BSA,COOH,3,4.729166666666667,6751.764106750488
204,0.4_non-BSA_PEG_magnet_r1,4.0,magnet,0.4,non-BSA,PEG,1,3.1937499999999996,2955.3050117492676
205,0.4_non-BSA_PEG_magnet_r2,4.0,magnet,0.4,non-BSA,PEG,2,2.7125,4339.165571212769
206,0.4_non-BSA_PEG_magnet_r3,4.0,magnet,0.4,non-BSA,PEG,3,2.575,4111.783546447754
207,0.4_non-BSA_COOH_magnet_r1,4.0,magnet,0.4,non-BSA,COOH,1,2.7125,4055.403232574463
208,0.4_non-BSA_COOH_magnet_r2,4.0,magnet,0.4,non-BSA,COOH,2,3.4916666666666663,5144.818300247192
209,0.4_non-BSA_COOH_magnet_r3,4.0,magnet,0.4,non-BSA,COOH,3,3.216666666666667,4351.259117126465
210,0.4_non-BSA_PEG_control_r1,4.0,control,0.4,non-BSA,PEG,1,2.1166666666666667,2288.603427886963
211,0.4_non-BSA_PEG_control_r2,4.0,control,0.4,non-BSA,PEG,2,3.033333333333333,5387.219680786133
212,0.4_non-BSA_PEG_control_r3,4.0,control,0.4,non-BSA,PEG,3,4.3625,6702.714828491211
213,0.4_non-BSA_COOH_control_r1,4.0,control,0.4,non-BSA,COOH,1,2.6666666666666665,6811.393342971802
214,0.4_non-BSA_COOH_control_r2,4.0,control,0.4,non-BSA,COOH,2,5.164583333333334,5478.785318374634
215,0.4_non-BSA_COOH_control_r3,4.0,control,0.4,non-BSA,COOH,3,4.775,7413.953926086426
216,0.4_non-BSA_PEG_magnet_r1,5.0,magnet,0.4,non-BSA,PEG,1,3.33125,3491.691562652588
217,0.4_non-BSA_PEG_magnet_r2,5.0,magnet,0.4,non-BSA,PEG,2,2.7354166666666666,4059.0688705444336
218,0.4_non-BSA_PEG_magnet_r3,5.0,magnet,0.4,non-BSA,PEG,3,2.529166666666667,3807.816333770752
219,0.4_non-BSA_COOH_magnet_r1,5.0,magnet,0.4,non-BSA,COOH,1,3.7666666666666666,4552.108383178711
220,0.4_non-BSA_COOH_magnet_r2,5.0,magnet,0.4,non-BSA,COOH,2,3.7895833333333337,5286.809543609619
221,0.4_non-BSA_COOH_magnet_r3,5.0,magnet,0.4,non-BSA,COOH,3,3.8125,4372.571964263916
222,0.4_non-BSA_PEG_control_r1,5.0,control,0.4,non-BSA,PEG,1,2.7354166666666666,2222.639190673828
223,0.4_non-BSA_PEG_control_r2,5.0,control,0.4,non-BSA,PEG,2,3.4916666666666663,5103.927780151367
224,0.4_non-BSA_PEG_control_r3,5.0,control,0.4,non-BSA,PEG,3,4.316666666666666,6248.314846038818
225,0.4_non-BSA_COOH_control_r1,5.0,control,0.4,non-BSA,COOH,1,3.1479166666666663,5912.432666778564
226,0.4_non-BSA_COOH_control_r2,5.0,control,0.4,non-BSA,COOH,2,5.164583333333334,5151.111419677734
227,0.4_non-BSA_COOH_control_r3,5.0,control,0.4,non-BSA,COOH,3,4.270833333333333,7440.860488891602
228,0.4_non-BSA_PEG_magnet_r1,6.0,magnet,0.4,non-BSA,PEG,1,3.377083333333333,3401.624626159668
229,0.4_non-BSA_PEG_magnet_r2,6.0,magnet,0.4,non-BSA,PEG,2,2.964583333333333,4082.191858291626
230,0.4_non-BSA_PEG_magnet_r3,6.0,magnet,0.4,non-BSA,PEG,3,2.575,3748.3640632629395
231,0.4_non-BSA_COOH_magnet_r1,6.0,magnet,0.4,non-BSA,COOH,1,3.1937499999999996,4419.0376052856445
232,0.4_non-BSA_COOH_magnet_r2,6.0,magnet,0.4,non-BSA,COOH,2,3.46875,5458.429599761963
233,0.4_non-BSA_COOH_magnet_r3,6.0,magnet,0.4,non-BSA,COOH,3,3.2625,4315.360549926758
234,0.4_non-BSA_PEG_control_r1,6.0,control,0.4,non-BSA,PEG,1,1.6124999999999998,1525.885196685791
235,0.4_non-BSA_PEG_control_r2,6.0,control,0.4,non-BSA,PEG,2,3.0791666666666666,4992.403408050537
236,0.4_non-BSA_PEG_control_r3,6.0,control,0.4,non-BSA,PEG,3,3.4916666666666663,7140.872119903564
237,0.4_non-BSA_COOH_control_r1,6.0,control,0.4,non-BSA,COOH,1,2.8958333333333335,6615.990146636963
238,0.4_non-BSA_COOH_control_r2,6.0,control,0.4,non-BSA,COOH,2,5.210416666666666,4853.731056213379
239,0.4_non-BSA_COOH_control_r3,6.0,control,0.4,non-BSA,COOH,3,4.775,6461.246128082275
240,0.4_non-BSA_PEG_magnet_r1,7.5,magnet,0.4,non-BSA,PEG,1,3.95,3431.954002380371
241,0.4_non-BSA_PEG_magnet_r2,7.5,magnet,0.4,non-BSA,PEG,2,2.964583333333333,4087.36053276062
242,0.4_non-BSA_PEG_magnet_r3,7.5,magnet,0.4,non-BSA,PEG,3,2.23125,3961.0457916259766
243,0.4_non-BSA_COOH_magnet_r1,7.5,magnet,0.4,non-BSA,COOH,1,4.01875,4370.550750732422
244,0.4_non-BSA_COOH_magnet_r2,7.5,magnet,0.4,non-BSA,COOH,2,3.560416666666667,5522.400085449219
245,0.4_non-BSA_COOH_magnet_r3,7.5,magnet,0.4,non-BSA,COOH,3,3.239583333333333,4354.416595458984
246,0.4_non-BSA_PEG_control_r1,7.5,control,0.4,non-BSA,PEG,1,1.7958333333333334,1922.72798538208
247,0.4_non-BSA_PEG_control_r2,7.5,control,0.4,non-BSA,PEG,2,0.9937499999999999,5600.039402008057
248,0.4_non-BSA_PEG_control_r3,7.5,control,0.4,non-BSA,PEG,3,3.33125,6667.059150695801
249,0.4_non-BSA_COOH_control_r1,7.5,control,0.4,non-BSA,COOH,1,3.33125,5735.87873840332
250,0.4_non-BSA_COOH_control_r2,7.5,control,0.4,non-BSA,COOH,2,5.25625,5286.035850524902
251,0.4_non-BSA_COOH_control_r3,7.5,control,0.4,non-BSA,COOH,3,4.797916666666667,6455.9198360443115
252,0.4_non-BSA_PEG_magnet_r1,9.0,magnet,0.4,non-BSA,PEG,1,3.9729166666666664,3418.325984954834
253,0.4_non-BSA_PEG_magnet_r2,9.0,magnet,0.4,non-BSA,PEG,2,3.1479166666666663,4297.0229415893555
254,0.4_non-BSA_PEG_magnet_r3,9.0,magnet,0.4,non-BSA,PEG,3,2.8270833333333334,4063.106777191162
255,0.4_non-BSA_COOH_magnet_r1,9.0,magnet,0.4,non-BSA,COOH,1,4.110416666666667,4221.822788238525
256,0.4_non-BSA_COOH_magnet_r2,9.0,magnet,0.4,non-BSA,COOH,2,3.675,5505.5000648498535
257,0.4_non-BSA_COOH_magnet_r3,9.0,magnet,0.4,non-BSA,COOH,3,3.33125,4003.9326972961426
258,0.4_non-BSA_PEG_control_r1,9.0,control,0.4,non-BSA,PEG,1,2.91875,1999.704792022705
259,0.4_non-BSA_PEG_control_r2,9.0,control,0.4,non-BSA,PEG,2,3.6291666666666664,4935.36074256897
260,0.4_non-BSA_PEG_control_r3,9.0,control,0.4,non-BSA,PEG,3,3.8125,7108.917907714844
261,0.4_non-BSA_COOH_control_r1,9.0,control,0.4,non-BSA,COOH,1,2.7583333333333333,5304.572118759155
262,0.4_non-BSA_COOH_control_r2,9.0,control,0.4,non-BSA,COOH,2,5.210416666666666,4807.082088470459
263,0.4_non-BSA_COOH_control_r3,9.0,control,0.4,non-BSA,COOH,3,4.797916666666667,6768.481777191162
264,0.4_non-BSA_PEG_magnet_r1,10.5,magnet,0.4,non-BSA,PEG,1,3.5374999999999996,3641.2490234375
265,0.4_non-BSA_PEG_magnet_r2,10.5,magnet,0.4,non-BSA,PEG,2,3.2625,4275.3247146606445
266,0.4_non-BSA_PEG_magnet_r3,10.5,magnet,0.4,non-BSA,PEG,3,2.85,3667.019748687744
267,0.4_non-BSA_COOH_magnet_r1,10.5,magnet,0.4,non-BSA,COOH,1,4.202083333333333,4168.014549255371
268,0.4_non-BSA_COOH_magnet_r2,10.5,magnet,0.4,non-BSA,COOH,2,4.5,5532.829536437988
269,0.4_non-BSA_COOH_magnet_r3,10.5,magnet,0.4,non-BSA,COOH,3,4.591666666666667,4545.852443695068
270,0.4_non-BSA_PEG_control_r1,10.5,control,0.4,non-BSA,PEG,1,2.91875,2106.6066131591797
271,0.4_non-BSA_PEG_control_r2,10.5,control,0.4,non-BSA,PEG,2,3.1479166666666663,4329.750816345215
272,0.4_non-BSA_PEG_control_r3,10.5,control,0.4,non-BSA,PEG,3,3.2625,6319.544139862061
273,0.4_non-BSA_COOH_control_r1,10.5,control,0.4,non-BSA,COOH,1,3.010416666666667,6476.724639892578
274,0.4_non-BSA_COOH_control_r2,10.5,control,0.4,non-BSA,COOH,2,5.325,5120.417886734009
275,0.4_non-BSA_COOH_control_r3,10.5,control,0.4,non-BSA,COOH,3,4.316666666666666,7054.825977325439
276,0.4_non-BSA_PEG_magnet_r1,12.0,magnet,0.4,non-BSA,PEG,1,3.6291666666666664,3708.360580444336
277,0.4_non-BSA_PEG_magnet_r2,12.0,magnet,0.4,non-BSA,PEG,2,3.1937499999999996,4013.1738243103027
278,0.4_non-BSA_PEG_magnet_r3,12.0,magnet,0.4,non-BSA,PEG,3,2.78125,3725.770637512207
279,0.4_non-BSA_COOH_magnet_r1,12.0,magnet,0.4,non-BSA,COOH,1,3.7437500000000004,4191.383560180664
280,0.4_non-BSA_COOH_magnet_r2,12.0,magnet,0.4,non-BSA,COOH,2,4.041666666666667,5362.021240234375
281,0.4_non-BSA_COOH_magnet_r3,12.0,magnet,0.4,non-BSA,COOH,3,3.95,3996.3145446777344
282,0.4_non-BSA_PEG_control_r1,12.0,control,0.4,non-BSA,PEG,1,1.75,1922.3309860229492
283,0.4_non-BSA_PEG_control_r2,12.0,control,0.4,non-BSA,PEG,2,2.8958333333333335,3868.750759124756
284,0.4_non-BSA_PEG_control_r3,12.0,control,0.4,non-BSA,PEG,3,3.5145833333333334,6210.557285308838
285,0.4_non-BSA_COOH_control_r1,12.0,control,0.4,non-BSA,COOH,1,2.872916666666667,5957.911418914795
286,0.4_non-BSA_COOH_control_r2,12.0,control,0.4,non-BSA,COOH,2,5.233333333333333,5008.947525024414
287,0.4_non-BSA_COOH_control_r3,12.0,control,0.4,non-BSA,COOH,3,4.110416666666667,6353.934600830078
288,0.4_non-BSA_PEG_magnet_r2,21.5,magnet,0.4,non-BSA,PEG,2,3.7666666666666666,3388.5769996643066
289,0.4_non-BSA_PEG_magnet_r3,21.5,magnet,0.4,non-BSA,PEG,3,3.4229166666666666,3837.131088256836
290,0.4_non-BSA_PEG_magnet_r1,21.5,magnet,0.4,non-BSA,PEG,1,3.0562500000000004,4200.747615814209
291,0.4_non-BSA_COOH_magnet_r1,21.5,magnet,0.4,non-BSA,COOH,1,3.8125,3742.5639877319336
292,0.4_non-BSA_COOH_magnet_r3,21.5,magnet,0.4,non-BSA,COOH,3,4.270833333333333,2771.3340797424316
293,0.4_non-BSA_COOH_magnet_r2,21.5,magnet,0.4,non-BSA,COOH,2,3.8354166666666663,4488.256214141846
294,0.4_non-BSA_PEG_control_r1,21.5,control,0.4,non-BSA,PEG,1,2.09375,3021.8853912353516
295,0.4_non-BSA_PEG_control_r2,21.5,control,0.4,non-BSA,PEG,2,3.6291666666666664,4942.900114059448
296,0.4_non-BSA_PEG_control_r3,21.5,control,0.4,non-BSA,PEG,3,2.689583333333333,6634.177093505859
297,0.4_non-BSA_COOH_control_r1,21.5,control,0.4,non-BSA,COOH,1,3.125,7059.396991729736
298,0.4_non-BSA_COOH_control_r2,21.5,control,0.4,non-BSA,COOH,2,5.1875,5401.593563079834
299,0.4_non-BSA_COOH_control_r3,21.5,control,0.4,non-BSA,COOH,3,4.408333333333333,7099.877019882202
300,0.6_BSA_PEG_magnet_r1,0.0,magnet,0.6,BSA,PEG,1,2.620833333333333,3110.7572898864746
301,0.6_BSA_PEG_magnet_r1,0.0,magnet,0.6,BSA,PEG,1,3.1708333333333334,3312.9850749969482
302,0.6_BSA_PEG_magnet_r2,0.0,magnet,0.6,BSA,PEG,2,3.1937499999999996,3149.09521484375
303,0.6_BSA_PEG_magnet_r2,0.0,magnet,0.6,BSA,PEG,2,2.4833333333333334,2756.1476249694824
304,0.6_BSA_PEG_magnet_r3,0.0,magnet,0.6,BSA,PEG,3,3.125,2825.1801567077637
305,0.6_BSA_PEG_magnet_r2,0.0,magnet,0.6,BSA,PEG,2,2.964583333333333,2719.681987762451
306,0.6_BSA_COOH_magnet_r2,0.0,magnet,0.6,BSA,COOH,2,2.964583333333333,2790.8163986206055
307,0.6_BSA_COOH_magnet_r2,0.0,magnet,0.6,BSA,COOH,2,2.1625,2845.600051879883
308,0.6_BSA_COOH_magnet_r3,0.0,magnet,0.6,BSA,COOH,3,2.9875,2732.750930786133
309,0.6_BSA_COOH_magnet_r3,0.0,magnet,0.6,BSA,COOH,3,2.597916666666667,2776.1640434265137
310,0.6_BSA_COOH_magnet_r1,0.0,magnet,0.6,BSA,COOH,1,1.7958333333333334,3210.914707183838
311,0.6_BSA_COOH_magnet_r2,0.0,magnet,0.6,BSA,COOH,2,1.3604166666666666,2672.524612426758
312,0.6_BSA_PEG_control_r1,0.0,control,0.6,BSA,PEG,1,3.216666666666667,2717.55415725708
313,0.6_BSA_PEG_control_r2,0.0,control,0.6,BSA,PEG,2,1.3604166666666666,2645.255870819092
314,0.6_BSA_PEG_control_r3,0.0,control,0.6,BSA,PEG,3,1.6354166666666665,2996.688461303711
315,0.6_BSA_COOH_control_r1,0.0,control,0.6,BSA,COOH,1,2.7354166666666666,5146.880346298218
316,0.6_BSA_COOH_control_r2,0.0,control,0.6,BSA,COOH,2,3.3083333333333336,3528.6690673828125
317,0.6_BSA_COOH_control_r3,0.0,control,0.6,BSA,COOH,3,2.8958333333333335,4386.210023880005
318,0.6_BSA_PEG_magnet_r1,1.0,magnet,0.6,BSA,PEG,1,2.597916666666667,3247.1217498779297
319,0.6_BSA_PEG_magnet_r2,1.0,magnet,0.6,BSA,PEG,2,2.50625,2893.9966564178467
320,0.6_BSA_PEG_magnet_r3,1.0,magnet,0.6,BSA,PEG,3,2.9875,2529.809829711914
321,0.6_BSA_COOH_magnet_r1,1.0,magnet,0.6,BSA,COOH,1,2.277083333333333,2627.806615829468
322,0.6_BSA_COOH_magnet_r2,1.0,magnet,0.6,BSA,COOH,2,2.689583333333333,3067.539312362671
323,0.6_BSA_COOH_magnet_r3,1.0,magnet,0.6,BSA,COOH,3,1.2458333333333331,2646.3474655151367
324,0.6_BSA_PEG_control_r1,1.0,control,0.6,BSA,PEG,1,2.3229166666666665,2695.803367614746
325,0.6_BSA_PEG_control_r2,1.0,control,0.6,BSA,PEG,2,3.46875,3878.2754096984863
326,0.6_BSA_PEG_control_r3,1.0,control,0.6,BSA,PEG,3,3.4916666666666663,4415.528003692627
327,0.6_BSA_COOH_control_r1,1.0,control,0.6,BSA,COOH,1,2.964583333333333,5694.209796905518
328,0.6_BSA_COOH_control_r2,1.0,control,0.6,BSA,COOH,2,3.4916666666666663,3949.7604656219482
329,0.6_BSA_COOH_control_r3,1.0,control,0.6,BSA,COOH,3,3.9729166666666664,5667.303281784058
330,0.6_BSA_PEG_magnet_r1,2.0,magnet,0.6,BSA,PEG,1,2.2083333333333335,2847.508140563965
331,0.6_BSA_PEG_magnet_r2,2.0,magnet,0.6,BSA,PEG,2,3.216666666666667,3009.1574172973633
332,0.6_BSA_PEG_magnet_r3,2.0,magnet,0.6,BSA,PEG,3,2.3,2488.1442947387695
333,0.6_BSA_COOH_magnet_r1,2.0,magnet,0.6,BSA,COOH,1,2.3229166666666665,1919.6788024902344
334,0.6_BSA_COOH_magnet_r2,2.0,magnet,0.6,BSA,COOH,2,2.09375,1255.3147430419922
335,0.6_BSA_COOH_magnet_r3,2.0,magnet,0.6,BSA,COOH,3,2.3229166666666665,3237.012985229492
336,0.6_BSA_PEG_control_r1,2.0,control,0.6,BSA,PEG,1,2.597916666666667,3553.7145919799805
337,0.6_BSA_PEG_control_r2,2.0,control,0.6,BSA,PEG,2,2.7125,4342.298385620117
338,0.6_BSA_PEG_control_r3,2.0,control,0.6,BSA,PEG,3,2.872916666666667,5505.944427490234
339,0.6_BSA_COOH_control_r1,2.0,control,0.6,BSA,COOH,1,0.6499999999999999,1721.740867614746
340,0.6_BSA_COOH_control_r2,2.0,control,0.6,BSA,COOH,2,2.85,3659.1753482818604
341,0.6_BSA_COOH_control_r3,2.0,control,0.6,BSA,COOH,3,3.9729166666666664,5440.91170501709
342,0.6_BSA_PEG_magnet_r1,3.0,magnet,0.6,BSA,PEG,1,2.4145833333333333,3145.3277015686035
343,0.6_BSA_PEG_magnet_r2,3.0,magnet,0.6,BSA,PEG,2,2.9875,2754.6948890686035
344,0.6_BSA_PEG_magnet_r3,3.0,magnet,0.6,BSA,PEG,3,2.4145833333333333,2220.4328079223633
345,0.6_BSA_COOH_magnet_r1,3.0,magnet,0.6,BSA,COOH,1,2.4145833333333333,1858.9771575927734
346,0.6_BSA_COOH_magnet_r2,3.0,magnet,0.6,BSA,COOH,2,2.1625,1454.001672744751
347,0.6_BSA_COOH_magnet_r3,3.0,magnet,0.6,BSA,COOH,3,3.010416666666667,2823.4802627563477
348,0.6_BSA_PEG_control_r1,3.0,control,0.6,BSA,PEG,1,2.4604166666666667,2688.13761138916
349,0.6_BSA_PEG_control_r2,3.0,control,0.6,BSA,PEG,2,2.8041666666666667,4438.272178649902
350,0.6_BSA_PEG_control_r3,3.0,control,0.6,BSA,PEG,3,3.3083333333333336,4492.885448455811
351,0.6_BSA_COOH_control_r1,3.0,control,0.6,BSA,COOH,1,2.3229166666666665,5329.957481384277
352,0.6_BSA_COOH_control_r2,3.0,control,0.6,BSA,COOH,2,3.60625,5598.816627502441
353,0.6_BSA_COOH_control_r3,3.0,control,0.6,BSA,COOH,3,3.560416666666667,5984.798442840576
354,0.6_BSA_PEG_magnet_r1,4.0,magnet,0.6,BSA,PEG,1,2.529166666666667,2875.4489364624023
355,0.6_BSA_PEG_magnet_r2,4.0,magnet,0.6,BSA,PEG,2,0.10000000000000009,207.98854446411133
356,0.6_BSA_PEG_magnet_r3,4.0,magnet,0.6,BSA,PEG,3,2.529166666666667,2415.3049659729004
357,0.6_BSA_COOH_magnet_r1,4.0,magnet,0.6,BSA,COOH,1,3.125,2023.5393104553223
358,0.6_BSA_COOH_magnet_r2,4.0,magnet,0.6,BSA,COOH,2,0.5125,2953.336025238037
359,0.6_BSA_COOH_magnet_r3,4.0,magnet,0.6,BSA,COOH,3,2.9875,3290.1736221313477
360,0.6_BSA_PEG_control_r1,4.0,control,0.6,BSA,PEG,1,2.941666666666667,2562.9804763793945
361,0.6_BSA_PEG_control_r2,4.0,control,0.6,BSA,PEG,2,2.620833333333333,3908.432792663574
362,0.6_BSA_PEG_control_r3,4.0,control,0.6,BSA,PEG,3,3.239583333333333,4720.574020385742
363,0.6_BSA_COOH_control_r2,4.0,control,0.6,BSA,COOH,2,3.60625,3663.2787857055664
364,0.6_BSA_COOH_control_r3,4.0,control,0.6,BSA,COOH,3,4.247916666666667,6001.3211669921875
365,0.6_BSA_COOH_control_r1,4.0,control,0.6,BSA,COOH,1,3.239583333333333,4311.943992614746
366,0.6_BSA_PEG_magnet_r1,5.0,magnet,0.6,BSA,PEG,1,1.40625,1483.514720916748
367,0.6_BSA_PEG_magnet_r2,5.0,magnet,0.6,BSA,PEG,2,2.3916666666666666,2540.731201171875
368,0.6_BSA_PEG_magnet_r3,5.0,magnet,0.6,BSA,PEG,3,2.7125,2727.8704147338867
369,0.6_BSA_COOH_magnet_r1,5.0,magnet,0.6,BSA,COOH,1,2.689583333333333,2234.3542251586914
370,0.6_BSA_COOH_magnet_r2,5.0,magnet,0.6,BSA,COOH,2,2.5520833333333335,2253.688804626465
371,0.6_BSA_COOH_magnet_r3,5.0,magnet,0.6,BSA,COOH,3,2.6666666666666665,3683.1869468688965
372,0.6_BSA_PEG_control_r2,5.0,control,0.6,BSA,PEG,2,2.345833333333333,3716.9409790039062
373,0.6_BSA_PEG_control_r3,5.0,control,0.6,BSA,PEG,3,3.1708333333333334,4393.301525115967
374,0.6_BSA_PEG_control_r1,5.0,control,0.6,BSA,PEG,1,2.941666666666667,2394.1542358398438
375,0.6_BSA_COOH_control_r1,5.0,control,0.6,BSA,COOH,1,2.597916666666667,4424.481964111328
376,0.6_BSA_COOH_control_r2,5.0,control,0.6,BSA,COOH,2,3.5374999999999996,3473.254077911377
377,0.6_BSA_COOH_control_r3,5.0,control,0.6,BSA,COOH,3,4.133333333333334,5060.436012268066
378,0.6_BSA_PEG_magnet_r1,6.0,magnet,0.6,BSA,PEG,1,2.597916666666667,3070.2426795959473
379,0.6_BSA_PEG_magnet_r2,6.0,magnet,0.6,BSA,PEG,2,2.2083333333333335,2869.2360496520996
380,0.6_BSA_PEG_magnet_r3,6.0,magnet,0.6,BSA,PEG,3,2.85,2697.23441696167
381,0.6_BSA_COOH_magnet_r1,6.0,magnet,0.6,BSA,COOH,1,2.50625,2471.104965209961
382,0.6_BSA_COOH_magnet_r2,6.0,magnet,0.6,BSA,COOH,2,2.64375,2255.7196140289307
383,0.6_BSA_COOH_magnet_r3,6.0,magnet,0.6,BSA,COOH,3,2.6666666666666665,3716.5966567993164
384,0.6_BSA_PEG_control_r1,6.0,control,0.6,BSA,PEG,1,2.3916666666666666,3673.4967918395996
385,0.6_BSA_PEG_control_r2,6.0,control,0.6,BSA,PEG,2,2.9875,3242.4048023223877
386,0.6_BSA_PEG_control_r3,6.0,control,0.6,BSA,PEG,3,2.5520833333333335,5090.252435684204
387,0.6_BSA_COOH_control_r2,6.0,control,0.6,BSA,COOH,2,3.354166666666667,3054.6719970703125
388,0.6_BSA_COOH_control_r1,6.0,control,0.6,BSA,COOH,1,2.5520833333333335,2894.7426567077637
389,0.6_BSA_COOH_control_r3,6.0,control,0.6,BSA,COOH,3,3.697916666666667,5713.58349609375
390,0.6_BSA_PEG_magnet_r1,7.5,magnet,0.6,BSA,PEG,1,2.185416666666667,3081.6950035095215
391,0.6_BSA_PEG_magnet_r2,7.5,magnet,0.6,BSA,PEG,2,3.4458333333333337,3030.7113723754883
392,0.6_BSA_PEG_magnet_r3,7.5,magnet,0.6,BSA,PEG,3,2.872916666666667,2530.7805786132812
393,0.6_BSA_COOH_magnet_r1,7.5,magnet,0.6,BSA,COOH,1,2.529166666666667,2167.229579925537
394,0.6_BSA_COOH_magnet_r2,7.5,magnet,0.6,BSA,COOH,2,2.7583333333333333,2272.682004928589
395,0.6_BSA_COOH_magnet_r3,7.5,magnet,0.6,BSA,COOH,3,2.941666666666667,3856.9640197753906
396,0.6_BSA_PEG_control_r1,7.5,control,0.6,BSA,PEG,1,2.345833333333333,3420.996742248535
397,0.6_BSA_PEG_control_r2,7.5,control,0.6,BSA,PEG,2,2.0479166666666666,3672.4294967651367
398,0.6_BSA_PEG_control_r3,7.5,control,0.6,BSA,PEG,3,2.36875,5421.246246337891
399,0.6_BSA_COOH_control_r1,7.5,control,0.6,BSA,COOH,1,2.0479166666666666,4501.531440734863
400,0.6_BSA_COOH_control_r2,7.5,control,0.6,BSA,COOH,2,3.354166666666667,2916.0899200439453
401,0.6_BSA_COOH_control_r3,7.5,control,0.6,BSA,COOH,3,4.179166666666666,5017.875507354736
402,0.6_BSA_PEG_magnet_r1,9.0,magnet,0.6,BSA,PEG,1,2.7583333333333333,3664.583366394043
403,0.6_BSA_PEG_magnet_r2,9.0,magnet,0.6,BSA,PEG,2,2.78125,3125.1508407592773
404,0.6_BSA_PEG_magnet_r3,9.0,magnet,0.6,BSA,PEG,3,3.7437500000000004,4661.233337402344
406,0.6_BSA_COOH_magnet_r2,9.0,magnet,0.6,BSA,COOH,2,2.8041666666666667,2422.6214485168457
407,0.6_BSA_COOH_magnet_r3,9.0,magnet,0.6,BSA,COOH,3,3.1937499999999996,4381.6342697143555
408,0.6_BSA_PEG_control_r1,9.0,control,0.6,BSA,PEG,1,2.4375,3696.4424362182617
409,0.6_BSA_PEG_control_r2,9.0,control,0.6,BSA,PEG,2,2.964583333333333,3288.619674682617
410,0.6_BSA_PEG_control_r3,9.0,control,0.6,BSA,PEG,3,3.1937499999999996,5112.223014831543
411,0.6_BSA_COOH_control_r1,9.0,control,0.6,BSA,COOH,1,2.4145833333333333,5599.708343505859
412,0.6_BSA_COOH_control_r2,9.0,control,0.6,BSA,COOH,2,2.78125,3210.4672622680664
413,0.6_BSA_COOH_control_r3,9.0,control,0.6,BSA,COOH,3,4.133333333333334,5040.031017303467
414,0.6_BSA_PEG_magnet_r1,10.5,magnet,0.6,BSA,PEG,1,3.1479166666666663,4935.6423416137695
415,0.6_BSA_PEG_magnet_r2,10.5,magnet,0.6,BSA,PEG,2,2.7125,3400.53125
416,0.6_BSA_PEG_magnet_r3,10.5,magnet,0.6,BSA,PEG,3,4.179166666666666,4345.448978424072
417,0.6_BSA_COOH_magnet_r1,10.5,magnet,0.6,BSA,COOH,1,2.78125,2687.974075317383
418,0.6_BSA_COOH_magnet_r2,10.5,magnet,0.6,BSA,COOH,2,2.872916666666667,2380.1984062194824
419,0.6_BSA_COOH_magnet_r3,10.5,magnet,0.6,BSA,COOH,3,3.7437500000000004,6746.441135406494
420,0.6_BSA_PEG_control_r1,10.5,control,0.6,BSA,PEG,1,2.277083333333333,3199.600166320801
421,0.6_BSA_PEG_control_r2,10.5,control,0.6,BSA,PEG,2,2.025,3581.2999897003174
422,0.6_BSA_PEG_control_r3,10.5,control,0.6,BSA,PEG,3,6.127083333333333,12860.107933044434
423,0.6_BSA_COOH_control_r1,10.5,control,0.6,BSA,COOH,1,3.216666666666667,4073.3443908691406
424,0.6_BSA_COOH_control_r2,10.5,control,0.6,BSA,COOH,2,3.560416666666667,2765.799629211426
425,0.6_BSA_COOH_control_r3,10.5,control,0.6,BSA,COOH,3,3.4000000000000004,4159.242721557617
426,0.6_BSA_PEG_magnet_r1,12.0,magnet,0.6,BSA,PEG,1,2.64375,3918.783203125
427,0.6_BSA_PEG_magnet_r2,12.0,magnet,0.6,BSA,PEG,2,2.8270833333333334,3325.114891052246
428,0.6_BSA_PEG_magnet_r3,12.0,magnet,0.6,BSA,PEG,3,3.1479166666666663,3306.4816513061523
429,0.6_BSA_COOH_magnet_r1,12.0,magnet,0.6,BSA,COOH,1,2.7125,2497.6836891174316
430,0.6_BSA_COOH_magnet_r2,12.0,magnet,0.6,BSA,COOH,2,2.941666666666667,2872.645668029785
431,0.6_BSA_COOH_magnet_r3,12.0,magnet,0.6,BSA,COOH,3,3.8812499999999996,7078.437789916992
432,0.6_BSA_PEG_control_r1,12.0,control,0.6,BSA,PEG,1,1.75,2628.0950775146484
433,0.6_BSA_PEG_control_r2,12.0,control,0.6,BSA,PEG,2,2.529166666666667,2308.7737731933594
434,0.6_BSA_PEG_control_r3,12.0,control,0.6,BSA,PEG,3,1.9562499999999998,4893.7246170043945
435,0.6_BSA_COOH_control_r1,12.0,control,0.6,BSA,COOH,1,2.0708333333333333,4429.478614807129
436,0.6_BSA_COOH_control_r2,12.0,control,0.6,BSA,COOH,2,1.9104166666666669,1947.9444046020508
437,0.6_BSA_COOH_control_r3,12.0,control,0.6,BSA,COOH,3,4.202083333333333,5104.783981323242
438,0.6_BSA_PEG_magnet_r1,21.5,magnet,0.6,BSA,PEG,1,3.4916666666666663,3239.2295303344727
439,0.6_BSA_PEG_magnet_r2,21.5,magnet,0.6,BSA,PEG,2,2.8041666666666667,3384.354190826416
440,0.6_BSA_PEG_magnet_r3,21.5,magnet,0.6,BSA,PEG,3,3.216666666666667,2178.078887939453
441,0.6_BSA_COOH_magnet_r1,21.5,magnet,0.6,BSA,COOH,1,3.0791666666666666,1679.7001190185547
442,0.6_BSA_COOH_magnet_r2,21.5,magnet,0.6,BSA,COOH,2,2.872916666666667,2460.432403564453
443,0.6_BSA_COOH_magnet_r3,21.5,magnet,0.6,BSA,COOH,3,3.46875,3394.0329208374023
444,0.6_BSA_PEG_control_r1,21.5,control,0.6,BSA,PEG,1,1.8416666666666668,2940.2968139648438
446,0.6_BSA_PEG_control_r3,21.5,control,0.6,BSA,PEG,3,2.8270833333333334,4966.1245193481445
447,0.6_BSA_COOH_control_r1,21.5,control,0.6,BSA,COOH,1,2.7125,4486.540939331055
448,0.6_BSA_COOH_control_r2,21.5,control,0.6,BSA,COOH,2,2.964583333333333,3198.6554565429688
449,0.6_BSA_COOH_control_r3,21.5,control,0.6,BSA,COOH,3,3.675,4871.331367492676
450,0.6_non-BSA_PEG_magnet_r1,0.0,magnet,0.6,non-BSA,PEG,1,3.9958333333333336,2964.034267425537
451,0.6_non-BSA_PEG_magnet_r1,0.0,magnet,0.6,non-BSA,PEG,1,1.9791666666666665,1844.6558380126953
452,0.6_non-BSA_PEG_magnet_r2,0.0,magnet,0.6,non-BSA,PEG,2,2.345833333333333,2464.413055419922
453,0.6_non-BSA_PEG_magnet_r2,0.0,magnet,0.6,non-BSA,PEG,2,1.2916666666666665,1290.6835289001465
454,0.6_non-BSA_PEG_magnet_r3,0.0,magnet,0.6,non-BSA,PEG,3,3.239583333333333,4697.373756408691
455,0.6_non-BSA_PEG_magnet_r3,0.0,magnet,0.6,non-BSA,PEG,3,1.3145833333333332,2427.4328117370605
456,0.6_non-BSA_COOH_magnet_r1,0.0,magnet,0.6,non-BSA,COOH,1,1.7270833333333333,3066.649238586426
457,0.6_non-BSA_COOH_magnet_r1,0.0,magnet,0.6,non-BSA,COOH,1,1.2000000000000002,2283.9065074920654
458,0.6_non-BSA_COOH_magnet_r2,0.0,magnet,0.6,non-BSA,COOH,2,3.675,5422.337554931641
459,0.6_non-BSA_COOH_magnet_r2,0.0,magnet,0.6,non-BSA,COOH,2,3.3083333333333336,4858.304985046387
460,0.6_non-BSA_COOH_magnet_r3,0.0,magnet,0.6,non-BSA,COOH,3,3.560416666666667,3738.0556468963623
461,0.6_non-BSA_COOH_magnet_r3,0.0,magnet,0.6,non-BSA,COOH,3,3.4000000000000004,3469.5902557373047
462,0.6_non-BSA_PEG_control_r1,0.0,control,0.6,non-BSA,PEG,1,3.1708333333333334,3796.019805908203
463,0.6_non-BSA_PEG_control_r2,0.0,control,0.6,non-BSA,PEG,2,3.239583333333333,3463.2294731140137
464,0.6_non-BSA_PEG_control_r3,0.0,control,0.6,non-BSA,PEG,3,1.4979166666666668,3021.3573303222656
465,0.6_non-BSA_COOH_control_r1,0.0,control,0.6,non-BSA,COOH,1,3.033333333333333,5143.062400817871
466,0.6_non-BSA_COOH_control_r2,0.0,control,0.6,non-BSA,COOH,2,3.4229166666666666,3692.836082458496
467,0.6_non-BSA_COOH_control_r3,0.0,control,0.6,non-BSA,COOH,3,1.4979166666666668,3298.803337097168
468,0.6_non-BSA_PEG_magnet_r1,1.0,magnet,0.6,non-BSA,PEG,1,3.5374999999999996,2198.1835899353027
469,0.6_non-BSA_PEG_magnet_r2,1.0,magnet,0.6,non-BSA,PEG,2,2.64375,2533.8162384033203
470,0.6_non-BSA_PEG_magnet_r3,1.0,magnet,0.6,non-BSA,PEG,3,0.14583333333333326,454.6294918060303
471,0.6_non-BSA_COOH_magnet_r1,1.0,magnet,0.6,non-BSA,COOH,1,1.2229166666666669,2497.5048446655273
472,0.6_non-BSA_COOH_magnet_r2,1.0,magnet,0.6,non-BSA,COOH,2,2.872916666666667,5066.945835113525
473,0.6_non-BSA_COOH_magnet_r3,1.0,magnet,0.6,non-BSA,COOH,3,3.3083333333333336,3623.07527923584
474,0.6_non-BSA_PEG_control_r1,1.0,control,0.6,non-BSA,PEG,1,3.3083333333333336,4650.770469665527
475,0.6_non-BSA_PEG_control_r2,1.0,control,0.6,non-BSA,PEG,2,2.85,4432.013111114502
476,0.6_non-BSA_PEG_control_r3,1.0,control,0.6,non-BSA,PEG,3,3.5145833333333334,4608.247371673584
477,0.6_non-BSA_COOH_control_r1,1.0,control,0.6,non-BSA,COOH,1,3.583333333333333,5402.941125869751
478,0.6_non-BSA_COOH_control_r2,1.0,control,0.6,non-BSA,COOH,2,3.927083333333333,4784.383750915527
479,0.6_non-BSA_COOH_control_r3,1.0,control,0.6,non-BSA,COOH,3,2.7125,6809.325952529907
480,0.6_non-BSA_PEG_magnet_r1,2.0,magnet,0.6,non-BSA,PEG,1,3.1479166666666663,3222.491683959961
481,0.6_non-BSA_PEG_magnet_r2,2.0,magnet,0.6,non-BSA,PEG,2,2.1395833333333334,1911.8001174926758
482,0.6_non-BSA_PEG_magnet_r3,2.0,magnet,0.6,non-BSA,PEG,3,2.7354166666666666,3907.006591796875
483,0.6_non-BSA_COOH_magnet_r1,2.0,magnet,0.6,non-BSA,COOH,1,2.6666666666666665,5056.685287475586
484,0.6_non-BSA_COOH_magnet_r2,2.0,magnet,0.6,non-BSA,COOH,2,3.0562500000000004,4421.177001953125
485,0.6_non-BSA_COOH_magnet_r3,2.0,magnet,0.6,non-BSA,COOH,3,3.239583333333333,4297.098384857178
486,0.6_non-BSA_PEG_control_r1,2.0,control,0.6,non-BSA,PEG,1,3.377083333333333,4404.411392211914
487,0.6_non-BSA_PEG_control_r2,2.0,control,0.6,non-BSA,PEG,2,3.33125,3951.481887817383
488,0.6_non-BSA_PEG_control_r3,2.0,control,0.6,non-BSA,PEG,3,3.4458333333333337,4854.219646453857
489,0.6_non-BSA_COOH_control_r1,2.0,control,0.6,non-BSA,COOH,1,3.583333333333333,5526.521541595459
490,0.6_non-BSA_COOH_control_r2,2.0,control,0.6,non-BSA,COOH,2,4.0875,5571.755605697632
491,0.6_non-BSA_COOH_control_r3,2.0,control,0.6,non-BSA,COOH,3,3.4000000000000004,6521.121440887451
492,0.6_non-BSA_PEG_magnet_r1,3.0,magnet,0.6,non-BSA,PEG,1,3.239583333333333,3185.357582092285
493,0.6_non-BSA_PEG_magnet_r2,3.0,magnet,0.6,non-BSA,PEG,2,2.4833333333333334,2238.4609031677246
494,0.6_non-BSA_PEG_magnet_r3,3.0,magnet,0.6,non-BSA,PEG,3,3.5145833333333334,4232.578674316406
495,0.6_non-BSA_COOH_magnet_r1,3.0,magnet,0.6,non-BSA,COOH,1,2.9875,5668.367237091064
496,0.6_non-BSA_COOH_magnet_r2,3.0,magnet,0.6,non-BSA,COOH,2,2.91875,4972.660846710205
497,0.6_non-BSA_COOH_magnet_r3,3.0,magnet,0.6,non-BSA,COOH,3,3.4000000000000004,4702.83264541626
498,0.6_non-BSA_PEG_control_r1,3.0,control,0.6,non-BSA,PEG,1,3.2854166666666664,4446.501640319824
499,0.6_non-BSA_PEG_control_r2,3.0,control,0.6,non-BSA,PEG,2,3.3083333333333336,4024.786933898926
500,0.6_non-BSA_PEG_control_r3,3.0,control,0.6,non-BSA,PEG,3,2.872916666666667,5594.2835903167725
501,0.6_non-BSA_COOH_control_r1,3.0,control,0.6,non-BSA,COOH,1,3.6291666666666664,6723.796642303467
502,0.6_non-BSA_COOH_control_r2,3.0,control,0.6,non-BSA,COOH,2,5.210416666666666,6356.186618804932
503,0.6_non-BSA_COOH_control_r3,3.0,control,0.6,non-BSA,COOH,3,2.7354166666666666,6966.035995483398
504,0.6_non-BSA_PEG_magnet_r1,4.0,magnet,0.6,non-BSA,PEG,1,3.6291666666666664,2263.721725463867
505,0.6_non-BSA_PEG_magnet_r2,4.0,magnet,0.6,non-BSA,PEG,2,2.575,2254.7606620788574
506,0.6_non-BSA_PEG_magnet_r3,4.0,magnet,0.6,non-BSA,PEG,3,3.6291666666666664,4190.793476104736
507,0.6_non-BSA_COOH_magnet_r1,4.0,magnet,0.6,non-BSA,COOH,1,3.0562500000000004,5995.055931091309
508,0.6_non-BSA_COOH_magnet_r2,4.0,magnet,0.6,non-BSA,COOH,2,3.216666666666667,5317.88346862793
509,0.6_non-BSA_COOH_magnet_r3,4.0,magnet,0.6,non-BSA,COOH,3,3.8125,5040.164085388184
510,0.6_non-BSA_PEG_control_r1,4.0,control,0.6,non-BSA,PEG,1,3.2854166666666664,4489.376834869385
511,0.6_non-BSA_PEG_control_r2,4.0,control,0.6,non-BSA,PEG,2,2.7125,5218.58683013916
512,0.6_non-BSA_PEG_control_r3,4.0,control,0.6,non-BSA,PEG,3,2.36875,6442.347587585449
513,0.6_non-BSA_COOH_control_r2,4.0,control,0.6,non-BSA,COOH,2,5.210416666666666,6788.340991973877
514,0.6_non-BSA_COOH_control_r3,4.0,control,0.6,non-BSA,COOH,3,3.125,6470.557363510132
515,0.6_non-BSA_COOH_control_r1,4.0,control,0.6,non-BSA,COOH,1,3.697916666666667,7138.267356872559
516,0.6_non-BSA_PEG_magnet_r1,5.0,magnet,0.6,non-BSA,PEG,1,3.8583333333333334,3284.7314453125
517,0.6_non-BSA_PEG_magnet_r2,5.0,magnet,0.6,non-BSA,PEG,2,2.345833333333333,2079.282012939453
518,0.6_non-BSA_PEG_magnet_r3,5.0,magnet,0.6,non-BSA,PEG,3,3.697916666666667,4367.485557556152
519,0.6_non-BSA_COOH_magnet_r1,5.0,magnet,0.6,non-BSA,COOH,1,3.6291666666666664,6039.708221435547
520,0.6_non-BSA_COOH_magnet_r2,5.0,magnet,0.6,non-BSA,COOH,2,2.8270833333333334,5004.042594909668
521,0.6_non-BSA_COOH_magnet_r3,5.0,magnet,0.6,non-BSA,COOH,3,3.2854166666666664,4872.482032775879
522,0.6_non-BSA_PEG_control_r1,5.0,control,0.6,non-BSA,PEG,1,3.1937499999999996,4685.650844573975
523,0.6_non-BSA_PEG_control_r2,5.0,control,0.6,non-BSA,PEG,2,3.1020833333333337,5108.445705413818
524,0.6_non-BSA_PEG_control_r3,5.0,control,0.6,non-BSA,PEG,3,2.8270833333333334,5924.485187530518
525,0.6_non-BSA_COOH_control_r1,5.0,control,0.6,non-BSA,COOH,1,3.2854166666666664,7492.681869506836
526,0.6_non-BSA_COOH_control_r2,5.0,control,0.6,non-BSA,COOH,2,4.385416666666667,6736.296825408936
527,0.6_non-BSA_COOH_control_r3,5.0,control,0.6,non-BSA,COOH,3,3.1708333333333334,6180.498519897461
528,0.6_non-BSA_PEG_magnet_r1,6.0,magnet,0.6,non-BSA,PEG,1,3.7437500000000004,3497.23299407959
529,0.6_non-BSA_PEG_magnet_r2,6.0,magnet,0.6,non-BSA,PEG,2,2.620833333333333,2740.7147674560547
530,0.6_non-BSA_PEG_magnet_r3,6.0,magnet,0.6,non-BSA,PEG,3,3.720833333333333,4559.967304229736
531,0.6_non-BSA_COOH_magnet_r1,6.0,magnet,0.6,non-BSA,COOH,1,3.354166666666667,7153.934772491455
532,0.6_non-BSA_COOH_magnet_r2,6.0,magnet,0.6,non-BSA,COOH,2,3.6291666666666664,5652.364196777344
533,0.6_non-BSA_COOH_magnet_r3,6.0,magnet,0.6,non-BSA,COOH,3,3.0562500000000004,6052.86873626709
534,0.6_non-BSA_PEG_control_r1,6.0,control,0.6,non-BSA,PEG,1,2.872916666666667,4947.875274658203
535,0.6_non-BSA_PEG_control_r2,6.0,control,0.6,non-BSA,PEG,2,0.14583333333333326,639.2459259033203
536,0.6_non-BSA_PEG_control_r3,6.0,control,0.6,non-BSA,PEG,3,2.85,5941.508003234863
537,0.6_non-BSA_COOH_control_r1,6.0,control,0.6,non-BSA,COOH,1,3.1937499999999996,7515.219841003418
538,0.6_non-BSA_COOH_control_r2,6.0,control,0.6,non-BSA,COOH,2,4.270833333333333,6299.206748962402
539,0.6_non-BSA_COOH_control_r3,6.0,control,0.6,non-BSA,COOH,3,3.0562500000000004,5942.275489807129
540,0.6_non-BSA_PEG_magnet_r1,7.5,magnet,0.6,non-BSA,PEG,1,3.675,4121.393463134766
541,0.6_non-BSA_PEG_magnet_r2,7.5,magnet,0.6,non-BSA,PEG,2,2.8041666666666667,3149.347686767578
542,0.6_non-BSA_PEG_magnet_r3,7.5,magnet,0.6,non-BSA,PEG,3,3.1937499999999996,5145.5640869140625
543,0.6_non-BSA_COOH_magnet_r1,7.5,magnet,0.6,non-BSA,COOH,1,3.560416666666667,6786.3245849609375
544,0.6_non-BSA_COOH_magnet_r2,7.5,magnet,0.6,non-BSA,COOH,2,3.33125,6096.649143218994
545,0.6_non-BSA_COOH_magnet_r3,7.5,magnet,0.6,non-BSA,COOH,3,3.377083333333333,5379.530975341797
546,0.6_non-BSA_PEG_control_r1,7.5,control,0.6,non-BSA,PEG,1,3.583333333333333,4607.819581985474
547,0.6_non-BSA_PEG_control_r2,7.5,control,0.6,non-BSA,PEG,2,3.9729166666666664,4505.21967124939
548,0.6_non-BSA_PEG_control_r3,7.5,control,0.6,non-BSA,PEG,3,2.8270833333333334,5476.26548576355
549,0.6_non-BSA_COOH_control_r1,7.5,control,0.6,non-BSA,COOH,1,3.2625,7623.003471374512
550,0.6_non-BSA_COOH_control_r2,7.5,control,0.6,non-BSA,COOH,2,4.385416666666667,6957.308132171631
551,0.6_non-BSA_COOH_control_r3,7.5,control,0.6,non-BSA,COOH,3,3.1020833333333337,6145.626251220703
552,0.6_non-BSA_PEG_magnet_r1,9.0,magnet,0.6,non-BSA,PEG,1,3.60625,3901.4688034057617
553,0.6_non-BSA_PEG_magnet_r2,9.0,magnet,0.6,non-BSA,PEG,2,2.277083333333333,3073.6129760742188
554,0.6_non-BSA_PEG_magnet_r3,9.0,magnet,0.6,non-BSA,PEG,3,3.354166666666667,5008.822883605957
555,0.6_non-BSA_COOH_magnet_r1,9.0,magnet,0.6,non-BSA,COOH,1,3.720833333333333,6950.445671081543
556,0.6_non-BSA_COOH_magnet_r2,9.0,magnet,0.6,non-BSA,COOH,2,3.1020833333333337,6905.0330810546875
557,0.6_non-BSA_COOH_magnet_r3,9.0,magnet,0.6,non-BSA,COOH,3,3.5374999999999996,5666.64115524292
558,0.6_non-BSA_PEG_control_r1,9.0,control,0.6,non-BSA,PEG,1,3.60625,4873.714645385742
559,0.6_non-BSA_PEG_control_r2,9.0,control,0.6,non-BSA,PEG,2,2.3,4361.741364479065
560,0.6_non-BSA_PEG_control_r3,9.0,control,0.6,non-BSA,PEG,3,2.7354166666666666,5687.667209625244
561,0.6_non-BSA_COOH_control_r1,9.0,control,0.6,non-BSA,COOH,1,3.0562500000000004,7215.252395629883
562,0.6_non-BSA_COOH_control_r2,9.0,control,0.6,non-BSA,COOH,2,4.591666666666667,7077.222869873047
563,0.6_non-BSA_COOH_control_r3,9.0,control,0.6,non-BSA,COOH,3,2.4604166666666667,6623.185014724731
564,0.6_non-BSA_PEG_magnet_r1,10.5,magnet,0.6,non-BSA,PEG,1,4.477083333333334,3401.300048828125
565,0.6_non-BSA_PEG_magnet_r2,10.5,magnet,0.6,non-BSA,PEG,2,2.4375,3251.255744934082
566,0.6_non-BSA_PEG_magnet_r3,10.5,magnet,0.6,non-BSA,PEG,3,3.1479166666666663,5524.39529800415
567,0.6_non-BSA_COOH_magnet_r1,10.5,magnet,0.6,non-BSA,COOH,1,3.95,7521.4592628479
568,0.6_non-BSA_COOH_magnet_r2,10.5,magnet,0.6,non-BSA,COOH,2,3.6520833333333336,5827.573467254639
569,0.6_non-BSA_COOH_magnet_r3,10.5,magnet,0.6,non-BSA,COOH,3,3.60625,6103.249141693115
570,0.6_non-BSA_PEG_control_r1,10.5,control,0.6,non-BSA,PEG,1,0.6270833333333334,825.6704578399658
571,0.6_non-BSA_PEG_control_r2,10.5,control,0.6,non-BSA,PEG,2,4.179166666666666,6160.196760177612
572,0.6_non-BSA_PEG_control_r3,10.5,control,0.6,non-BSA,PEG,3,3.5374999999999996,5323.065490722656
573,0.6_non-BSA_COOH_control_r1,10.5,control,0.6,non-BSA,COOH,1,3.4000000000000004,8034.5969314575195
574,0.6_non-BSA_COOH_control_r2,10.5,control,0.6,non-BSA,COOH,2,4.3625,7289.140850067139
575,0.6_non-BSA_COOH_control_r3,10.5,control,0.6,non-BSA,COOH,3,3.1020833333333337,5970.0228271484375
576,0.6_non-BSA_PEG_magnet_r1,12.0,magnet,0.6,non-BSA,PEG,1,3.675,4706.53893661499
577,0.6_non-BSA_PEG_magnet_r2,12.0,magnet,0.6,non-BSA,PEG,2,3.33125,4642.923080444336
578,0.6_non-BSA_PEG_magnet_r3,12.0,magnet,0.6,non-BSA,PEG,3,3.125,6410.250867843628
579,0.6_non-BSA_COOH_magnet_r1,12.0,magnet,0.6,non-BSA,COOH,1,4.0875,7433.345672607422
580,0.6_non-BSA_COOH_magnet_r2,12.0,magnet,0.6,non-BSA,COOH,2,3.33125,6963.799728393555
581,0.6_non-BSA_COOH_magnet_r3,12.0,magnet,0.6,non-BSA,COOH,3,3.697916666666667,6050.298240661621
582,0.6_non-BSA_PEG_control_r1,12.0,control,0.6,non-BSA,PEG,1,3.033333333333333,5364.286943435669
583,0.6_non-BSA_PEG_control_r2,12.0,control,0.6,non-BSA,PEG,2,3.8583333333333334,4471.786991119385
584,0.6_non-BSA_PEG_control_r3,12.0,control,0.6,non-BSA,PEG,3,3.3083333333333336,4880.524480819702
585,0.6_non-BSA_COOH_control_r1,12.0,control,0.6,non-BSA,COOH,1,3.1708333333333334,8069.1509437561035
586,0.6_non-BSA_COOH_control_r2,12.0,control,0.6,non-BSA,COOH,2,4.225,6831.613111495972
587,0.6_non-BSA_COOH_control_r3,12.0,control,0.6,non-BSA,COOH,3,3.1020833333333337,5923.767276763916
588,0.6_non-BSA_PEG_magnet_r1,21.5,magnet,0.6,non-BSA,PEG,1,3.7666666666666666,3245.777412414551
589,0.6_non-BSA_PEG_magnet_r2,21.5,magnet,0.6,non-BSA,PEG,2,2.964583333333333,2998.3703117370605
590,0.6_non-BSA_PEG_magnet_r3,21.5,magnet,0.6,non-BSA,PEG,3,3.3083333333333336,5039.92151260376
591,0.6_non-BSA_COOH_magnet_r1,21.5,magnet,0.6,non-BSA,COOH,1,3.8125,5824.054550170898
592,0.6_non-BSA_COOH_magnet_r2,21.5,magnet,0.6,non-BSA,COOH,2,3.46875,5811.021343231201
593,0.6_non-BSA_COOH_magnet_r3,21.5,magnet,0.6,non-BSA,COOH,3,4.225,5189.078727722168
594,0.6_non-BSA_PEG_control_r1,21.5,control,0.6,non-BSA,PEG,1,3.0791666666666666,5524.196706771851
595,0.6_non-BSA_PEG_control_r2,21.5,control,0.6,non-BSA,PEG,2,3.239583333333333,5089.547721862793
596,0.6_non-BSA_PEG_control_r3,21.5,control,0.6,non-BSA,PEG,3,3.1708333333333334,5610.481971740723
597,0.6_non-BSA_COOH_control_r1,21.5,control,0.6,non-BSA,COOH,1,3.3083333333333336,8021.327754974365
598,0.6_non-BSA_COOH_control_r2,21.5,control,0.6,non-BSA,COOH,2,4.660416666666666,5632.767086029053
599,0.6_non-BSA_COOH_control_r3,21.5,control,0.6,non-BSA,COOH,3,2.4604166666666667,6771.190483093262
