path,geometry,timepoint_hr,capture_time,shot_order,gap_s,v_sticker,v_coating,v_bsa,v_control,v_ctrl_vertical,v_tally,v_magnet,v_conf,v_notes,coating,bsa,control,cond
0.6 CENTER/0 hrs after magnet/PXL_20260826_151358972.jpg,0.6 CENTER,0.0,2026-08-26 15:13:58.972,1,,PEG 0.6 BSA,PEG,True,False,,1.0,present,high,,PEG,BSA,False,PEG_BSA
0.6 CENTER/0 hrs after magnet/PXL_20260826_151452121.jpg,0.6 CENTER,0.0,2026-08-26 15:14:52.121,2,53.149,PEG 0.6 BSA,PEG,True,False,,2.0,present,high,,PEG,BSA,False,PEG_BSA
0.6 CENTER/0 hrs after magnet/PXL_20260826_151531216.jpg,0.6 CENTER,0.0,2026-08-26 15:15:31.216,3,39.095,PEG 0.6 BSA,PEG,True,False,,3.0,present,high,,PEG,BSA,False,PEG_BSA
0.6 CENTER/0 hrs after magnet/PXL_20260826_151626163.jpg,0.6 CENTER,0.0,2026-08-26 15:16:26.163,4,54.947,COOH 0.6 BSA,COOH,True,False,,2.0,present,high,,COOH,BSA,False,COOH_BSA
0.6 CENTER/0 hrs after magnet/PXL_20260826_151707066.jpg,0.6 CENTER,0.0,2026-08-26 15:17:07.066,5,40.903,COOH 0.6 BSA,COOH,True,False,,1.0,present,high,,COOH,BSA,False,COOH_BSA
0.6 CENTER/0 hrs after magnet/PXL_20260826_151743160.jpg,0.6 CENTER,0.0,2026-08-26 15:17:43.160,6,36.094,COOH 0.6 BSA,COOH,True,False,,3.0,present,low,"sticker text very faint/blurry, coating read as COOH with reduced confidence",COOH,BSA,False,COOH_BSA
0.6 CENTER/0 hrs after magnet/PXL_20260826_151816295.jpg,0.6 CENTER,0.0,2026-08-26 15:18:16.295,7,33.135,,unsure,,False,,1.0,present,low,"sticker occluded/folded under gel holder in all three crops, text not visible; control=false inferred from magnet being present",unsure,,False,
0.6 CENTER/0 hrs after magnet/PXL_20260826_151915365.jpg,0.6 CENTER,0.0,2026-08-26 15:19:15.365,8,59.07,PEG 0.6,PEG,False,False,,2.0,present,high,,PEG,non-BSA,False,PEG_non-BSA
0.6 CENTER/0 hrs after magnet/PXL_20260826_152006635.jpg,0.6 CENTER,0.0,2026-08-26 15:20:06.635,9,51.27,PEG 0.6,PEG,False,False,,1.0,present,low,tally mark on strap very faint/light pink,PEG,non-BSA,False,PEG_non-BSA
0.6 CENTER/0 hrs after magnet/PXL_20260826_152118182.jpg,0.6 CENTER,0.0,2026-08-26 15:21:18.182,10,71.547,COOH 0.6,COOH,False,False,,1.0,present,high,,COOH,non-BSA,False,COOH_non-BSA
0.6 CENTER/0 hrs after magnet/PXL_20260826_152205398.jpg,0.6 CENTER,0.0,2026-08-26 15:22:05.398,11,47.216,COOH 0.6,COOH,False,False,,3.0,present,high,,COOH,non-BSA,False,COOH_non-BSA
0.6 CENTER/0 hrs after magnet/PXL_20260826_152245462.jpg,0.6 CENTER,0.0,2026-08-26 15:22:45.462,12,40.064,COOH 0.6,COOH,False,False,,2.0,present,high,,COOH,non-BSA,False,COOH_non-BSA
0.6 CENTER/0 hrs after magnet/PXL_20260826_152616632.jpg,0.6 CENTER,0.0,2026-08-26 15:26:16.632,13,211.17,PEG 0.6 BSA CTRL,PEG,True,True,True,,none,high,,PEG,BSA,True,PEG_BSA
0.6 CENTER/0 hrs after magnet/PXL_20260826_152651538.jpg,0.6 CENTER,0.0,2026-08-26 15:26:51.538,14,34.906,COOH 0.6 BSA CTRL,COOH,True,True,True,,none,low,"sticker text messy/doubled (CTRL appears written twice), but CTRL clearly vertical",COOH,BSA,True,COOH_BSA
0.6 CENTER/0 hrs after magnet/PXL_20260826_152720564.jpg,0.6 CENTER,0.0,2026-08-26 15:27:20.564,15,29.026,PEG 0.6 CTRL,PEG,False,True,False,,none,high,,PEG,non-BSA,True,PEG_non-BSA
0.6 CENTER/0 hrs after magnet/PXL_20260826_152748382.jpg,0.6 CENTER,0.0,2026-08-26 15:27:48.382,16,27.818,COOH 0.6 CTRL,COOH,False,True,False,,none,high,,COOH,non-BSA,True,COOH_non-BSA
0.6 CENTER/0.5 hrs/PXL_20260826_153730995.jpg,0.6 CENTER,0.5,2026-08-26 15:37:30.995,1,,PEG 0.6 BSA,PEG,True,False,,1.0,present,high,,PEG,BSA,False,PEG_BSA
0.6 CENTER/0.5 hrs/PXL_20260826_153804515.jpg,0.6 CENTER,0.5,2026-08-26 15:38:04.515,2,33.52,PEG 0.6 BSA,PEG,True,False,,3.0,present,high,,PEG,BSA,False,PEG_BSA
0.6 CENTER/0.5 hrs/PXL_20260826_153836786.jpg,0.6 CENTER,0.5,2026-08-26 15:38:36.786,3,32.271,PEG 0.6 BSA,PEG,True,False,,3.0,present,high,,PEG,BSA,False,PEG_BSA
0.6 CENTER/0.5 hrs/PXL_20260826_153904104.jpg,0.6 CENTER,0.5,2026-08-26 15:39:04.104,4,27.318,COOH 0.6 BSA,COOH,True,False,,2.0,present,high,,COOH,BSA,False,COOH_BSA
0.6 CENTER/0.5 hrs/PXL_20260826_153926775.jpg,0.6 CENTER,0.5,2026-08-26 15:39:26.775,5,22.671,COOH 0.6 BSA,COOH,True,False,,3.0,present,high,,COOH,BSA,False,COOH_BSA
0.6 CENTER/0.5 hrs/PXL_20260826_153946681.jpg,0.6 CENTER,0.5,2026-08-26 15:39:46.681,6,19.906,COOH 0.6 BSA,COOH,True,False,,1.0,present,low,"COOH lettering garbled/doubled strokes, tally mark faint/dashed",COOH,BSA,False,COOH_BSA
0.6 CENTER/0.5 hrs/PXL_20260826_154021800.jpg,0.6 CENTER,0.5,2026-08-26 15:40:21.800,7,35.119,PEG 0.6,PEG,False,False,,2.0,present,high,,PEG,non-BSA,False,PEG_non-BSA
0.6 CENTER/0.5 hrs/PXL_20260826_154041860.jpg,0.6 CENTER,0.5,2026-08-26 15:40:41.860,8,20.06,PEG 0.6,PEG,False,False,,2.0,present,low,"tally pattern nearly identical to idx0022, possibly a duplicate photo of the same repeat",PEG,non-BSA,False,PEG_non-BSA
0.6 CENTER/0.5 hrs/PXL_20260826_154056201.jpg,0.6 CENTER,0.5,2026-08-26 15:40:56.201,9,14.341,PEG 0.6,PEG,False,False,,3.0,present,high,,PEG,non-BSA,False,PEG_non-BSA
0.6 CENTER/0.5 hrs/PXL_20260826_154126780.jpg,0.6 CENTER,0.5,2026-08-26 15:41:26.780,10,30.579,COOH 0.6,COOH,False,False,,1.0,present,high,,COOH,non-BSA,False,COOH_non-BSA
0.6 CENTER/0.5 hrs/PXL_20260826_154151451.jpg,0.6 CENTER,0.5,2026-08-26 15:41:51.451,11,24.671,COOH 0.6,COOH,False,False,,3.0,present,high,,COOH,non-BSA,False,COOH_non-BSA
0.6 CENTER/0.5 hrs/PXL_20260826_154228611.jpg,0.6 CENTER,0.5,2026-08-26 15:42:28.611,12,37.16,COOH 0.6,COOH,False,False,,2.0,present,high,,COOH,non-BSA,False,COOH_non-BSA
0.6 CENTER/0.5 hrs/PXL_20260826_154451171.jpg,0.6 CENTER,0.5,2026-08-26 15:44:51.171,13,142.56,PEG 0.6 BSA CTRL,PEG,True,True,True,,none,high,,PEG,BSA,True,PEG_BSA
0.6 CENTER/0.5 hrs/PXL_20260826_154509670.jpg,0.6 CENTER,0.5,2026-08-26 15:45:09.670,14,18.499,COOH 0.6 BSA CTRL,COOH,True,True,True,,none,low,"sticker text messy/doubled similar to idx0013, but CTRL clearly vertical",COOH,BSA,True,COOH_BSA
0.6 CENTER/0.5 hrs/PXL_20260826_154529883.jpg,0.6 CENTER,0.5,2026-08-26 15:45:29.883,15,20.213,PEG 0.6 CTRL,PEG,False,True,False,,none,high,,PEG,non-BSA,True,PEG_non-BSA
0.6 CENTER/0.5 hrs/PXL_20260826_154552852.jpg,0.6 CENTER,0.5,2026-08-26 15:45:52.852,16,22.969,COOH 0.6 CTRL,COOH,False,True,False,,none,high,,COOH,non-BSA,True,COOH_non-BSA
0.6 CENTER/1 hr/PXL_20260826_161121250.jpg,0.6 CENTER,1.0,2026-08-26 16:11:21.250,1,,PEG 0.6 BSA,PEG,True,False,,2.0,present,high,,PEG,BSA,False,PEG_BSA
0.6 CENTER/1 hr/PXL_20260826_161155530.jpg,0.6 CENTER,1.0,2026-08-26 16:11:55.530,2,34.28,PEG 0.6 BSA,PEG,True,False,,3.0,present,high,bottom of BSA line slightly cropped in sticker_hi image but legible,PEG,BSA,False,PEG_BSA
0.6 CENTER/1 hr/PXL_20260826_161341772.jpg,0.6 CENTER,1.0,2026-08-26 16:13:41.772,3,106.242,COOH 0.6 BSA,COOH,True,False,,2.0,present,high,,COOH,BSA,False,COOH_BSA
0.6 CENTER/1 hr/PXL_20260826_161416369.jpg,0.6 CENTER,1.0,2026-08-26 16:14:16.369,4,34.597,COOH 0.6 BSA,COOH,True,False,,3.0,present,low,"tally strap marks blurred/motion-smeared, count uncertain (looked like a tight cluster)",COOH,BSA,False,COOH_BSA
0.6 CENTER/1 hr/PXL_20260826_161455744.jpg,0.6 CENTER,1.0,2026-08-26 16:14:55.744,5,39.375,COOH 0.6 BSA,COOH,True,False,,3.0,present,high,,COOH,BSA,False,COOH_BSA
0.6 CENTER/1 hr/PXL_20260826_161543682.jpg,0.6 CENTER,1.0,2026-08-26 16:15:43.682,6,47.938,PEG 0.6,PEG,False,False,,2.0,present,high,,PEG,non-BSA,False,PEG_non-BSA
0.6 CENTER/1 hr/PXL_20260826_161610922.jpg,0.6 CENTER,1.0,2026-08-26 16:16:10.922,7,27.24,PEG 0.6,PEG,False,False,,2.0,present,high,,PEG,non-BSA,False,PEG_non-BSA
0.6 CENTER/1 hr/PXL_20260826_161640991.jpg,0.6 CENTER,1.0,2026-08-26 16:16:40.991,8,30.069,PEG 0.6,PEG,False,False,,3.0,present,high,,PEG,non-BSA,False,PEG_non-BSA
0.6 CENTER/1 hr/PXL_20260826_161718270.jpg,0.6 CENTER,1.0,2026-08-26 16:17:18.270,9,37.279,COOH 0.6,COOH,False,False,,3.0,present,high,,COOH,non-BSA,False,COOH_non-BSA
0.6 CENTER/1 hr/PXL_20260826_161751094.jpg,0.6 CENTER,1.0,2026-08-26 16:17:51.094,10,32.824,COOH 0.6,COOH,False,False,,3.0,present,high,,COOH,non-BSA,False,COOH_non-BSA
0.6 CENTER/1 hr/PXL_20260826_161826907.jpg,0.6 CENTER,1.0,2026-08-26 16:18:26.907,11,35.813,COOH 0.6,COOH,False,False,,2.0,present,high,,COOH,non-BSA,False,COOH_non-BSA
0.6 CENTER/1 hr/PXL_20260826_162235029.jpg,0.6 CENTER,1.0,2026-08-26 16:22:35.029,12,248.122,PEG 0.6 BSA CTRL (vertical),PEG,True,True,True,,none,high,"faint extra horizontal marking below BSA, possibly a second CTRL attempt or smudge; frame/color photo confirms PEG 0.6 BSA + vertical CTRL",PEG,BSA,True,PEG_BSA
0.6 CENTER/1 hr/PXL_20260826_162301845.jpg,0.6 CENTER,1.0,2026-08-26 16:23:01.845,13,26.816,COOH 0.6 BSA CTRL (vertical),COOH,True,True,True,,none,high,"small unexplained squiggle between BSA column and vertical CTRL, doesn't change reading; confirmed via color sticker photo",COOH,BSA,True,COOH_BSA
0.6 CENTER/1 hr/PXL_20260826_162334174.jpg,0.6 CENTER,1.0,2026-08-26 16:23:34.174,14,32.329,PEG 0.6 CTRL,PEG,False,True,False,,none,high,,PEG,non-BSA,True,PEG_non-BSA
0.6 CENTER/1 hr/PXL_20260826_162357799.jpg,0.6 CENTER,1.0,2026-08-26 16:23:57.799,15,23.625,COOH 0.6 CTRL,COOH,False,True,False,,none,high,,COOH,non-BSA,True,COOH_non-BSA
0.6 CENTER/1.5 hrs/PXL_20260826_163733925.jpg,0.6 CENTER,1.5,2026-08-26 16:37:33.925,1,,PEG 0.6 BSA,PEG,True,False,,1.0,present,high,,PEG,BSA,False,PEG_BSA
0.6 CENTER/1.5 hrs/PXL_20260826_163754148.jpg,0.6 CENTER,1.5,2026-08-26 16:37:54.148,2,20.223,PEG 0.6 BSA,PEG,True,False,,3.0,present,high,,PEG,BSA,False,PEG_BSA
0.6 CENTER/1.5 hrs/PXL_20260826_163828049.jpg,0.6 CENTER,1.5,2026-08-26 16:38:28.049,3,33.901,PEG 0.6 BSA,PEG,True,False,,3.0,present,high,,PEG,BSA,False,PEG_BSA
0.6 CENTER/1.5 hrs/PXL_20260826_163848822.jpg,0.6 CENTER,1.5,2026-08-26 16:38:48.822,4,20.773,COOH 0.6 BSA,COOH,True,False,,3.0,present,low,"strap marks appear as a doubled/thick cluster, count of 3 not fully certain",COOH,BSA,False,COOH_BSA
0.6 CENTER/1.5 hrs/PXL_20260826_163910370.jpg,0.6 CENTER,1.5,2026-08-26 16:39:10.370,5,21.548,COOH 0.6 BSA,COOH,True,False,,3.0,present,low,"strap marks tightly clustered in two columns, could be more than 3",COOH,BSA,False,COOH_BSA
0.6 CENTER/1.5 hrs/PXL_20260826_163937630.jpg,0.6 CENTER,1.5,2026-08-26 16:39:37.630,6,27.26,COOH 0.6 BSA,COOH,True,False,,3.0,present,high,,COOH,BSA,False,COOH_BSA
0.6 CENTER/1.5 hrs/PXL_20260826_164001581.jpg,0.6 CENTER,1.5,2026-08-26 16:40:01.581,7,23.951,PEG 0.6,PEG,False,False,,1.0,present,high,,PEG,non-BSA,False,PEG_non-BSA
0.6 CENTER/1.5 hrs/PXL_20260826_164021421.jpg,0.6 CENTER,1.5,2026-08-26 16:40:21.421,8,19.84,PEG 0.6,PEG,False,False,,3.0,present,high,,PEG,non-BSA,False,PEG_non-BSA
0.6 CENTER/1.5 hrs/PXL_20260826_164040938.jpg,0.6 CENTER,1.5,2026-08-26 16:40:40.938,9,19.517,PEG 0.6,PEG,False,False,,3.0,present,high,,PEG,non-BSA,False,PEG_non-BSA
0.6 CENTER/1.5 hrs/PXL_20260826_164103754.jpg,0.6 CENTER,1.5,2026-08-26 16:41:03.754,10,22.816,COOH 0.6,COOH,False,False,,2.0,present,high,,COOH,non-BSA,False,COOH_non-BSA
0.6 CENTER/1.5 hrs/PXL_20260826_164134072.jpg,0.6 CENTER,1.5,2026-08-26 16:41:34.072,11,30.318,COOH 0.6,COOH,False,False,,3.0,present,low,"strap marks appear as doubled cluster (2x2), count of 3 not fully certain",COOH,non-BSA,False,COOH_non-BSA
0.6 CENTER/1.5 hrs/PXL_20260826_164218694.jpg,0.6 CENTER,1.5,2026-08-26 16:42:18.694,12,44.622,COOH 0.6,COOH,False,False,,3.0,present,high,,COOH,non-BSA,False,COOH_non-BSA
0.6 CENTER/1.5 hrs/PXL_20260826_164428849.jpg,0.6 CENTER,1.5,2026-08-26 16:44:28.849,13,130.155,PEG 0.6 BSA CTRL (vertical),PEG,True,True,True,,none,high,second PEG+BSA control sample (replicate of idx 0043),PEG,BSA,True,PEG_BSA
0.6 CENTER/1.5 hrs/PXL_20260826_164505612.jpg,0.6 CENTER,1.5,2026-08-26 16:45:05.612,14,36.763,COOH 0.6 BSA CTRL (vertical),COOH,True,True,True,,none,high,second COOH+BSA control sample (replicate of idx 0044),COOH,BSA,True,COOH_BSA
0.6 CENTER/1.5 hrs/PXL_20260826_164533473.jpg,0.6 CENTER,1.5,2026-08-26 16:45:33.473,15,27.861,PEG 0.6 CTRL,PEG,False,True,False,,none,high,second PEG non-BSA control sample (replicate of idx 0045),PEG,non-BSA,True,PEG_non-BSA
0.6 CENTER/1.5 hrs/PXL_20260826_164603003.jpg,0.6 CENTER,1.5,2026-08-26 16:46:03.003,16,29.53,COOH 0.6 CTRL,COOH,False,True,False,,none,high,second COOH non-BSA control sample (replicate of idx 0046),COOH,non-BSA,True,COOH_non-BSA
0.6 CENTER/2 hrs/PXL_20260826_170716822.jpg,0.6 CENTER,2.0,2026-08-26 17:07:16.822,1,,PEG 0.6 BSA,PEG,True,False,,1.0,present,high,,PEG,BSA,False,PEG_BSA
0.6 CENTER/2 hrs/PXL_20260826_170742026.jpg,0.6 CENTER,2.0,2026-08-26 17:07:42.026,2,25.204,PEG 0.6 BSA,PEG,True,False,,2.0,present,high,,PEG,BSA,False,PEG_BSA
0.6 CENTER/2 hrs/PXL_20260826_170828401.jpg,0.6 CENTER,2.0,2026-08-26 17:08:28.401,3,46.375,PEG 0.6 BSA,PEG,True,False,,3.0,present,low,"strap marks clustered, count of 3 not fully certain",PEG,BSA,False,PEG_BSA
0.6 CENTER/2 hrs/PXL_20260826_170921021.jpg,0.6 CENTER,2.0,2026-08-26 17:09:21.021,4,52.62,COOH 0.6 BSA,COOH,True,False,,1.0,present,high,,COOH,BSA,False,COOH_BSA
0.6 CENTER/2 hrs/PXL_20260826_171000056.jpg,0.6 CENTER,2.0,2026-08-26 17:10:00.056,5,39.035,COOH 0.6 BSA,COOH,True,False,,3.0,present,low,"strap marks appear as doubled cluster (2x2), count of 3 not fully certain",COOH,BSA,False,COOH_BSA
0.6 CENTER/2 hrs/PXL_20260826_171037601.jpg,0.6 CENTER,2.0,2026-08-26 17:10:37.601,6,37.545,COOH 0.6 BSA,COOH,True,False,,3.0,present,high,,COOH,BSA,False,COOH_BSA
0.6 CENTER/2 hrs/PXL_20260826_171112449.jpg,0.6 CENTER,2.0,2026-08-26 17:11:12.449,7,34.848,PEG 0.6,PEG,False,False,,1.0,present,high,,PEG,non-BSA,False,PEG_non-BSA
0.6 CENTER/2 hrs/PXL_20260826_171148701.jpg,0.6 CENTER,2.0,2026-08-26 17:11:48.701,8,36.252,PEG 0.6,PEG,False,False,,2.0,present,high,,PEG,non-BSA,False,PEG_non-BSA
0.6 CENTER/2 hrs/PXL_20260826_171215245.jpg,0.6 CENTER,2.0,2026-08-26 17:12:15.245,9,26.544,PEG 0.6,PEG,False,False,,2.0,present,high,,PEG,non-BSA,False,PEG_non-BSA
0.6 CENTER/2 hrs/PXL_20260826_171250000.jpg,0.6 CENTER,2.0,2026-08-26 17:12:50.000,10,34.755,COOH 0.6,COOH,False,False,,2.0,present,high,,COOH,non-BSA,False,COOH_non-BSA
0.6 CENTER/2 hrs/PXL_20260826_171322536.jpg,0.6 CENTER,2.0,2026-08-26 17:13:22.536,11,32.536,COOH 0.6,COOH,False,False,,3.0,present,high,,COOH,non-BSA,False,COOH_non-BSA
0.6 CENTER/2 hrs/PXL_20260826_171404200.jpg,0.6 CENTER,2.0,2026-08-26 17:14:04.200,12,41.664,COOH 0.6,COOH,False,False,,3.0,present,high,,COOH,non-BSA,False,COOH_non-BSA
0.6 CENTER/2 hrs/PXL_20260826_171926790.jpg,0.6 CENTER,2.0,2026-08-26 17:19:26.790,13,322.59,COOH 0.6 BSA CTRL,COOH,True,True,True,,none,high,"BSA control; CTRL written vertically on right side of sticker, confirmed via color crop and frame (no magnet visible)",COOH,BSA,True,COOH_BSA
0.6 CENTER/2 hrs/PXL_20260826_171957019.jpg,0.6 CENTER,2.0,2026-08-26 17:19:57.019,14,30.229,PEG 0.6 CTRL,PEG,False,True,False,,none,high,"non-BSA control, CTRL horizontal",PEG,non-BSA,True,PEG_non-BSA
0.6 CENTER/2 hrs/PXL_20260826_172018062.jpg,0.6 CENTER,2.0,2026-08-26 17:20:18.062,15,21.043,COOH 0.6 CTRL,COOH,False,True,False,,none,high,"non-BSA control, CTRL horizontal",COOH,non-BSA,True,COOH_non-BSA
0.6 CENTER/2 hrs/PXL_20260826_172337574.jpg,0.6 CENTER,2.0,2026-08-26 17:23:37.574,16,199.512,PEG 0.6 BSA CTRL,PEG,True,True,True,,none,high,BSA control; CTRL written vertically on right side of sticker,PEG,BSA,True,PEG_BSA
0.6 CENTER/2.5 hrs/PXL_20260826_174757278.jpg,0.6 CENTER,2.5,2026-08-26 17:47:57.278,1,,PEG 0.6 BSA,PEG,True,False,,1.0,present,high,,PEG,BSA,False,PEG_BSA
0.6 CENTER/2.5 hrs/PXL_20260826_174902987.jpg,0.6 CENTER,2.5,2026-08-26 17:49:02.987,2,65.709,PEG 0.6 BSA,PEG,True,False,,3.0,present,high,,PEG,BSA,False,PEG_BSA
0.6 CENTER/2.5 hrs/PXL_20260826_174950346.jpg,0.6 CENTER,2.5,2026-08-26 17:49:50.346,3,47.359,PEG 0.6 BSA,PEG,True,False,,3.0,present,high,,PEG,BSA,False,PEG_BSA
0.6 CENTER/2.5 hrs/PXL_20260826_175039786.jpg,0.6 CENTER,2.5,2026-08-26 17:50:39.786,4,49.44,COOH 0.6 BSA,COOH,True,False,,1.0,present,high,,COOH,BSA,False,COOH_BSA
0.6 CENTER/2.5 hrs/PXL_20260826_175123358.jpg,0.6 CENTER,2.5,2026-08-26 17:51:23.358,5,43.572,COOH 0.6 BSA,COOH,True,False,,2.0,present,high,,COOH,BSA,False,COOH_BSA
0.6 CENTER/2.5 hrs/PXL_20260826_175232350.jpg,0.6 CENTER,2.5,2026-08-26 17:52:32.350,6,68.992,COOH 0.6 BSA,COOH,True,False,,3.0,present,high,sticker photographed at an angle but legible,COOH,BSA,False,COOH_BSA
0.6 CENTER/2.5 hrs/PXL_20260826_175251478.jpg,0.6 CENTER,2.5,2026-08-26 17:52:51.478,7,19.128,COOH 0.6 BSA,COOH,True,False,,3.0,present,high,sticker photographed at an angle but legible,COOH,BSA,False,COOH_BSA
0.6 CENTER/2.5 hrs/PXL_20260826_175332943.jpg,0.6 CENTER,2.5,2026-08-26 17:53:32.943,8,41.465,PEG 0.6,PEG,False,False,,1.0,present,high,,PEG,non-BSA,False,PEG_non-BSA
0.6 CENTER/2.5 hrs/PXL_20260826_175432703.jpg,0.6 CENTER,2.5,2026-08-26 17:54:32.703,9,59.76,PEG 0.6,PEG,False,False,,2.0,present,high,,PEG,non-BSA,False,PEG_non-BSA
0.6 CENTER/2.5 hrs/PXL_20260826_175515504.jpg,0.6 CENTER,2.5,2026-08-26 17:55:15.504,10,42.801,PEG 0.6,PEG,False,False,,3.0,present,high,,PEG,non-BSA,False,PEG_non-BSA
0.6 CENTER/2.5 hrs/PXL_20260826_175557361.jpg,0.6 CENTER,2.5,2026-08-26 17:55:57.361,11,41.857,COOH 0.6,COOH,False,False,,1.0,present,high,,COOH,non-BSA,False,COOH_non-BSA
0.6 CENTER/2.5 hrs/PXL_20260826_175750917.jpg,0.6 CENTER,2.5,2026-08-26 17:57:50.917,12,113.556,COOH 0.6,COOH,False,False,,3.0,present,high,,COOH,non-BSA,False,COOH_non-BSA
0.6 CENTER/2.5 hrs/PXL_20260826_175836441.jpg,0.6 CENTER,2.5,2026-08-26 17:58:36.441,13,45.524,COOH 0.6,COOH,False,False,,3.0,present,high,,COOH,non-BSA,False,COOH_non-BSA
0.6 CENTER/2.5 hrs/PXL_20260826_180358557.jpg,0.6 CENTER,2.5,2026-08-26 18:03:58.557,14,322.116,PEG 0.6 BSA CTRL,PEG,True,True,True,,none,high,BSA control; CTRL written vertically on right side of sticker; appears to duplicate sample seen at idx 0078,PEG,BSA,True,PEG_BSA
0.6 CENTER/2.5 hrs/PXL_20260826_180439064.jpg,0.6 CENTER,2.5,2026-08-26 18:04:39.064,15,40.507,COOH 0.6 BSA CTRL,COOH,True,True,True,,none,high,BSA control; CTRL written vertically; appears to duplicate sample seen at idx 0075,COOH,BSA,True,COOH_BSA
0.6 CENTER/2.5 hrs/PXL_20260826_180515007.jpg,0.6 CENTER,2.5,2026-08-26 18:05:15.007,16,35.943,PEG 0.6 CTRL,PEG,False,True,False,,none,high,"non-BSA control, CTRL horizontal; appears to duplicate sample seen at idx 0076",PEG,non-BSA,True,PEG_non-BSA
0.6 CENTER/2.5 hrs/PXL_20260826_180541433.jpg,0.6 CENTER,2.5,2026-08-26 18:05:41.433,17,26.426,COOH 0.6 CTRL,COOH,False,True,False,,none,high,"non-BSA control, CTRL horizontal; appears to duplicate sample seen at idx 0077",COOH,non-BSA,True,COOH_non-BSA
0.6 CENTER/3 hrs/PXL_20260826_181300941.jpg,0.6 CENTER,3.0,2026-08-26 18:13:00.941,1,,PEG 0.6 BSA,PEG,True,False,,1.0,present,high,,PEG,BSA,False,PEG_BSA
0.6 CENTER/3 hrs/PXL_20260826_181326307.jpg,0.6 CENTER,3.0,2026-08-26 18:13:26.307,2,25.366,PEG 0.6 BSA,PEG,True,False,,3.0,present,high,,PEG,BSA,False,PEG_BSA
0.6 CENTER/3 hrs/PXL_20260826_181346650.jpg,0.6 CENTER,3.0,2026-08-26 18:13:46.650,3,20.343,PEG 0.6 BSA,PEG,True,False,,3.0,present,high,,PEG,BSA,False,PEG_BSA
0.6 CENTER/3 hrs/PXL_20260826_181409034.jpg,0.6 CENTER,3.0,2026-08-26 18:14:09.034,4,22.384,COOH 0.6 BSA,COOH,True,False,,1.0,present,high,,COOH,BSA,False,COOH_BSA
0.6 CENTER/3 hrs/PXL_20260826_181431137.jpg,0.6 CENTER,3.0,2026-08-26 18:14:31.137,5,22.103,COOH 0.6 BSA,COOH,True,False,,2.0,present,high,,COOH,BSA,False,COOH_BSA
0.6 CENTER/3 hrs/PXL_20260826_181500160.jpg,0.6 CENTER,3.0,2026-08-26 18:15:00.160,6,29.023,COOH 0.6 BSA,COOH,True,False,,3.0,present,low,sticker_hi crop is significantly blurred; reading is best-effort,COOH,BSA,False,COOH_BSA
0.6 CENTER/3 hrs/PXL_20260826_181525861.jpg,0.6 CENTER,3.0,2026-08-26 18:15:25.861,7,25.701,PEG 0.6,PEG,False,False,,1.0,present,high,,PEG,non-BSA,False,PEG_non-BSA
0.6 CENTER/3 hrs/PXL_20260826_181544465.jpg,0.6 CENTER,3.0,2026-08-26 18:15:44.465,8,18.604,PEG 0.6,PEG,False,False,,3.0,present,high,,PEG,non-BSA,False,PEG_non-BSA
0.6 CENTER/3 hrs/PXL_20260826_181631408.jpg,0.6 CENTER,3.0,2026-08-26 18:16:31.408,9,46.943,PEG 0.6,PEG,False,False,,3.0,present,high,,PEG,non-BSA,False,PEG_non-BSA
0.6 CENTER/3 hrs/PXL_20260826_181722313.jpg,0.6 CENTER,3.0,2026-08-26 18:17:22.313,10,50.905,COOH 0.6,COOH,False,False,,2.0,present,low,trio 0105-0107 tally marks similarly hatched/clustered on the ridged pad; 1 vs 2 vs 3 not reliably distinguishable,COOH,non-BSA,False,COOH_non-BSA
0.6 CENTER/3 hrs/PXL_20260826_181746855.jpg,0.6 CENTER,3.0,2026-08-26 18:17:46.855,11,24.542,COOH 0.6,COOH,False,False,,2.0,present,low,"see 0105 note; hatched marks, low confidence",COOH,non-BSA,False,COOH_non-BSA
0.6 CENTER/3 hrs/PXL_20260826_181812179.jpg,0.6 CENTER,3.0,2026-08-26 18:18:12.179,12,25.324,COOH 0.6,COOH,False,False,,2.0,present,low,"marks appear on top pad rather than bottom; hatched, low confidence",COOH,non-BSA,False,COOH_non-BSA
0.6 CENTER/3 hrs/PXL_20260826_182037197.jpg,0.6 CENTER,3.0,2026-08-26 18:20:37.197,13,145.018,PEG 0.6 BSA CTRL,PEG,True,True,True,,none,high,,PEG,BSA,True,PEG_BSA
0.6 CENTER/3 hrs/PXL_20260826_182109829.jpg,0.6 CENTER,3.0,2026-08-26 18:21:09.829,14,32.632,COOH 0.6 BSA CTRL,COOH,True,True,True,,none,high,confirmed no magnet via frame photo,COOH,BSA,True,COOH_BSA
0.6 CENTER/3 hrs/PXL_20260826_182132801.jpg,0.6 CENTER,3.0,2026-08-26 18:21:32.801,15,22.972,PEG 0.6 CTRL,PEG,False,True,False,,none,high,,PEG,non-BSA,True,PEG_non-BSA
0.6 CENTER/3 hrs/PXL_20260826_182159108.jpg,0.6 CENTER,3.0,2026-08-26 18:21:59.108,16,26.307,COOH 0.6 CTRL,COOH,False,True,False,,none,high,,COOH,non-BSA,True,COOH_non-BSA
0.6 CENTER/3.5 hrs/PXL_20260826_183920827.jpg,0.6 CENTER,3.5,2026-08-26 18:39:20.827,1,,PEG 0.6 BSA,PEG,True,False,,1.0,present,high,,PEG,BSA,False,PEG_BSA
0.6 CENTER/3.5 hrs/PXL_20260826_183950969.jpg,0.6 CENTER,3.5,2026-08-26 18:39:50.969,2,30.142,PEG 0.6 BSA,PEG,True,False,,3.0,present,high,,PEG,BSA,False,PEG_BSA
0.6 CENTER/3.5 hrs/PXL_20260826_184006708.jpg,0.6 CENTER,3.5,2026-08-26 18:40:06.708,3,15.739,PEG 0.6 BSA,PEG,True,False,,2.0,present,low,marks bold/doubled; read as 2 by elimination within trio 0112(=1)/0113(=3),PEG,BSA,False,PEG_BSA
0.6 CENTER/3.5 hrs/PXL_20260826_184026617.jpg,0.6 CENTER,3.5,2026-08-26 18:40:26.617,4,19.909,COOH 0.6 BSA,COOH,True,False,,1.0,present,high,,COOH,BSA,False,COOH_BSA
0.6 CENTER/3.5 hrs/PXL_20260826_184052578.jpg,0.6 CENTER,3.5,2026-08-26 18:40:52.578,5,25.961,COOH 0.6 BSA,COOH,True,False,,2.0,present,low,dotted/doubled marks,COOH,BSA,False,COOH_BSA
0.6 CENTER/3.5 hrs/PXL_20260826_184114875.jpg,0.6 CENTER,3.5,2026-08-26 18:41:14.875,6,22.297,COOH 0.6 BSA,COOH,True,False,,3.0,present,high,,COOH,BSA,False,COOH_BSA
0.6 CENTER/3.5 hrs/PXL_20260826_184153179.jpg,0.6 CENTER,3.5,2026-08-26 18:41:53.179,7,38.304,PEG 0.6,PEG,False,False,,1.0,present,high,,PEG,non-BSA,False,PEG_non-BSA
0.6 CENTER/3.5 hrs/PXL_20260826_184217135.jpg,0.6 CENTER,3.5,2026-08-26 18:42:17.135,8,23.956,PEG 0.6,PEG,False,False,,2.0,present,low,marks doubled/thick,PEG,non-BSA,False,PEG_non-BSA
0.6 CENTER/3.5 hrs/PXL_20260826_184248346.jpg,0.6 CENTER,3.5,2026-08-26 18:42:48.346,9,31.211,PEG 0.6,PEG,False,False,,3.0,present,high,,PEG,non-BSA,False,PEG_non-BSA
0.6 CENTER/3.5 hrs/PXL_20260826_184319926.jpg,0.6 CENTER,3.5,2026-08-26 18:43:19.926,10,31.58,COOH 0.6,COOH,False,False,,1.0,present,high,,COOH,non-BSA,False,COOH_non-BSA
0.6 CENTER/3.5 hrs/PXL_20260826_184349008.jpg,0.6 CENTER,3.5,2026-08-26 18:43:49.008,11,29.082,COOH 0.6,COOH,False,False,,2.0,present,low,hatched marks; read as 2 by elimination within trio 0121(=1)/0123(=3),COOH,non-BSA,False,COOH_non-BSA
0.6 CENTER/3.5 hrs/PXL_20260826_184415416.jpg,0.6 CENTER,3.5,2026-08-26 18:44:15.416,12,26.408,COOH 0.6,COOH,False,False,,3.0,present,high,,COOH,non-BSA,False,COOH_non-BSA
0.6 CENTER/3.5 hrs/PXL_20260826_184645047.jpg,0.6 CENTER,3.5,2026-08-26 18:46:45.047,13,149.631,PEG 0.6 BSA CTRL,PEG,True,True,True,,none,high,,PEG,BSA,True,PEG_BSA
0.6 CENTER/3.5 hrs/PXL_20260826_184711323.jpg,0.6 CENTER,3.5,2026-08-26 18:47:11.323,14,26.276,COOH 0.6 BSA CTRL,COOH,True,True,True,,none,high,,COOH,BSA,True,COOH_BSA
0.6 CENTER/3.5 hrs/PXL_20260826_184736725.jpg,0.6 CENTER,3.5,2026-08-26 18:47:36.725,15,25.402,PEG 0.6 CTRL,PEG,False,True,False,,none,high,,PEG,non-BSA,True,PEG_non-BSA
0.6 CENTER/3.5 hrs/PXL_20260826_184753091.jpg,0.6 CENTER,3.5,2026-08-26 18:47:53.091,16,16.366,COOH 0.6 CTRL,COOH,False,True,False,,none,high,,COOH,non-BSA,True,COOH_non-BSA
0.6 CENTER/4 hrs/PXL_20260826_190958574.jpg,0.6 CENTER,4.0,2026-08-26 19:09:58.574,1,,PEG 0.6 BSA,PEG,True,False,,1.0,present,high,,PEG,BSA,False,PEG_BSA
0.6 CENTER/4 hrs/PXL_20260826_191029940.jpg,0.6 CENTER,4.0,2026-08-26 19:10:29.940,2,31.366,PEG 0.6 BSA,PEG,True,False,,2.0,present,low,marks appeared dense/wide; read as 2 by elimination within trio 0128(=1)/0130(=3),PEG,BSA,False,PEG_BSA
0.6 CENTER/4 hrs/PXL_20260826_191437366.jpg,0.6 CENTER,4.0,2026-08-26 19:14:37.366,3,247.426,PEG 0.6 BSA,PEG,True,False,,3.0,present,high,,PEG,BSA,False,PEG_BSA
0.6 CENTER/4 hrs/PXL_20260826_191500022.jpg,0.6 CENTER,4.0,2026-08-26 19:15:00.022,4,22.656,COOH 0.6 BSA,COOH,True,False,,1.0,present,high,,COOH,BSA,False,COOH_BSA
0.6 CENTER/4 hrs/PXL_20260826_191526286.jpg,0.6 CENTER,4.0,2026-08-26 19:15:26.286,5,26.264,COOH 0.6 BSA,COOH,True,False,,2.0,present,low,doubled marks,COOH,BSA,False,COOH_BSA
0.6 CENTER/4 hrs/PXL_20260826_191558289.jpg,0.6 CENTER,4.0,2026-08-26 19:15:58.289,6,32.003,COOH 0.6 BSA,COOH,True,False,,3.0,present,high,,COOH,BSA,False,COOH_BSA
0.6 CENTER/4 hrs/PXL_20260826_191644204.jpg,0.6 CENTER,4.0,2026-08-26 19:16:44.204,7,45.915,PEG 0.6,PEG,False,False,,1.0,present,high,,PEG,non-BSA,False,PEG_non-BSA
0.6 CENTER/4 hrs/PXL_20260826_191720478.jpg,0.6 CENTER,4.0,2026-08-26 19:17:20.478,8,36.274,PEG 0.6,PEG,False,False,,2.0,present,low,doubled marks,PEG,non-BSA,False,PEG_non-BSA
0.6 CENTER/4 hrs/PXL_20260826_191747243.jpg,0.6 CENTER,4.0,2026-08-26 19:17:47.243,9,26.765,PEG 0.6,PEG,False,False,,3.0,present,high,,PEG,non-BSA,False,PEG_non-BSA
0.6 CENTER/4 hrs/PXL_20260826_191817126.jpg,0.6 CENTER,4.0,2026-08-26 19:18:17.126,10,29.883,COOH 0.6,COOH,False,False,,3.0,present,high,magnet not obvious in tally crop; confirmed present via frame photo,COOH,non-BSA,False,COOH_non-BSA
0.6 CENTER/4 hrs/PXL_20260826_191841531.jpg,0.6 CENTER,4.0,2026-08-26 19:18:41.531,11,24.405,COOH 0.6,COOH,False,False,,3.0,present,high,,COOH,non-BSA,False,COOH_non-BSA
0.6 CENTER/4 hrs/PXL_20260826_191910010.jpg,0.6 CENTER,4.0,2026-08-26 19:19:10.010,12,28.479,COOH 0.6,COOH,False,False,,3.0,present,high,"trio 0137-0139 all read tally=3, breaking the expected 1/2/3 repeat pattern seen elsewhere - recommend manual review",COOH,non-BSA,False,COOH_non-BSA
0.6 CENTER/4 hrs/PXL_20260826_192214980.jpg,0.6 CENTER,4.0,2026-08-26 19:22:14.980,13,184.97,PEG 0.6 BSA CTRL,PEG,True,True,True,,none,high,,PEG,BSA,True,PEG_BSA
0.6 CENTER/4 hrs/PXL_20260826_192300653.jpg,0.6 CENTER,4.0,2026-08-26 19:23:00.653,14,45.673,COOH 0.6 CTRL,COOH,False,True,False,,none,high,,COOH,non-BSA,True,COOH_non-BSA
0.6 CENTER/4 hrs/PXL_20260826_192344070.jpg,0.6 CENTER,4.0,2026-08-26 19:23:44.070,15,43.417,COOH 0.6 BSA CTRL,COOH,True,True,True,,none,low,BSA word very faint on sticker; read as present based on faint strokes and vertical CTRL matching the BSA-control pattern,COOH,BSA,True,COOH_BSA
0.6 CENTER/4 hrs/PXL_20260826_192453202.jpg,0.6 CENTER,4.0,2026-08-26 19:24:53.202,16,69.132,PEG 0.6 CTRL,PEG,False,True,False,,none,high,,PEG,non-BSA,True,PEG_non-BSA
0.6 CENTER/4.5 hrs/PXL_20260826_193939945.jpg,0.6 CENTER,4.5,2026-08-26 19:39:39.945,1,,PEG 0.6 BSA,PEG,True,False,,1.0,present,high,,PEG,BSA,False,PEG_BSA
0.6 CENTER/4.5 hrs/PXL_20260826_194012857.jpg,0.6 CENTER,4.5,2026-08-26 19:40:12.857,2,32.912,PEG 0.6 BSA,PEG,True,False,,2.0,present,high,,PEG,BSA,False,PEG_BSA
0.6 CENTER/4.5 hrs/PXL_20260826_194049195.jpg,0.6 CENTER,4.5,2026-08-26 19:40:49.195,3,36.338,PEG 0.6 BSA,PEG,True,False,,3.0,present,high,,PEG,BSA,False,PEG_BSA
0.6 CENTER/4.5 hrs/PXL_20260826_194121243.jpg,0.6 CENTER,4.5,2026-08-26 19:41:21.243,4,32.048,COOH 0.6 BSA,COOH,True,False,,1.0,present,low,"single tally stroke on strap is smudged/scratchy, tangled with loose fiber strands, making exact stroke count harder to confirm",COOH,BSA,False,COOH_BSA
0.6 CENTER/4.5 hrs/PXL_20260826_194231859.jpg,0.6 CENTER,4.5,2026-08-26 19:42:31.859,5,70.616,COOH 0.6 BSA,COOH,True,False,,2.0,present,high,,COOH,BSA,False,COOH_BSA
0.6 CENTER/4.5 hrs/PXL_20260826_194301654.jpg,0.6 CENTER,4.5,2026-08-26 19:43:01.654,6,29.795,COOH 0.6 BSA,COOH,True,False,,3.0,present,low,"sticker text very blurry, coating/BSA read from faint outlines",COOH,BSA,False,COOH_BSA
0.6 CENTER/4.5 hrs/PXL_20260826_194608027.jpg,0.6 CENTER,4.5,2026-08-26 19:46:08.027,7,186.373,PEG 0.6,PEG,False,False,,1.0,present,high,,PEG,non-BSA,False,PEG_non-BSA
0.6 CENTER/4.5 hrs/PXL_20260826_194658720.jpg,0.6 CENTER,4.5,2026-08-26 19:46:58.720,8,50.693,PEG 0.6,PEG,False,False,,2.0,present,high,,PEG,non-BSA,False,PEG_non-BSA
0.6 CENTER/4.5 hrs/PXL_20260826_194732570.jpg,0.6 CENTER,4.5,2026-08-26 19:47:32.570,9,33.85,PEG 0.6,PEG,False,False,,3.0,present,high,,PEG,non-BSA,False,PEG_non-BSA
0.6 CENTER/4.5 hrs/PXL_20260826_194756404.jpg,0.6 CENTER,4.5,2026-08-26 19:47:56.404,10,23.834,COOH 0.6,COOH,False,False,,1.0,present,high,,COOH,non-BSA,False,COOH_non-BSA
0.6 CENTER/4.5 hrs/PXL_20260826_194828954.jpg,0.6 CENTER,4.5,2026-08-26 19:48:28.954,11,32.55,COOH 0.6,COOH,False,False,,2.0,present,high,,COOH,non-BSA,False,COOH_non-BSA
0.6 CENTER/4.5 hrs/PXL_20260826_194921273.jpg,0.6 CENTER,4.5,2026-08-26 19:49:21.273,12,52.319,COOH 0.6,COOH,False,False,,3.0,present,high,,COOH,non-BSA,False,COOH_non-BSA
0.6 CENTER/4.5 hrs/PXL_20260826_195241157.jpg,0.6 CENTER,4.5,2026-08-26 19:52:41.157,13,199.884,PEG 0.6 BSA CTRL,PEG,True,True,True,,none,high,second CTRL photo for the PEG+BSA control condition (duplicate of 0140's condition),PEG,BSA,True,PEG_BSA
0.6 CENTER/4.5 hrs/PXL_20260826_195305380.jpg,0.6 CENTER,4.5,2026-08-26 19:53:05.380,14,24.223,COOH 0.6 CTRL,COOH,False,True,False,,none,high,second CTRL photo for the COOH/non-BSA control condition (duplicate of 0141's condition),COOH,non-BSA,True,COOH_non-BSA
0.6 CENTER/4.5 hrs/PXL_20260826_195346224.jpg,0.6 CENTER,4.5,2026-08-26 19:53:46.224,15,40.844,COOH 0.6 BSA CTRL,COOH,True,True,True,,none,low,BSA word very faint; second CTRL photo for COOH+BSA control condition (duplicate of 0142's condition),COOH,BSA,True,COOH_BSA
0.6 CENTER/4.5 hrs/PXL_20260826_195418410.jpg,0.6 CENTER,4.5,2026-08-26 19:54:18.410,16,32.186,PEG 0.6 CTRL,PEG,False,True,False,,none,high,second CTRL photo for the PEG/non-BSA control condition (duplicate of 0143's condition),PEG,non-BSA,True,PEG_non-BSA
0.6 CENTER/5 hrs/PXL_20260826_201335033.jpg,0.6 CENTER,5.0,2026-08-26 20:13:35.033,1,,PEG 0.6 BSA,PEG,True,False,,1.0,present,high,,PEG,BSA,False,PEG_BSA
0.6 CENTER/5 hrs/PXL_20260826_201431200.jpg,0.6 CENTER,5.0,2026-08-26 20:14:31.200,2,56.167,PEG 0.6 BSA,PEG,True,False,,2.0,present,high,,PEG,BSA,False,PEG_BSA
0.6 CENTER/5 hrs/PXL_20260826_201512822.jpg,0.6 CENTER,5.0,2026-08-26 20:15:12.822,3,41.622,PEG 0.6 BSA,PEG,True,False,,3.0,present,high,,PEG,BSA,False,PEG_BSA
0.6 CENTER/5 hrs/PXL_20260826_201606139.jpg,0.6 CENTER,5.0,2026-08-26 20:16:06.139,4,53.317,COOH 0.6 BSA,COOH,True,False,,1.0,present,low,BSA word faint,COOH,BSA,False,COOH_BSA
0.6 CENTER/5 hrs/PXL_20260826_201641574.jpg,0.6 CENTER,5.0,2026-08-26 20:16:41.574,5,35.435,COOH 0.6 BSA,COOH,True,False,,2.0,present,high,,COOH,BSA,False,COOH_BSA
0.6 CENTER/5 hrs/PXL_20260826_201725101.jpg,0.6 CENTER,5.0,2026-08-26 20:17:25.101,6,43.527,COOH 0.6 BSA,COOH,True,False,,3.0,present,low,bottom of sticker (BSA line) partly out of frame in the hi-contrast crop; coating/BSA inferred from sequence with 0163/0164,COOH,BSA,False,COOH_BSA
0.6 CENTER/5 hrs/PXL_20260826_201810157.jpg,0.6 CENTER,5.0,2026-08-26 20:18:10.157,7,45.056,PEG 0.6,PEG,False,False,,1.0,present,high,,PEG,non-BSA,False,PEG_non-BSA
0.6 CENTER/5 hrs/PXL_20260826_201853317.jpg,0.6 CENTER,5.0,2026-08-26 20:18:53.317,8,43.16,PEG 0.6,PEG,False,False,,2.0,present,high,,PEG,non-BSA,False,PEG_non-BSA
0.6 CENTER/5 hrs/PXL_20260826_201930479.jpg,0.6 CENTER,5.0,2026-08-26 20:19:30.479,9,37.162,PEG 0.6,PEG,False,False,,3.0,present,high,,PEG,non-BSA,False,PEG_non-BSA
0.6 CENTER/5 hrs/PXL_20260826_202002415.jpg,0.6 CENTER,5.0,2026-08-26 20:20:02.415,10,31.936,COOH 0.6,COOH,False,False,,1.0,present,high,,COOH,non-BSA,False,COOH_non-BSA
0.6 CENTER/5 hrs/PXL_20260826_202035829.jpg,0.6 CENTER,5.0,2026-08-26 20:20:35.829,11,33.414,COOH 0.6,COOH,False,False,,2.0,present,high,,COOH,non-BSA,False,COOH_non-BSA
0.6 CENTER/5 hrs/PXL_20260826_202112553.jpg,0.6 CENTER,5.0,2026-08-26 20:21:12.553,12,36.724,COOH 0.6,COOH,False,False,,3.0,present,high,,COOH,non-BSA,False,COOH_non-BSA
0.6 CENTER/5 hrs/PXL_20260826_202350445.jpg,0.6 CENTER,5.0,2026-08-26 20:23:50.445,13,157.892,PEG 0.6 BSA CTRL,PEG,True,True,True,,none,high,third CTRL photo for the PEG+BSA control condition (duplicate of 0140/0156),PEG,BSA,True,PEG_BSA
0.6 CENTER/5 hrs/PXL_20260826_202459405.jpg,0.6 CENTER,5.0,2026-08-26 20:24:59.405,14,68.96,COOH 0.6 BSA CTRL,COOH,True,True,True,,none,low,BSA word very faint; third CTRL photo for COOH+BSA control condition (duplicate of 0142/0158),COOH,BSA,True,COOH_BSA
0.6 CENTER/5 hrs/PXL_20260826_202517510.jpg,0.6 CENTER,5.0,2026-08-26 20:25:17.510,15,18.105,PEG 0.6 CTRL,PEG,False,True,False,,none,high,third CTRL photo for the PEG/non-BSA control condition (duplicate of 0143/0159); COOH/non-BSA CTRL for this third block not present in this manifest range,PEG,non-BSA,True,PEG_non-BSA
0.6 CENTER/5 hrs/PXL_20260826_202536997.jpg,0.6 CENTER,5.0,2026-08-26 20:25:36.997,16,19.487,COOH 0.6 CTRL,COOH,False,True,False,,none,high,,COOH,non-BSA,True,COOH_non-BSA
0.6 CENTER/5.5 hrs/PXL_20260826_204358999.jpg,0.6 CENTER,5.5,2026-08-26 20:43:58.999,1,,PEG 0.6 BSA,PEG,True,False,,1.0,present,high,,PEG,BSA,False,PEG_BSA
0.6 CENTER/5.5 hrs/PXL_20260826_204510170.jpg,0.6 CENTER,5.5,2026-08-26 20:45:10.170,2,71.171,PEG 0.6 BSA,PEG,True,False,,3.0,present,high,,PEG,BSA,False,PEG_BSA
0.6 CENTER/5.5 hrs/PXL_20260826_204610506.jpg,0.6 CENTER,5.5,2026-08-26 20:46:10.506,3,60.336,PEG 0.6 BSA,PEG,True,False,,3.0,present,low,"strap strokes thick/overlapping ('W' shaped smear); count of 3 same as 0177 for same condition, verify manually",PEG,BSA,False,PEG_BSA
0.6 CENTER/5.5 hrs/PXL_20260826_204652802.jpg,0.6 CENTER,5.5,2026-08-26 20:46:52.802,4,42.296,COOH 0.6 BSA,COOH,True,False,,1.0,present,high,,COOH,BSA,False,COOH_BSA
0.6 CENTER/5.5 hrs/PXL_20260826_204737771.jpg,0.6 CENTER,5.5,2026-08-26 20:47:37.771,5,44.969,COOH 0.6 BSA,COOH,True,False,,2.0,present,high,,COOH,BSA,False,COOH_BSA
0.6 CENTER/5.5 hrs/PXL_20260826_204809585.jpg,0.6 CENTER,5.5,2026-08-26 20:48:09.585,6,31.814,COOH 0.6 BSA,COOH,True,False,,3.0,present,low,"sticker very blurry even in sticker_hi, coating read inferred from shape plus being part of a COOH/BSA repeat-1/2/3 run (0179-0181)",COOH,BSA,False,COOH_BSA
0.6 CENTER/5.5 hrs/PXL_20260826_204836689.jpg,0.6 CENTER,5.5,2026-08-26 20:48:36.689,7,27.104,PEG 0.6,PEG,False,False,,1.0,present,high,,PEG,non-BSA,False,PEG_non-BSA
0.6 CENTER/5.5 hrs/PXL_20260826_204900330.jpg,0.6 CENTER,5.5,2026-08-26 20:49:00.330,8,23.641,PEG 0.6,PEG,False,False,,2.0,present,high,,PEG,non-BSA,False,PEG_non-BSA
0.6 CENTER/5.5 hrs/PXL_20260826_204928024.jpg,0.6 CENTER,5.5,2026-08-26 20:49:28.024,9,27.694,PEG 0.6,PEG,False,False,,3.0,present,high,,PEG,non-BSA,False,PEG_non-BSA
0.6 CENTER/5.5 hrs/PXL_20260826_204949874.jpg,0.6 CENTER,5.5,2026-08-26 20:49:49.874,10,21.85,COOH 0.6,COOH,False,False,,1.0,present,high,,COOH,non-BSA,False,COOH_non-BSA
0.6 CENTER/5.5 hrs/PXL_20260826_205012206.jpg,0.6 CENTER,5.5,2026-08-26 20:50:12.206,11,22.332,COOH 0.6,COOH,False,False,,3.0,present,low,"tally/sticker nearly identical to 0187 (same wire/magnet arrangement) - possible duplicate photo of same sample, verify",COOH,non-BSA,False,COOH_non-BSA
0.6 CENTER/5.5 hrs/PXL_20260826_205042597.jpg,0.6 CENTER,5.5,2026-08-26 20:50:42.597,12,30.391,COOH 0.6,COOH,False,False,,3.0,present,low,"tally/sticker nearly identical to 0186 (same wire/magnet arrangement) - possible duplicate photo of same sample, verify",COOH,non-BSA,False,COOH_non-BSA
0.6 CENTER/5.5 hrs/PXL_20260826_205244450.jpg,0.6 CENTER,5.5,2026-08-26 20:52:44.450,13,121.853,PEG 0.6 BSA CTRL,PEG,True,True,True,,none,high,one of the 4 controls; CTRL written vertically as expected for BSA control,PEG,BSA,True,PEG_BSA
0.6 CENTER/5.5 hrs/PXL_20260826_205301892.jpg,0.6 CENTER,5.5,2026-08-26 20:53:01.892,14,17.442,COOH 0.6 CTRL,COOH,False,True,False,,none,high,sticker/tally near-identical to 0175 - likely duplicate photo of same COOH non-BSA control,COOH,non-BSA,True,COOH_non-BSA
0.6 CENTER/5.5 hrs/PXL_20260826_205322669.jpg,0.6 CENTER,5.5,2026-08-26 20:53:22.669,15,20.777,PEG 0.6 CTRL,PEG,False,True,False,,none,high,,PEG,non-BSA,True,PEG_non-BSA
0.6 CENTER/5.5 hrs/PXL_20260826_205348944.jpg,0.6 CENTER,5.5,2026-08-26 20:53:48.944,16,26.275,COOH 0.6 BSA CTRL,COOH,True,True,True,,none,low,sticker blurry (0.6 digit and BSA faint) but vertical CTRL to the right of main text is legible; completes the 4th control combo (COOH+BSA),COOH,BSA,True,COOH_BSA
0.6 CENTER/6 hrs/PXL_20260826_211356855.jpg,0.6 CENTER,6.0,2026-08-26 21:13:56.855,1,,PEG 0.6 BSA,PEG,True,False,,1.0,present,high,,PEG,BSA,False,PEG_BSA
0.6 CENTER/6 hrs/PXL_20260826_211427203.jpg,0.6 CENTER,6.0,2026-08-26 21:14:27.203,2,30.348,PEG 0.6 BSA,PEG,True,False,,3.0,present,high,,PEG,BSA,False,PEG_BSA
0.6 CENTER/6 hrs/PXL_20260826_211447863.jpg,0.6 CENTER,6.0,2026-08-26 21:14:47.863,3,20.66,PEG 0.6 BSA,PEG,True,False,,2.0,present,high,,PEG,BSA,False,PEG_BSA
0.6 CENTER/6 hrs/PXL_20260826_211517646.jpg,0.6 CENTER,6.0,2026-08-26 21:15:17.646,4,29.783,COOH 0.6 BSA,COOH,True,False,,1.0,present,high,,COOH,BSA,False,COOH_BSA
0.6 CENTER/6 hrs/PXL_20260826_211542690.jpg,0.6 CENTER,6.0,2026-08-26 21:15:42.690,5,25.044,COOH 0.6 BSA,COOH,True,False,,2.0,present,high,,COOH,BSA,False,COOH_BSA
0.6 CENTER/6 hrs/PXL_20260826_211611789.jpg,0.6 CENTER,6.0,2026-08-26 21:16:11.789,6,29.099,COOH 0.6 BSA,COOH,True,False,,3.0,present,low,"sticker very blurry, read by analogy to adjacent COOH/BSA repeat set (0195-0197)",COOH,BSA,False,COOH_BSA
0.6 CENTER/6 hrs/PXL_20260826_211642406.jpg,0.6 CENTER,6.0,2026-08-26 21:16:42.406,7,30.617,PEG 0.6,PEG,False,False,,1.0,present,high,,PEG,non-BSA,False,PEG_non-BSA
0.6 CENTER/6 hrs/PXL_20260826_211702516.jpg,0.6 CENTER,6.0,2026-08-26 21:17:02.516,8,20.11,PEG 0.6,PEG,False,False,,2.0,present,high,,PEG,non-BSA,False,PEG_non-BSA
0.6 CENTER/6 hrs/PXL_20260826_211722705.jpg,0.6 CENTER,6.0,2026-08-26 21:17:22.705,9,20.189,PEG 0.6,PEG,False,False,,3.0,present,high,,PEG,non-BSA,False,PEG_non-BSA
0.6 CENTER/6 hrs/PXL_20260826_211741154.jpg,0.6 CENTER,6.0,2026-08-26 21:17:41.154,10,18.449,COOH 0.6,COOH,False,False,,1.0,present,high,,COOH,non-BSA,False,COOH_non-BSA
0.6 CENTER/6 hrs/PXL_20260826_211807434.jpg,0.6 CENTER,6.0,2026-08-26 21:18:07.434,11,26.28,COOH 0.6,COOH,False,False,,2.0,present,high,,COOH,non-BSA,False,COOH_non-BSA
0.6 CENTER/6 hrs/PXL_20260826_211834760.jpg,0.6 CENTER,6.0,2026-08-26 21:18:34.760,12,27.326,COOH 0.6,COOH,False,False,,3.0,present,high,,COOH,non-BSA,False,COOH_non-BSA
0.6 CENTER/6 hrs/PXL_20260826_212115678.jpg,0.6 CENTER,6.0,2026-08-26 21:21:15.678,13,160.918,PEG 0.6 BSA CTRL,PEG,True,True,True,,none,high,duplicate of 0188 (same PEG+BSA control),PEG,BSA,True,PEG_BSA
0.6 CENTER/6 hrs/PXL_20260826_212145360.jpg,0.6 CENTER,6.0,2026-08-26 21:21:45.360,14,29.682,COOH 0.6 CTRL,COOH,False,True,False,,none,high,duplicate of 0175/0189 (same COOH non-BSA control),COOH,non-BSA,True,COOH_non-BSA
0.6 CENTER/6 hrs/PXL_20260826_212213974.jpg,0.6 CENTER,6.0,2026-08-26 21:22:13.974,15,28.614,PEG 0.6 CTRL,PEG,False,True,False,,none,high,duplicate of 0190 (same PEG non-BSA control),PEG,non-BSA,True,PEG_non-BSA
0.6 CENTER/6 hrs/PXL_20260826_212258510.jpg,0.6 CENTER,6.0,2026-08-26 21:22:58.510,16,44.536,COOH 0.6 BSA CTRL,COOH,True,True,True,,none,low,"sticker blurry, duplicate of 0191 (same COOH+BSA control)",COOH,BSA,True,COOH_BSA
