day,agarose,bsa,coating,arm,series,t,asym,gap_mm
Aug 23,0.4%,non-BSA,PEG,large,PEG_L1,0.0,2.244201183319092,4.639285714285715
Aug 23,0.4%,non-BSA,PEG,large,PEG_L2,0.0,2.774186611175537,4.639285714285715
Aug 23,0.4%,non-BSA,PEG,small,PEG_S1,0.0,-2.0259838104248047,4.639285714285715
Aug 23,0.4%,non-BSA,PEG,small,PEG_S2,0.0,1.8089981079101562,4.639285714285715
Aug 23,0.4%,non-BSA,COOH,large,COOH_L1,0.0,3.5682973861694336,4.398809523809525
Aug 23,0.4%,non-BSA,COOH,large,COOH_L2,0.0,1.3225836753845215,4.158333333333334
Aug 23,0.4%,non-BSA,COOH,small,COOH_S1,0.0,6.374595642089844,4.879761904761906
Aug 23,0.4%,non-BSA,COOH,small,COOH_S2,0.0,0.7533373832702637,4.158333333333334
Aug 23,0.4%,non-BSA,PEG,large,PEG_L1,0.0,4.825076103210449,4.639285714285715
Aug 23,0.4%,non-BSA,PEG,large,PEG_L2,0.0,6.931163787841797,4.639285714285715
Aug 23,0.4%,non-BSA,PEG,small,PEG_S1,0.0,0.35886621475219727,4.398809523809525
Aug 23,0.4%,non-BSA,PEG,small,PEG_S2,0.0,2.8142342567443848,4.639285714285715
Aug 23,0.4%,non-BSA,COOH,large,COOH_L1,0.0,7.631794452667236,4.639285714285715
Aug 23,0.4%,non-BSA,COOH,large,COOH_L2,0.0,2.5348410606384277,4.398809523809525
Aug 23,0.4%,non-BSA,COOH,small,COOH_S1,0.0,8.795572280883789,4.879761904761906
Aug 23,0.4%,non-BSA,COOH,small,COOH_S2,0.0,2.5878400802612305,4.639285714285715
Aug 23,0.4%,non-BSA,PEG,large,PEG_L3,0.0,6.832015514373779,5.120238095238096
Aug 23,0.4%,non-BSA,PEG,small,PEG_S3,0.0,2.4321482181549072,5.360714285714287
Aug 23,0.4%,non-BSA,COOH,large,COOH_L3,0.0,0.9507927894592285,4.879761904761906
Aug 23,0.4%,non-BSA,COOH,small,COOH_S3,0.0,1.867337703704834,4.398809523809525
Aug 23,0.4%,non-BSA,PEG,control,PEG_control,0.0,2.401956558227539,4.879761904761906
Aug 23,0.4%,non-BSA,COOH,control,COOH_control,0.0,1.3863682746887207,5.120238095238096
Aug 23,0.4%,non-BSA,PEG,large,PEG_L3,0.0,10.235978126525879,5.120238095238096
Aug 23,0.4%,non-BSA,PEG,small,PEG_S3,0.0,3.765697717666626,5.120238095238096
Aug 23,0.4%,non-BSA,COOH,large,COOH_L3,0.0,6.690653324127197,4.639285714285715
Aug 23,0.4%,non-BSA,COOH,small,COOH_S3,0.0,3.0847561359405518,4.398809523809525
Aug 23,0.4%,non-BSA,PEG,control,PEG_control,0.0,1.6933808326721191,4.879761904761906
Aug 23,0.4%,non-BSA,COOH,control,COOH_control,0.0,1.0213217735290527,4.879761904761906
Aug 23,0.4%,non-BSA,PEG,large,PEG_L1,0.5,11.849626541137695,4.879761904761906
Aug 23,0.4%,non-BSA,PEG,large,PEG_L2,0.5,12.533622741699219,4.879761904761906
Aug 23,0.4%,non-BSA,PEG,small,PEG_S1,0.5,0.7690982818603516,5.360714285714287
Aug 23,0.4%,non-BSA,PEG,small,PEG_S2,0.5,5.78095006942749,4.639285714285715
Aug 23,0.4%,non-BSA,COOH,large,COOH_L1,0.5,11.971590995788574,4.879761904761906
Aug 23,0.4%,non-BSA,COOH,large,COOH_L2,0.5,9.860925674438477,4.639285714285715
Aug 23,0.4%,non-BSA,COOH,small,COOH_S1,0.5,11.51297378540039,4.879761904761906
Aug 23,0.4%,non-BSA,COOH,small,COOH_S2,0.5,2.972111225128174,4.398809523809525
Aug 23,0.4%,non-BSA,PEG,large,PEG_L3,0.5,11.834829330444336,5.120238095238096
Aug 23,0.4%,non-BSA,PEG,small,PEG_S3,0.5,3.4063050746917725,4.879761904761906
Aug 23,0.4%,non-BSA,COOH,large,COOH_L3,0.5,9.943428993225098,5.120238095238096
Aug 23,0.4%,non-BSA,COOH,small,COOH_S3,0.5,2.1691949367523193,4.639285714285715
Aug 23,0.4%,non-BSA,PEG,control,PEG_control,0.5,0.7905311584472656,4.639285714285715
Aug 23,0.4%,non-BSA,COOH,control,COOH_control,0.5,0.5459685325622559,5.120238095238096
Aug 23,0.4%,non-BSA,PEG,large,PEG_L1,1.0,20.016796112060547,5.120238095238096
Aug 23,0.4%,non-BSA,PEG,large,PEG_L2,1.0,18.65850830078125,4.879761904761906
Aug 23,0.4%,non-BSA,PEG,small,PEG_S1,1.0,0.8076877593994141,4.879761904761906
Aug 23,0.4%,non-BSA,PEG,small,PEG_S2,1.0,7.816471099853516,4.639285714285715
Aug 23,0.4%,non-BSA,COOH,large,COOH_L1,1.0,17.5089168548584,4.879761904761906
Aug 23,0.4%,non-BSA,COOH,large,COOH_L2,1.0,16.451366424560547,4.639285714285715
Aug 23,0.4%,non-BSA,COOH,small,COOH_S1,1.0,7.249625205993652,5.120238095238096
Aug 23,0.4%,non-BSA,COOH,small,COOH_S2,1.0,4.28691291809082,4.639285714285715
Aug 23,0.4%,non-BSA,PEG,large,PEG_L3,1.0,14.573919296264648,5.120238095238096
Aug 23,0.4%,non-BSA,PEG,small,PEG_S3,1.0,3.293288230895996,4.879761904761906
Aug 23,0.4%,non-BSA,COOH,large,COOH_L3,1.0,16.606346130371094,5.120238095238096
Aug 23,0.4%,non-BSA,COOH,small,COOH_S3,1.0,2.9078261852264404,4.639285714285715
Aug 23,0.4%,non-BSA,PEG,control,PEG_control,1.0,-0.14474725723266602,4.879761904761906
Aug 23,0.4%,non-BSA,COOH,control,COOH_control,1.0,0.8577103614807129,5.120238095238096
Aug 23,0.4%,non-BSA,PEG,large,PEG_L1,1.5,27.121623992919922,5.120238095238096
Aug 23,0.4%,non-BSA,PEG,large,PEG_L2,1.5,26.925521850585938,4.879761904761906
Aug 23,0.4%,non-BSA,PEG,small,PEG_S1,1.5,2.3136610984802246,4.879761904761906
Aug 23,0.4%,non-BSA,PEG,small,PEG_S2,1.5,10.586138725280762,4.639285714285715
Aug 23,0.4%,non-BSA,COOH,large,COOH_L1,1.5,26.40338134765625,4.879761904761906
Aug 23,0.4%,non-BSA,COOH,large,COOH_L2,1.5,22.630735397338867,4.879761904761906
Aug 23,0.4%,non-BSA,COOH,small,COOH_S1,1.5,11.368326187133789,4.879761904761906
Aug 23,0.4%,non-BSA,COOH,small,COOH_S2,1.5,7.121224880218506,4.879761904761906
Aug 23,0.4%,non-BSA,PEG,large,PEG_L3,1.5,19.404287338256836,5.120238095238096
Aug 23,0.4%,non-BSA,PEG,small,PEG_S3,1.5,3.821030378341675,4.879761904761906
Aug 23,0.4%,non-BSA,COOH,large,COOH_L3,1.5,25.796663284301758,5.120238095238096
Aug 23,0.4%,non-BSA,COOH,small,COOH_S3,1.5,3.221512794494629,4.639285714285715
Aug 23,0.4%,non-BSA,PEG,control,PEG_control,1.5,-0.21700716018676758,4.879761904761906
Aug 23,0.4%,non-BSA,COOH,control,COOH_control,1.5,0.13555908203125,5.120238095238096
Aug 23,0.4%,non-BSA,PEG,large,PEG_L1,2.0,37.39747619628906,5.360714285714287
Aug 23,0.4%,non-BSA,PEG,large,PEG_L2,2.0,33.65712356567383,5.120238095238096
Aug 23,0.4%,non-BSA,PEG,small,PEG_S1,2.0,5.7533979415893555,4.879761904761906
Aug 23,0.4%,non-BSA,PEG,small,PEG_S2,2.0,14.852952003479004,4.639285714285715
Aug 23,0.4%,non-BSA,COOH,large,COOH_L1,2.0,26.177444458007812,5.120238095238096
Aug 23,0.4%,non-BSA,COOH,large,COOH_L2,2.0,31.98575210571289,4.879761904761906
Aug 23,0.4%,non-BSA,COOH,small,COOH_S1,2.0,14.201314926147461,5.120238095238096
Aug 23,0.4%,non-BSA,COOH,small,COOH_S2,2.0,10.179801940917969,4.639285714285715
Aug 23,0.4%,non-BSA,PEG,large,PEG_L3,2.0,22.534639358520508,5.360714285714287
Aug 23,0.4%,non-BSA,PEG,small,PEG_S3,2.0,4.903880596160889,4.879761904761906
Aug 23,0.4%,non-BSA,COOH,large,COOH_L3,2.0,33.772727966308594,5.360714285714287
Aug 23,0.4%,non-BSA,COOH,small,COOH_S3,2.0,3.9394147396087646,4.639285714285715
Aug 23,0.4%,non-BSA,PEG,control,PEG_control,2.0,-0.44981908798217773,4.879761904761906
Aug 23,0.4%,non-BSA,COOH,control,COOH_control,2.0,1.828775405883789,5.120238095238096
Aug 23,0.4%,non-BSA,PEG,large,PEG_L1,2.5,43.842281341552734,5.120238095238096
Aug 23,0.4%,non-BSA,PEG,large,PEG_L2,2.5,39.862884521484375,5.120238095238096
Aug 23,0.4%,non-BSA,PEG,small,PEG_S1,2.5,7.110579490661621,4.879761904761906
Aug 23,0.4%,non-BSA,PEG,small,PEG_S2,2.5,16.46674346923828,4.639285714285715
Aug 23,0.4%,non-BSA,COOH,large,COOH_L1,2.5,33.78891372680664,5.120238095238096
Aug 23,0.4%,non-BSA,COOH,large,COOH_L2,2.5,36.767662048339844,4.879761904761906
Aug 23,0.4%,non-BSA,COOH,small,COOH_S1,2.5,12.7714204788208,5.360714285714287
Aug 23,0.4%,non-BSA,COOH,small,COOH_S2,2.5,12.185273170471191,4.639285714285715
Aug 23,0.4%,non-BSA,PEG,large,PEG_L3,2.5,24.9448184967041,5.120238095238096
Aug 23,0.4%,non-BSA,PEG,small,PEG_S3,2.5,5.093328475952148,4.879761904761906
Aug 23,0.4%,non-BSA,COOH,large,COOH_L3,2.5,35.615760803222656,5.360714285714287
Aug 23,0.4%,non-BSA,COOH,small,COOH_S3,2.5,3.881622076034546,4.639285714285715
Aug 23,0.4%,non-BSA,PEG,control,PEG_control,2.5,-0.7856645584106445,4.879761904761906
Aug 23,0.4%,non-BSA,COOH,control,COOH_control,2.5,-0.13503694534301758,5.120238095238096
Aug 23,0.4%,non-BSA,PEG,large,PEG_L1,3.0,47.74533462524414,5.120238095238096
Aug 23,0.4%,non-BSA,PEG,large,PEG_L2,3.0,42.11854553222656,4.879761904761906
Aug 23,0.4%,non-BSA,PEG,small,PEG_S1,3.0,8.508127212524414,4.639285714285715
Aug 23,0.4%,non-BSA,PEG,small,PEG_S2,3.0,16.707639694213867,4.639285714285715
Aug 23,0.4%,non-BSA,COOH,large,COOH_L1,3.0,38.28499984741211,5.120238095238096
Aug 23,0.4%,non-BSA,COOH,large,COOH_L2,3.0,38.4617805480957,5.120238095238096
Aug 23,0.4%,non-BSA,COOH,small,COOH_S1,3.0,15.738602638244629,5.120238095238096
Aug 23,0.4%,non-BSA,COOH,small,COOH_S2,3.0,12.627714157104492,4.398809523809525
Aug 23,0.4%,non-BSA,PEG,large,PEG_L3,3.0,24.90078353881836,5.360714285714287
Aug 23,0.4%,non-BSA,PEG,small,PEG_S3,3.0,5.503314018249512,4.879761904761906
Aug 23,0.4%,non-BSA,COOH,large,COOH_L3,3.0,36.02674102783203,5.360714285714287
Aug 23,0.4%,non-BSA,COOH,small,COOH_S3,3.0,4.3382415771484375,4.879761904761906
Aug 23,0.4%,non-BSA,PEG,control,PEG_control,3.0,-0.16987276077270508,4.879761904761906
Aug 23,0.4%,non-BSA,COOH,control,COOH_control,3.0,-0.41146278381347656,4.639285714285715
Aug 23,0.4%,non-BSA,PEG,large,PEG_L1,3.5,51.33359146118164,5.120238095238096
Aug 23,0.4%,non-BSA,PEG,large,PEG_L2,3.5,43.437923431396484,4.879761904761906
Aug 23,0.4%,non-BSA,PEG,small,PEG_S1,3.5,-2.672513008117676,5.601190476190477
Aug 23,0.4%,non-BSA,PEG,small,PEG_S2,3.5,18.72348403930664,4.879761904761906
Aug 23,0.4%,non-BSA,COOH,large,COOH_L1,3.5,40.32516098022461,5.120238095238096
Aug 23,0.4%,non-BSA,COOH,large,COOH_L2,3.5,47.01314926147461,5.120238095238096
Aug 23,0.4%,non-BSA,COOH,small,COOH_S1,3.5,15.810555458068848,5.120238095238096
Aug 23,0.4%,non-BSA,COOH,small,COOH_S2,3.5,15.688838005065918,4.639285714285715
Aug 23,0.4%,non-BSA,PEG,large,PEG_L3,3.5,24.87401008605957,5.120238095238096
Aug 23,0.4%,non-BSA,PEG,small,PEG_S3,3.5,6.5841264724731445,4.879761904761906
Aug 23,0.4%,non-BSA,COOH,large,COOH_L3,3.5,36.33324432373047,5.360714285714287
Aug 23,0.4%,non-BSA,COOH,small,COOH_S3,3.5,8.218603134155273,4.639285714285715
Aug 23,0.4%,non-BSA,PEG,control,PEG_control,3.5,-1.8028738498687744,4.879761904761906
Aug 23,0.4%,non-BSA,COOH,control,COOH_control,3.5,-0.8509259223937988,4.639285714285715
Aug 23,0.4%,non-BSA,PEG,large,PEG_L1,4.0,52.2962646484375,5.360714285714287
Aug 23,0.4%,non-BSA,PEG,large,PEG_L2,4.0,42.664039611816406,5.120238095238096
Aug 23,0.4%,non-BSA,PEG,small,PEG_S1,4.0,9.630828857421875,5.120238095238096
Aug 23,0.4%,non-BSA,PEG,small,PEG_S2,4.0,22.678699493408203,4.879761904761906
Aug 23,0.4%,non-BSA,COOH,large,COOH_L1,4.0,42.763954162597656,5.120238095238096
Aug 23,0.4%,non-BSA,COOH,large,COOH_L2,4.0,69.77188873291016,5.120238095238096
Aug 23,0.4%,non-BSA,COOH,small,COOH_S1,4.0,16.578062057495117,5.120238095238096
Aug 23,0.4%,non-BSA,COOH,small,COOH_S2,4.0,17.191251754760742,4.398809523809525
Aug 23,0.4%,non-BSA,PEG,large,PEG_L3,4.0,24.287363052368164,5.120238095238096
Aug 23,0.4%,non-BSA,PEG,small,PEG_S3,4.0,7.544460773468018,4.879761904761906
Aug 23,0.4%,non-BSA,COOH,large,COOH_L3,4.0,35.345558166503906,5.120238095238096
Aug 23,0.4%,non-BSA,COOH,small,COOH_S3,4.0,8.18648910522461,4.879761904761906
Aug 23,0.4%,non-BSA,PEG,control,PEG_control,4.0,-1.5321836471557617,4.879761904761906
Aug 23,0.4%,non-BSA,COOH,control,COOH_control,4.0,-0.8706207275390625,4.639285714285715
Aug 23,0.4%,non-BSA,PEG,large,PEG_L1,4.5,39.16865158081055,5.841666666666668
Aug 23,0.4%,non-BSA,PEG,large,PEG_L2,4.5,44.52467346191406,5.360714285714287
Aug 23,0.4%,non-BSA,PEG,small,PEG_S1,4.5,-2.9234466552734375,5.841666666666668
Aug 23,0.4%,non-BSA,PEG,small,PEG_S2,4.5,23.292282104492188,4.639285714285715
Aug 23,0.4%,non-BSA,COOH,large,COOH_L1,4.5,43.89065170288086,5.360714285714287
Aug 23,0.4%,non-BSA,COOH,large,COOH_L2,4.5,44.898162841796875,5.120238095238096
Aug 23,0.4%,non-BSA,COOH,small,COOH_S1,4.5,-7.149137496948242,6.082142857142858
Aug 23,0.4%,non-BSA,COOH,small,COOH_S2,4.5,18.355785369873047,4.639285714285715
Aug 23,0.4%,non-BSA,PEG,large,PEG_L3,4.5,24.94806480407715,5.120238095238096
Aug 23,0.4%,non-BSA,PEG,small,PEG_S3,4.5,8.26487922668457,5.120238095238096
Aug 23,0.4%,non-BSA,COOH,large,COOH_L3,4.5,35.912559509277344,5.360714285714287
Aug 23,0.4%,non-BSA,COOH,small,COOH_S3,4.5,11.256110191345215,4.879761904761906
Aug 23,0.4%,non-BSA,PEG,control,PEG_control,4.5,-1.5431060791015625,4.879761904761906
Aug 23,0.4%,non-BSA,COOH,control,COOH_control,4.5,-2.6606199741363525,4.879761904761906
Aug 23,0.4%,non-BSA,PEG,large,PEG_L1,5.0,37.7059440612793,5.841666666666668
Aug 23,0.4%,non-BSA,PEG,large,PEG_L2,5.0,43.69667053222656,5.360714285714287
Aug 23,0.4%,non-BSA,PEG,small,PEG_S1,5.0,-0.6690235137939453,6.082142857142858
Aug 23,0.4%,non-BSA,PEG,small,PEG_S2,5.0,23.12110137939453,4.879761904761906
Aug 23,0.4%,non-BSA,COOH,large,COOH_L1,5.0,45.114166259765625,5.360714285714287
Aug 23,0.4%,non-BSA,COOH,large,COOH_L2,5.0,43.01055145263672,4.879761904761906
Aug 23,0.4%,non-BSA,COOH,small,COOH_S1,5.0,-0.06822013854980469,6.322619047619049
Aug 23,0.4%,non-BSA,COOH,small,COOH_S2,5.0,1.7533988952636719,5.601190476190477
Aug 23,0.4%,non-BSA,PEG,large,PEG_L3,5.0,25.849422454833984,5.360714285714287
Aug 23,0.4%,non-BSA,COOH,large,COOH_L3,5.0,36.68004608154297,5.360714285714287
Aug 23,0.4%,non-BSA,COOH,small,COOH_S3,5.0,17.800615310668945,4.639285714285715
Aug 23,0.4%,non-BSA,PEG,control,PEG_control,5.0,-1.6106481552124023,4.879761904761906
Aug 23,0.4%,non-BSA,COOH,control,COOH_control,5.0,-2.7227752208709717,4.879761904761906
Aug 23,0.4%,non-BSA,PEG,small,PEG_S3,5.0,11.646133422851562,4.879761904761906
Aug 23,0.4%,non-BSA,PEG,large,PEG_L1,5.5,34.12576675415039,6.082142857142858
Aug 23,0.4%,non-BSA,PEG,large,PEG_L2,5.5,44.537105560302734,5.360714285714287
Aug 23,0.4%,non-BSA,PEG,small,PEG_S1,5.5,-0.05293560028076172,5.841666666666668
Aug 23,0.4%,non-BSA,PEG,small,PEG_S2,5.5,25.643413543701172,4.879761904761906
Aug 23,0.4%,non-BSA,COOH,large,COOH_L1,5.5,46.766353607177734,5.360714285714287
Aug 23,0.4%,non-BSA,COOH,large,COOH_L2,5.5,39.647789001464844,4.639285714285715
Aug 23,0.4%,non-BSA,COOH,small,COOH_S1,5.5,3.850635528564453,6.322619047619049
Aug 23,0.4%,non-BSA,COOH,small,COOH_S2,5.5,2.5477428436279297,5.601190476190477
Aug 23,0.4%,non-BSA,PEG,large,PEG_L3,5.5,24.386539459228516,5.360714285714287
Aug 23,0.4%,non-BSA,COOH,large,COOH_L3,5.5,36.32297134399414,5.360714285714287
Aug 23,0.4%,non-BSA,COOH,small,COOH_S3,5.5,16.28089141845703,4.879761904761906
Aug 23,0.4%,non-BSA,PEG,small,PEG_S3,5.5,10.601178169250488,4.879761904761906
Aug 23,0.4%,non-BSA,PEG,control,PEG_control,5.5,-1.7334959506988525,5.120238095238096
Aug 23,0.4%,non-BSA,COOH,control,COOH_control,5.5,0.03742074966430664,6.322619047619049
Aug 23,0.4%,non-BSA,PEG,large,PEG_L1,6.0,33.349159240722656,5.841666666666668
Aug 23,0.4%,non-BSA,PEG,large,PEG_L2,6.0,46.817691802978516,5.841666666666668
Aug 23,0.4%,non-BSA,PEG,small,PEG_S1,6.0,-1.428450584411621,6.082142857142858
Aug 23,0.4%,non-BSA,PEG,small,PEG_S2,6.0,24.753557205200195,4.879761904761906
Aug 23,0.4%,non-BSA,COOH,large,COOH_L1,6.0,46.04014205932617,5.601190476190477
Aug 23,0.4%,non-BSA,COOH,large,COOH_L2,6.0,42.823246002197266,4.639285714285715
Aug 23,0.4%,non-BSA,COOH,small,COOH_S1,6.0,3.587582588195801,5.841666666666668
Aug 23,0.4%,non-BSA,COOH,small,COOH_S2,6.0,5.420551300048828,5.360714285714287
Aug 23,0.4%,non-BSA,PEG,large,PEG_L3,6.0,24.405946731567383,5.360714285714287
Aug 23,0.4%,non-BSA,COOH,large,COOH_L3,6.0,36.334354400634766,4.879761904761906
Aug 23,0.4%,non-BSA,COOH,small,COOH_S3,6.0,19.4498291015625,4.879761904761906
Aug 23,0.4%,non-BSA,PEG,small,PEG_S3,6.0,12.705293655395508,5.360714285714287
Aug 23,0.4%,non-BSA,COOH,control,COOH_control,6.0,-4.446890830993652,4.879761904761906
Aug 23,0.4%,non-BSA,PEG,control,PEG_control,6.0,-0.9790620803833008,4.879761904761906
Aug 26,0.6%,BSA,PEG,large,PEG_BSA_r1,0.0,12.154170989990234,5.120238095238096
Aug 26,0.6%,BSA,PEG,large,PEG_BSA_r2,0.0,8.302240371704102,5.120238095238096
Aug 26,0.6%,BSA,PEG,large,PEG_BSA_r3,0.0,-0.39415836334228516,5.120238095238096
Aug 26,0.6%,BSA,COOH,large,COOH_BSA_r2,0.0,10.034193992614746,4.879761904761906
Aug 26,0.6%,BSA,COOH,large,COOH_BSA_r1,0.0,11.812051773071289,4.639285714285715
Aug 26,0.6%,BSA,COOH,large,COOH_BSA_r3,0.0,8.282224655151367,5.120238095238096
Aug 26,0.6%,non-BSA,PEG,large,PEG_non-BSA_r1,0.0,1.0003328323364258,4.398809523809525
Aug 26,0.6%,non-BSA,PEG,large,PEG_non-BSA_r2,0.0,11.813398361206055,4.398809523809525
Aug 26,0.6%,non-BSA,PEG,large,PEG_non-BSA_r3,0.0,-1.5416126251220703,4.639285714285715
Aug 26,0.6%,non-BSA,COOH,large,COOH_non-BSA_r1,0.0,0.8073248863220215,4.398809523809525
Aug 26,0.6%,non-BSA,COOH,large,COOH_non-BSA_r3,0.0,7.106861114501953,4.639285714285715
Aug 26,0.6%,non-BSA,COOH,large,COOH_non-BSA_r2,0.0,10.199850082397461,4.398809523809525
Aug 26,0.6%,BSA,PEG,control,PEG_BSA_control,0.0,7.108503341674805,5.120238095238096
Aug 26,0.6%,BSA,COOH,control,COOH_BSA_control,0.0,14.5897216796875,4.879761904761906
Aug 26,0.6%,non-BSA,PEG,control,PEG_non-BSA_control,0.0,-1.1633992195129395,4.398809523809525
Aug 26,0.6%,non-BSA,COOH,control,COOH_non-BSA_control,0.0,2.5156354904174805,4.398809523809525
Aug 26,0.6%,BSA,PEG,large,PEG_BSA_r1,0.5,13.260492324829102,5.360714285714287
Aug 26,0.6%,BSA,PEG,large,PEG_BSA_r3,0.5,6.720526218414307,5.601190476190477
Aug 26,0.6%,BSA,PEG,large,PEG_BSA_r2,0.5,1.516423225402832,5.360714285714287
Aug 26,0.6%,BSA,COOH,large,COOH_BSA_r2,0.5,8.062959671020508,5.120238095238096
Aug 26,0.6%,BSA,COOH,large,COOH_BSA_r3,0.5,9.95457649230957,4.879761904761906
Aug 26,0.6%,BSA,COOH,large,COOH_BSA_r1,0.5,9.31816291809082,5.120238095238096
Aug 26,0.6%,non-BSA,PEG,large,PEG_non-BSA_r2,0.5,3.8215832710266113,4.639285714285715
Aug 26,0.6%,non-BSA,PEG,large,PEG_non-BSA_r1,0.5,-10.217405319213867,5.360714285714287
Aug 26,0.6%,non-BSA,PEG,large,PEG_non-BSA_r3,0.5,-3.8898730278015137,4.879761904761906
Aug 26,0.6%,non-BSA,COOH,large,COOH_non-BSA_r1,0.5,0.15056753158569336,4.639285714285715
Aug 26,0.6%,non-BSA,COOH,large,COOH_non-BSA_r3,0.5,2.906223773956299,5.120238095238096
Aug 26,0.6%,non-BSA,COOH,large,COOH_non-BSA_r2,0.5,11.970926284790039,4.639285714285715
Aug 26,0.6%,BSA,PEG,control,PEG_BSA_control,0.5,7.357999801635742,5.120238095238096
Aug 26,0.6%,BSA,COOH,control,COOH_BSA_control,0.5,15.567187309265137,4.879761904761906
Aug 26,0.6%,non-BSA,PEG,control,PEG_non-BSA_control,0.5,-0.8108110427856445,4.398809523809525
Aug 26,0.6%,non-BSA,COOH,control,COOH_non-BSA_control,0.5,3.278564453125,4.398809523809525
Aug 26,0.6%,BSA,PEG,large,PEG_BSA_r1,1.0,16.340538024902344,5.601190476190477
Aug 26,0.6%,BSA,PEG,large,PEG_BSA_r2,1.0,12.442557334899902,5.601190476190477
Aug 26,0.6%,BSA,PEG,large,PEG_BSA_r3,1.0,2.4003334045410156,5.601190476190477
Aug 26,0.6%,BSA,COOH,large,COOH_BSA_r2,1.0,5.2783002853393555,5.601190476190477
Aug 26,0.6%,BSA,COOH,large,COOH_BSA_r1,1.0,2.6195297241210938,5.601190476190477
Aug 26,0.6%,BSA,COOH,large,COOH_BSA_r3,1.0,-3.091094970703125,6.082142857142858
Aug 26,0.6%,non-BSA,PEG,large,PEG_non-BSA_r1,1.0,7.563166618347168,4.639285714285715
Aug 26,0.6%,non-BSA,PEG,large,PEG_non-BSA_r2,1.0,-8.250039100646973,5.601190476190477
Aug 26,0.6%,non-BSA,PEG,large,PEG_non-BSA_r3,1.0,4.557543754577637,4.639285714285715
Aug 26,0.6%,non-BSA,COOH,large,COOH_non-BSA_r1,1.0,2.7347145080566406,4.879761904761906
Aug 26,0.6%,non-BSA,COOH,large,COOH_non-BSA_r3,1.0,4.641036033630371,5.360714285714287
Aug 26,0.6%,non-BSA,COOH,large,COOH_non-BSA_r2,1.0,5.8541436195373535,5.360714285714287
Aug 26,0.6%,BSA,PEG,control,PEG_BSA_control,1.0,8.100957870483398,5.120238095238096
Aug 26,0.6%,BSA,COOH,control,COOH_BSA_control,1.0,13.177207946777344,5.120238095238096
Aug 26,0.6%,non-BSA,PEG,control,PEG_non-BSA_control,1.0,-0.9226608276367188,4.398809523809525
Aug 26,0.6%,non-BSA,COOH,control,COOH_non-BSA_control,1.0,1.3042640686035156,4.398809523809525
Aug 26,0.6%,BSA,PEG,large,PEG_BSA_r1,1.5,14.896003723144531,5.841666666666668
Aug 26,0.6%,BSA,PEG,large,PEG_BSA_r2,1.5,13.163313865661621,5.841666666666668
Aug 26,0.6%,BSA,PEG,large,PEG_BSA_r3,1.5,7.182126998901367,5.601190476190477
Aug 26,0.6%,BSA,COOH,large,COOH_BSA_r2,1.5,6.81903076171875,5.841666666666668
Aug 26,0.6%,BSA,COOH,large,COOH_BSA_r1,1.5,6.235745429992676,5.601190476190477
Aug 26,0.6%,BSA,COOH,large,COOH_BSA_r3,1.5,4.3292436599731445,6.082142857142858
Aug 26,0.6%,non-BSA,PEG,large,PEG_non-BSA_r1,1.5,11.429433822631836,4.639285714285715
Aug 26,0.6%,non-BSA,PEG,large,PEG_non-BSA_r2,1.5,-2.2002859115600586,5.360714285714287
Aug 26,0.6%,non-BSA,PEG,large,PEG_non-BSA_r3,1.5,3.980264663696289,4.879761904761906
Aug 26,0.6%,non-BSA,COOH,large,COOH_non-BSA_r1,1.5,3.831383228302002,5.120238095238096
Aug 26,0.6%,non-BSA,COOH,large,COOH_non-BSA_r2,1.5,11.649325370788574,5.360714285714287
Aug 26,0.6%,non-BSA,COOH,large,COOH_non-BSA_r3,1.5,11.480996131896973,5.360714285714287
Aug 26,0.6%,BSA,PEG,control,PEG_BSA_control,1.5,10.250341415405273,5.120238095238096
Aug 26,0.6%,BSA,COOH,control,COOH_BSA_control,1.5,14.443502426147461,5.120238095238096
Aug 26,0.6%,non-BSA,PEG,control,PEG_non-BSA_control,1.5,-0.6183757781982422,4.398809523809525
Aug 26,0.6%,non-BSA,COOH,control,COOH_non-BSA_control,1.5,-0.171630859375,4.398809523809525
Aug 26,0.6%,BSA,PEG,large,PEG_BSA_r1,2.0,19.838987350463867,5.841666666666668
Aug 26,0.6%,BSA,PEG,large,PEG_BSA_r2,2.0,18.425018310546875,5.601190476190477
Aug 26,0.6%,BSA,PEG,large,PEG_BSA_r3,2.0,11.396352767944336,5.601190476190477
Aug 26,0.6%,BSA,COOH,large,COOH_BSA_r1,2.0,12.920933723449707,5.601190476190477
Aug 26,0.6%,BSA,COOH,large,COOH_BSA_r2,2.0,16.422603607177734,5.841666666666668
Aug 26,0.6%,BSA,COOH,large,COOH_BSA_r3,2.0,9.475140571594238,6.082142857142858
Aug 26,0.6%,non-BSA,PEG,large,PEG_non-BSA_r1,2.0,15.939393043518066,4.639285714285715
Aug 26,0.6%,non-BSA,PEG,large,PEG_non-BSA_r2,2.0,5.080666542053223,5.360714285714287
Aug 26,0.6%,non-BSA,PEG,large,PEG_non-BSA_r3,2.0,8.783242225646973,4.879761904761906
Aug 26,0.6%,non-BSA,COOH,large,COOH_non-BSA_r1,2.0,8.041403770446777,5.120238095238096
Aug 26,0.6%,non-BSA,COOH,large,COOH_non-BSA_r2,2.0,21.691686630249023,5.360714285714287
Aug 26,0.6%,non-BSA,COOH,large,COOH_non-BSA_r3,2.0,19.7056827545166,5.360714285714287
Aug 26,0.6%,BSA,COOH,control,COOH_BSA_control,2.0,4.519589424133301,5.601190476190477
Aug 26,0.6%,non-BSA,PEG,control,PEG_non-BSA_control,2.0,-0.6491794586181641,4.398809523809525
Aug 26,0.6%,non-BSA,COOH,control,COOH_non-BSA_control,2.0,2.986053466796875,4.398809523809525
Aug 26,0.6%,BSA,PEG,control,PEG_BSA_control,2.0,10.548576354980469,5.120238095238096
Aug 26,0.6%,BSA,PEG,large,PEG_BSA_r1,2.5,21.391956329345703,5.841666666666668
Aug 26,0.6%,BSA,PEG,large,PEG_BSA_r2,2.5,20.81806182861328,5.601190476190477
Aug 26,0.6%,BSA,PEG,large,PEG_BSA_r3,2.5,17.3072509765625,5.601190476190477
Aug 26,0.6%,BSA,COOH,large,COOH_BSA_r1,2.5,23.86724853515625,5.601190476190477
Aug 26,0.6%,BSA,COOH,large,COOH_BSA_r2,2.5,27.530563354492188,5.841666666666668
Aug 26,0.6%,BSA,COOH,large,COOH_BSA_r3,2.5,20.292156219482422,6.082142857142858
Aug 26,0.6%,BSA,COOH,large,COOH_BSA_r3,2.5,19.951068878173828,6.082142857142858
Aug 26,0.6%,non-BSA,PEG,large,PEG_non-BSA_r1,2.5,21.010482788085938,4.639285714285715
Aug 26,0.6%,non-BSA,PEG,large,PEG_non-BSA_r2,2.5,9.73001480102539,5.360714285714287
Aug 26,0.6%,non-BSA,PEG,large,PEG_non-BSA_r3,2.5,11.287611961364746,4.879761904761906
Aug 26,0.6%,non-BSA,COOH,large,COOH_non-BSA_r1,2.5,11.572050094604492,5.120238095238096
Aug 26,0.6%,non-BSA,COOH,large,COOH_non-BSA_r2,2.5,36.21193313598633,5.120238095238096
Aug 26,0.6%,non-BSA,COOH,large,COOH_non-BSA_r3,2.5,34.00962829589844,4.879761904761906
Aug 26,0.6%,BSA,PEG,control,PEG_BSA_control,2.5,12.219924926757812,4.879761904761906
Aug 26,0.6%,BSA,COOH,control,COOH_BSA_control,2.5,4.245144844055176,5.601190476190477
Aug 26,0.6%,non-BSA,PEG,control,PEG_non-BSA_control,2.5,-1.500838279724121,4.398809523809525
Aug 26,0.6%,non-BSA,COOH,control,COOH_non-BSA_control,2.5,-2.0415611267089844,4.398809523809525
Aug 26,0.6%,BSA,PEG,large,PEG_BSA_r1,3.0,22.76406478881836,5.841666666666668
Aug 26,0.6%,BSA,PEG,large,PEG_BSA_r2,3.0,19.609039306640625,5.841666666666668
Aug 26,0.6%,BSA,PEG,large,PEG_BSA_r3,3.0,17.557531356811523,5.601190476190477
Aug 26,0.6%,BSA,COOH,large,COOH_BSA_r1,3.0,24.932727813720703,5.601190476190477
Aug 26,0.6%,BSA,COOH,large,COOH_BSA_r2,3.0,28.348119735717773,5.841666666666668
Aug 26,0.6%,BSA,COOH,large,COOH_BSA_r3,3.0,22.09807586669922,6.082142857142858
Aug 26,0.6%,non-BSA,PEG,large,PEG_non-BSA_r1,3.0,17.431230545043945,4.879761904761906
Aug 26,0.6%,non-BSA,PEG,large,PEG_non-BSA_r2,3.0,11.110901832580566,5.360714285714287
Aug 26,0.6%,non-BSA,PEG,large,PEG_non-BSA_r3,3.0,9.439295768737793,5.120238095238096
Aug 26,0.6%,non-BSA,COOH,large,COOH_non-BSA_r1,3.0,12.383431434631348,5.120238095238096
Aug 26,0.6%,non-BSA,COOH,large,COOH_non-BSA_r2,3.0,42.347198486328125,5.120238095238096
Aug 26,0.6%,non-BSA,COOH,large,COOH_non-BSA_r3,3.0,33.63371276855469,4.879761904761906
Aug 26,0.6%,BSA,PEG,control,PEG_BSA_control,3.0,14.00244426727295,5.120238095238096
Aug 26,0.6%,BSA,COOH,control,COOH_BSA_control,3.0,2.444108009338379,5.601190476190477
Aug 26,0.6%,non-BSA,PEG,control,PEG_non-BSA_control,3.0,-0.5632905960083008,4.398809523809525
Aug 26,0.6%,non-BSA,COOH,control,COOH_non-BSA_control,3.0,-0.26286888122558594,4.398809523809525
Aug 26,0.6%,BSA,PEG,large,PEG_BSA_r1,3.5,21.98575782775879,6.082142857142858
Aug 26,0.6%,BSA,PEG,large,PEG_BSA_r3,3.5,21.41123390197754,5.841666666666668
Aug 26,0.6%,BSA,PEG,large,PEG_BSA_r2,3.5,19.496612548828125,5.601190476190477
Aug 26,0.6%,BSA,COOH,large,COOH_BSA_r1,3.5,27.18292999267578,5.601190476190477
Aug 26,0.6%,BSA,COOH,large,COOH_BSA_r2,3.5,31.854507446289062,5.841666666666668
Aug 26,0.6%,BSA,COOH,large,COOH_BSA_r3,3.5,24.716175079345703,6.082142857142858
Aug 26,0.6%,non-BSA,PEG,large,PEG_non-BSA_r1,3.5,18.55631446838379,4.879761904761906
Aug 26,0.6%,non-BSA,PEG,large,PEG_non-BSA_r2,3.5,13.333565711975098,5.360714285714287
Aug 26,0.6%,non-BSA,PEG,large,PEG_non-BSA_r3,3.5,10.39589786529541,5.120238095238096
Aug 26,0.6%,non-BSA,COOH,large,COOH_non-BSA_r1,3.5,12.830387115478516,5.120238095238096
Aug 26,0.6%,non-BSA,COOH,large,COOH_non-BSA_r2,3.5,47.76627731323242,5.120238095238096
Aug 26,0.6%,non-BSA,COOH,large,COOH_non-BSA_r3,3.5,33.12339401245117,5.120238095238096
Aug 26,0.6%,BSA,PEG,control,PEG_BSA_control,3.5,14.478580474853516,4.639285714285715
Aug 26,0.6%,BSA,COOH,control,COOH_BSA_control,3.5,-3.365445137023926,5.841666666666668
Aug 26,0.6%,non-BSA,PEG,control,PEG_non-BSA_control,3.5,-0.09775829315185547,4.398809523809525
Aug 26,0.6%,non-BSA,COOH,control,COOH_non-BSA_control,3.5,0.10349273681640625,4.398809523809525
Aug 26,0.6%,BSA,PEG,large,PEG_BSA_r1,4.0,25.39897918701172,5.841666666666668
Aug 26,0.6%,BSA,PEG,large,PEG_BSA_r2,4.0,22.523624420166016,5.841666666666668
Aug 26,0.6%,BSA,PEG,large,PEG_BSA_r3,4.0,22.614604949951172,5.601190476190477
Aug 26,0.6%,BSA,COOH,large,COOH_BSA_r1,4.0,27.55023765563965,5.601190476190477
Aug 26,0.6%,BSA,COOH,large,COOH_BSA_r2,4.0,35.75044250488281,5.601190476190477
Aug 26,0.6%,BSA,COOH,large,COOH_BSA_r3,4.0,24.691307067871094,6.082142857142858
Aug 26,0.6%,non-BSA,PEG,large,PEG_non-BSA_r1,4.0,19.705509185791016,4.879761904761906
Aug 26,0.6%,non-BSA,PEG,large,PEG_non-BSA_r2,4.0,15.668262481689453,5.360714285714287
Aug 26,0.6%,non-BSA,PEG,large,PEG_non-BSA_r3,4.0,10.153751373291016,5.120238095238096
Aug 26,0.6%,non-BSA,COOH,large,COOH_non-BSA_r1,4.0,10.973455429077148,5.120238095238096
Aug 26,0.6%,non-BSA,COOH,large,COOH_non-BSA_r2,4.0,49.78167724609375,5.120238095238096
Aug 26,0.6%,non-BSA,COOH,large,COOH_non-BSA_r3,4.0,33.58336639404297,5.120238095238096
Aug 26,0.6%,BSA,PEG,control,PEG_BSA_control,4.0,13.652488708496094,4.879761904761906
Aug 26,0.6%,non-BSA,COOH,control,COOH_non-BSA_control,4.0,2.4057531356811523,5.601190476190477
Aug 26,0.6%,BSA,COOH,control,COOH_BSA_control,4.0,7.7540130615234375,4.158333333333334
Aug 26,0.6%,non-BSA,PEG,control,PEG_non-BSA_control,4.0,-2.8877391815185547,4.398809523809525
Aug 26,0.6%,BSA,PEG,large,PEG_BSA_r1,4.5,26.802661895751953,5.841666666666668
Aug 26,0.6%,BSA,PEG,large,PEG_BSA_r2,4.5,21.345355987548828,5.841666666666668
Aug 26,0.6%,BSA,PEG,large,PEG_BSA_r3,4.5,21.16736602783203,5.601190476190477
Aug 26,0.6%,BSA,COOH,large,COOH_BSA_r1,4.5,28.203845977783203,5.601190476190477
Aug 26,0.6%,BSA,COOH,large,COOH_BSA_r2,4.5,34.247623443603516,5.601190476190477
Aug 26,0.6%,BSA,COOH,large,COOH_BSA_r3,4.5,25.011497497558594,5.841666666666668
Aug 26,0.6%,non-BSA,PEG,large,PEG_non-BSA_r1,4.5,20.66469955444336,4.879761904761906
Aug 26,0.6%,non-BSA,PEG,large,PEG_non-BSA_r2,4.5,13.945070266723633,5.360714285714287
Aug 26,0.6%,non-BSA,PEG,large,PEG_non-BSA_r3,4.5,10.22008228302002,5.120238095238096
Aug 26,0.6%,non-BSA,COOH,large,COOH_non-BSA_r1,4.5,10.825401306152344,5.120238095238096
Aug 26,0.6%,non-BSA,COOH,large,COOH_non-BSA_r2,4.5,50.67291259765625,5.120238095238096
Aug 26,0.6%,non-BSA,COOH,large,COOH_non-BSA_r3,4.5,33.948448181152344,5.120238095238096
Aug 26,0.6%,BSA,PEG,control,PEG_BSA_control,4.5,14.463464736938477,5.120238095238096
Aug 26,0.6%,non-BSA,COOH,control,COOH_non-BSA_control,4.5,-2.6517276763916016,5.841666666666668
Aug 26,0.6%,BSA,COOH,control,COOH_BSA_control,4.5,-1.54864501953125,4.398809523809525
Aug 26,0.6%,non-BSA,PEG,control,PEG_non-BSA_control,4.5,-1.7894225120544434,4.398809523809525
Aug 26,0.6%,BSA,PEG,large,PEG_BSA_r1,5.0,27.9943790435791,5.841666666666668
Aug 26,0.6%,BSA,PEG,large,PEG_BSA_r2,5.0,21.69073486328125,5.841666666666668
Aug 26,0.6%,BSA,PEG,large,PEG_BSA_r3,5.0,22.899490356445312,5.601190476190477
Aug 26,0.6%,BSA,COOH,large,COOH_BSA_r1,5.0,28.57162857055664,5.601190476190477
Aug 26,0.6%,BSA,COOH,large,COOH_BSA_r2,5.0,33.5255012512207,5.601190476190477
Aug 26,0.6%,BSA,COOH,large,COOH_BSA_r3,5.0,24.50816535949707,5.841666666666668
Aug 26,0.6%,non-BSA,PEG,large,PEG_non-BSA_r1,5.0,19.18485450744629,4.879761904761906
Aug 26,0.6%,non-BSA,PEG,large,PEG_non-BSA_r2,5.0,14.907108306884766,5.360714285714287
Aug 26,0.6%,non-BSA,PEG,large,PEG_non-BSA_r3,5.0,11.038041114807129,5.120238095238096
Aug 26,0.6%,non-BSA,COOH,large,COOH_non-BSA_r1,5.0,13.510547637939453,5.360714285714287
Aug 26,0.6%,non-BSA,COOH,large,COOH_non-BSA_r2,5.0,48.50617599487305,5.360714285714287
Aug 26,0.6%,non-BSA,COOH,large,COOH_non-BSA_r3,5.0,34.06538391113281,5.120238095238096
Aug 26,0.6%,BSA,PEG,control,PEG_BSA_control,5.0,14.519835472106934,4.879761904761906
Aug 26,0.6%,BSA,COOH,control,COOH_BSA_control,5.0,-5.841777801513672,4.398809523809525
Aug 26,0.6%,non-BSA,PEG,control,PEG_non-BSA_control,5.0,-1.64569091796875,4.398809523809525
Aug 26,0.6%,non-BSA,COOH,control,COOH_non-BSA_control,5.0,-1.3929691314697266,5.841666666666668
Aug 26,0.6%,BSA,PEG,large,PEG_BSA_r1,5.5,30.13068389892578,5.601190476190477
Aug 26,0.6%,BSA,PEG,large,PEG_BSA_r3,5.5,20.709457397460938,5.841666666666668
Aug 26,0.6%,BSA,PEG,large,PEG_BSA_r2,5.5,19.614017486572266,5.601190476190477
Aug 26,0.6%,BSA,COOH,large,COOH_BSA_r1,5.5,28.40756607055664,5.360714285714287
Aug 26,0.6%,BSA,COOH,large,COOH_BSA_r2,5.5,34.055397033691406,5.601190476190477
Aug 26,0.6%,BSA,COOH,large,COOH_BSA_r3,5.5,24.875242233276367,6.082142857142858
Aug 26,0.6%,non-BSA,PEG,large,PEG_non-BSA_r1,5.5,19.998395919799805,4.879761904761906
Aug 26,0.6%,non-BSA,PEG,large,PEG_non-BSA_r2,5.5,14.640728950500488,5.360714285714287
Aug 26,0.6%,non-BSA,PEG,large,PEG_non-BSA_r3,5.5,10.666163444519043,5.120238095238096
Aug 26,0.6%,non-BSA,COOH,large,COOH_non-BSA_r1,5.5,14.019857406616211,5.120238095238096
Aug 26,0.6%,non-BSA,COOH,large,COOH_non-BSA_r2,5.5,48.754554748535156,5.360714285714287
Aug 26,0.6%,non-BSA,COOH,large,COOH_non-BSA_r3,5.5,39.083377838134766,5.120238095238096
Aug 26,0.6%,BSA,PEG,control,PEG_BSA_control,5.5,13.769954681396484,4.879761904761906
Aug 26,0.6%,non-BSA,COOH,control,COOH_non-BSA_control,5.5,-0.32851600646972656,5.841666666666668
Aug 26,0.6%,non-BSA,PEG,control,PEG_non-BSA_control,5.5,-1.1186814308166504,4.398809523809525
Aug 26,0.6%,BSA,COOH,control,COOH_BSA_control,5.5,-2.2123985290527344,4.398809523809525
Aug 26,0.6%,BSA,PEG,large,PEG_BSA_r1,6.0,27.19597053527832,6.082142857142858
Aug 26,0.6%,BSA,PEG,large,PEG_BSA_r3,6.0,21.03042221069336,5.841666666666668
Aug 26,0.6%,BSA,PEG,large,PEG_BSA_r2,6.0,13.08521842956543,5.841666666666668
Aug 26,0.6%,BSA,COOH,large,COOH_BSA_r1,6.0,28.915029525756836,5.601190476190477
Aug 26,0.6%,BSA,COOH,large,COOH_BSA_r2,6.0,31.768108367919922,5.841666666666668
Aug 26,0.6%,BSA,COOH,large,COOH_BSA_r3,6.0,24.75930404663086,6.082142857142858
Aug 26,0.6%,non-BSA,PEG,large,PEG_non-BSA_r1,6.0,17.515392303466797,5.120238095238096
Aug 26,0.6%,non-BSA,PEG,large,PEG_non-BSA_r2,6.0,13.915791511535645,5.601190476190477
Aug 26,0.6%,non-BSA,PEG,large,PEG_non-BSA_r3,6.0,8.13566780090332,5.120238095238096
Aug 26,0.6%,non-BSA,COOH,large,COOH_non-BSA_r1,6.0,10.99587631225586,5.360714285714287
Aug 26,0.6%,non-BSA,COOH,large,COOH_non-BSA_r2,6.0,47.00031280517578,5.360714285714287
Aug 26,0.6%,non-BSA,COOH,large,COOH_non-BSA_r3,6.0,35.302268981933594,5.120238095238096
Aug 26,0.6%,BSA,PEG,control,PEG_BSA_control,6.0,11.747682571411133,5.120238095238096
Aug 26,0.6%,non-BSA,COOH,control,COOH_non-BSA_control,6.0,-0.23040390014648438,5.841666666666668
Aug 26,0.6%,non-BSA,PEG,control,PEG_non-BSA_control,6.0,-2.147441864013672,4.398809523809525
Aug 26,0.6%,BSA,COOH,control,COOH_BSA_control,6.0,-36.45262908935547,5.601190476190477
