idx,series,timepoint_hr,src,repair,dx,dy,ecc,q0x,q0y,q1x,q1y,q2x,q2y,q3x,q3y
4,COOH_L1,0.0,dots,kept,0.0,0.0,off,425.8508605957031,191.1118621826172,687.754638671875,189.65740966796875,680.2172241210938,437.81146240234375,441.4518127441406,447.3887023925781
12,COOH_L1,0.0,dots,kept,0.0,0.0,ref,424.9715270996094,177.7437744140625,687.7142944335938,172.53968811035156,682.117919921875,423.3589782714844,441.5034484863281,434.4586181640625
32,COOH_L1,0.5,dots,kept,0.0,0.0,off,425.6311340332031,178.0327911376953,687.2801513671875,173.2062225341797,682.369873046875,422.5205383300781,443.128662109375,433.9117736816406
46,COOH_L1,1.0,dots,kept,0.0,0.0,off,433.16094970703125,180.2294464111328,693.4198608398438,176.17556762695312,688.431396484375,424.14117431640625,450.5954284667969,436.46820068359375
60,COOH_L1,1.5,dots,kept,0.0,0.0,off,442.6690979003906,175.74908447265625,705.1519775390625,171.6280059814453,699.6513671875,420.7049865722656,460.52130126953125,433.42950439453125
74,COOH_L1,2.0,dots,kept,0.0,0.0,off,442.0,185.59091186523438,708.1155395507812,190.14222717285156,700.7071533203125,439.7845153808594,458.38775634765625,449.6000061035156
88,COOH_L1,2.5,dots,kept,0.0,0.0,off,437.3923034667969,194.4769287109375,700.4776000976562,192.21392822265625,694.168701171875,440.4739074707031,454.7049255371094,452.7786865234375
102,COOH_L1,3.0,dots,kept,0.0,0.0,off,430.2680969238281,190.51063537597656,694.9130249023438,187.27951049804688,689.2557983398438,437.15350341796875,449.03656005859375,450.33221435546875
116,COOH_L1,3.5,dots,kept,0.0,0.0,off,435.3892822265625,181.13214111328125,700.5707397460938,179.13658142089844,693.4813232421875,428.45794677734375,451.75390625,440.6417541503906
130,COOH_L1,4.0,dots,kept,0.0,0.0,off,447.7464294433594,178.9678497314453,711.316650390625,176.98333740234375,704.342529296875,427.5787353515625,464.14508056640625,438.31866455078125
144,COOH_L1,4.5,dots,kept,0.0,0.0,off,437.32330322265625,176.20677185058594,703.0279541015625,171.91061401367188,696.328125,424.6770935058594,448.55340576171875,432.4757385253906
158,COOH_L1,5.0,dots,kept,0.0,0.0,off,449.3389892578125,226.7203369140625,707.1689453125,221.7123260498047,702.3128051757812,467.5506591796875,466.8936767578125,479.62127685546875
172,COOH_L1,5.5,dots,kept,0.0,0.0,off,440.50189208984375,183.0717010498047,699.0,177.47886657714844,694.1731567382812,424.0,458.87060546875,436.5903015136719
186,COOH_L1,6.0,dots,kept,0.0,0.0,off,448.3157958984375,196.13157653808594,711.0742797851562,190.34158325195312,705.0079956054688,441.07598876953125,457.8125,449.125
5,COOH_L2,0.0,dots,kept,0.0,0.0,off,433.1230773925781,188.53846740722656,693.271484375,173.38914489746094,680.9392700195312,432.99285888671875,449.9820556640625,436.14520263671875
13,COOH_L2,0.0,dots,kept,0.0,0.0,ref,448.7688903808594,188.83778381347656,708.732421875,173.4225311279297,680.5,415.5294189453125,463.5484924316406,435.40484619140625
33,COOH_L2,0.5,dots,kept,0.0,0.0,off,431.59765625,188.27113342285156,691.089599609375,171.47640991210938,678.7865600585938,430.438720703125,444.4463195800781,434.2583923339844
47,COOH_L2,1.0,dots,kept,0.0,0.0,off,429.63787841796875,186.5780792236328,691.5550537109375,171.58372497558594,679.1275634765625,430.1851806640625,444.3843688964844,433.5472412109375
61,COOH_L2,1.5,dots,kept,0.0,0.0,off,446.4973449707031,202.9122314453125,707.029541015625,182.3201904296875,699.152587890625,442.6747131347656,463.6457824707031,449.35968017578125
75,COOH_L2,2.0,dots,kept,0.0,0.0,off,449.4227294921875,203.89505004882812,711.3881225585938,188.20091247558594,697.5963134765625,450.4495544433594,462.20367431640625,451.2173767089844
89,COOH_L2,2.5,dots,kept,0.0,0.0,off,432.628173828125,205.78338623046875,694.5504760742188,187.07798767089844,681.2877197265625,450.1886901855469,445.3117980957031,449.48876953125
103,COOH_L2,3.0,dots,repaired,0.0,0.0,off,410.578125,200.5690155029297,667.7928466796875,186.34921264648438,656.6743774414062,444.5997619628906,422.4346923828125,447.89373779296875
117,COOH_L2,3.5,dots,repaired,0.0,0.0,off,457.87933349609375,185.25987243652344,715.0940551757812,171.04006958007812,703.9755859375,429.2906188964844,469.73590087890625,432.5845947265625
131,COOH_L2,4.0,dots,kept,0.0,0.0,off,478.6837158203125,176.0569610595703,722.9041748046875,177.443115234375,713.3783569335938,441.1351318359375,469.15789794921875,439.7489929199219
145,COOH_L2,4.5,dots,repaired,0.0,0.0,off,460.69195556640625,188.81919860839844,717.9066772460938,174.59939575195312,706.7882080078125,432.8499450683594,472.54852294921875,436.1439208984375
159,COOH_L2,5.0,dots,repaired,0.0,0.0,off,446.68060302734375,234.5387725830078,703.8953247070312,220.3189697265625,692.77685546875,478.56951904296875,458.53717041015625,481.8634948730469
173,COOH_L2,5.5,dots,kept,0.0,0.0,off,452.6947326660156,199.87017822265625,711.1798706054688,186.41726684570312,691.0454711914062,448.6363525390625,466.4841003417969,443.0459289550781
187,COOH_L2,6.0,dots,repaired,0.0,0.0,off,440.84442138671875,212.99659729003906,698.0591430664062,198.77679443359375,686.940673828125,457.02734375,452.70098876953125,460.3213195800781
18,COOH_L3,0.0,dots,kept,0.0,0.0,off,111.38043212890625,326.09783935546875,392.61407470703125,314.9200439453125,402.239990234375,632.4000244140625,121.00634765625,643.5777587890625
24,COOH_L3,0.0,dots,kept,0.0,0.0,ref,115.06297302246094,331.3954772949219,406.1145935058594,330.9270935058594,400.12725830078125,633.2545166015625,120.7382583618164,642.9306640625
38,COOH_L3,0.5,dots,kept,0.0,0.0,off,90.50633239746094,317.7236328125,388.3295593261719,318.55682373046875,383.3766174316406,626.402587890625,85.55340576171875,625.5693969726562
52,COOH_L3,1.0,dots,kept,0.0,0.0,off,86.16627502441406,325.8711853027344,388.4008483886719,331.4388122558594,379.74737548828125,631.7157592773438,92.2712631225586,644.0023193359375
66,COOH_L3,1.5,dots,kept,0.0,0.0,off,91.88472747802734,330.1786804199219,393.9750061035156,334.6642761230469,387.1600036621094,634.3800048828125,99.45255279541016,648.0584106445312
80,COOH_L3,2.0,dots,kept,0.0,0.0,off,87.06034851074219,326.6293029785156,389.22283935546875,333.396728515625,381.2745056152344,633.62744140625,79.11203002929688,626.8600463867188
94,COOH_L3,2.5,dots,kept,0.0,0.0,off,79.33184051513672,325.1390075683594,377.24896240234375,336.5477294921875,370.3571472167969,631.0178833007812,72.44001770019531,619.609130859375
108,COOH_L3,3.0,dots,kept,0.0,0.0,off,80.71923065185547,314.55767822265625,381.8269348144531,332.9278869628906,369.0422668457031,626.54931640625,67.93456268310547,608.1790771484375
122,COOH_L3,3.5,dots,kept,0.0,0.0,off,87.1043472290039,321.36956787109375,391.968505859375,335.10235595703125,379.69091796875,627.036376953125,74.82675170898438,613.3035888671875
136,COOH_L3,4.0,dots,kept,0.0,0.0,off,88.86199951171875,353.3201599121094,374.4794616699219,339.4748840332031,365.6973571777344,636.0921020507812,80.07991027832031,649.9373779296875
150,COOH_L3,4.5,dots,kept,0.0,0.0,off,91.61607360839844,322.4241027832031,396.1288757324219,334.4381408691406,385.9090881347656,632.4091186523438,81.39629364013672,620.3950805664062
163,COOH_L3,5.0,dots,kept,0.0,0.0,off,96.5932846069336,324.2126770019531,402.77716064453125,337.26629638671875,393.1428527832031,634.2966918945312,86.95896911621094,621.2431030273438
177,COOH_L3,5.5,dots,kept,0.0,0.0,off,81.7214584350586,319.84930419921875,386.45147705078125,332.05908203125,378.7894592285156,628.3894653320312,74.05945587158203,616.1796875
191,COOH_L3,6.0,dots,kept,0.0,0.0,off,92.55796813964844,329.5652160644531,397.2033996582031,338.2923583984375,400.4249267578125,640.2907104492188,103.29279327392578,648.759033203125
6,COOH_S1,0.0,dots,kept,0.0,0.0,off,445.7049255371094,188.185791015625,679.4757080078125,180.88462829589844,699.5341186523438,445.4621276855469,465.7632751464844,452.7632751464844
14,COOH_S1,0.0,dots,kept,0.0,0.0,ref,453.24432373046875,163.08522033691406,690.3475341796875,160.17050170898438,706.5322875976562,424.7056579589844,469.42901611328125,427.620361328125
34,COOH_S1,0.5,dots,kept,0.0,0.0,off,426.9147644042969,177.55682373046875,661.093505859375,170.24581909179688,681.8538818359375,434.9178161621094,447.6751403808594,442.22882080078125
48,COOH_S1,1.0,dots,kept,0.0,0.0,off,426.8830261230469,172.70175170898438,660.5474853515625,164.78445434570312,681.3970947265625,428.75811767578125,447.7326965332031,436.6754150390625
62,COOH_S1,1.5,dots,repaired,0.0,0.0,off,449.6636962890625,187.08071899414062,689.9239501953125,183.06298828125,708.1761474609375,444.5660400390625,471.7017822265625,452.12628173828125
76,COOH_S1,2.0,dots,repaired,0.0,0.0,off,438.14227294921875,183.69338989257812,678.4025268554688,179.6756591796875,696.6547241210938,441.1787109375,460.18035888671875,448.73895263671875
90,COOH_S1,2.5,dots,kept,0.0,0.0,off,438.367919921875,201.50942993164062,684.553955078125,193.0386505126953,707.95654296875,451.65216064453125,461.7704772949219,460.1229553222656
104,COOH_S1,3.0,dots,kept,0.0,0.0,off,434.4444580078125,177.05555725097656,669.7601318359375,172.9678497314453,692.672119140625,443.7868957519531,457.3564453125,447.87457275390625
118,COOH_S1,3.5,dots,kept,0.0,0.0,off,445.7924499511719,169.85848999023438,686.2783813476562,165.38409423828125,707.9859008789062,432.6197204589844,467.5,437.0941162109375
132,COOH_S1,4.0,dots,repaired,0.0,0.0,off,458.44989013671875,171.36346435546875,698.7101440429688,167.34573364257812,716.9623413085938,428.84881591796875,480.48797607421875,436.4090576171875
146,COOH_S1,4.5,dots,repaired,0.0,0.0,off,446.7197265625,180.80706787109375,686.97998046875,176.78933715820312,705.232177734375,438.29241943359375,468.7578125,445.8526611328125
160,COOH_S1,5.0,dots,kept,0.0,0.0,off,432.0,216.67857360839844,663.8281860351562,212.2960205078125,687.0720825195312,474.4954833984375,455.243896484375,478.8780517578125
174,COOH_S1,5.5,dots,kept,0.0,0.0,off,440.3333435058594,193.93333435058594,681.3885498046875,179.51327514648438,704.7777709960938,447.5555419921875,463.7225646972656,461.9756164550781
188,COOH_S1,6.0,dots,kept,0.0,0.0,off,436.32000732421875,206.24000549316406,672.8529052734375,207.61032104492188,698.723388671875,459.4893493652344,462.19049072265625,458.1190490722656
7,COOH_S2,0.0,dots,kept,0.0,0.0,off,446.3673400878906,195.53060913085938,713.0777587890625,191.54429626464844,699.4855346679688,431.95867919921875,461.1615905761719,440.9049377441406
15,COOH_S2,0.0,dots,repaired,0.0,0.0,ref,442.85174560546875,187.25674438476562,690.4598388671875,179.33523559570312,685.4085693359375,423.98193359375,444.8279113769531,433.5774230957031
35,COOH_S2,0.5,dots,repaired,0.0,0.0,off,455.30694580078125,194.37677001953125,702.9150390625,186.45526123046875,697.86376953125,431.1019592285156,457.2831115722656,440.69744873046875
49,COOH_S2,1.0,dots,kept,0.0,0.0,off,439.1515197753906,172.03030395507812,704.809814453125,181.41717529296875,701.9498291015625,423.2920227050781,460.5831604003906,437.1683044433594
63,COOH_S2,1.5,dots,repaired,0.0,0.0,off,454.4783935546875,203.0006103515625,702.0865478515625,195.0791015625,697.03515625,439.7257995605469,456.4545593261719,449.3212890625
77,COOH_S2,2.0,dots,kept,0.0,0.0,off,451.4550476074219,212.5955047607422,692.701416015625,202.8333282470703,687.3360595703125,446.47772216796875,446.0896911621094,456.2398986816406
91,COOH_S2,2.5,dots,kept,0.0,0.0,off,446.0397644042969,209.9600830078125,689.7738037109375,199.63095092773438,685.6444702148438,445.80889892578125,441.910400390625,456.13800048828125
105,COOH_S2,3.0,dots,kept,0.0,0.0,off,435.2045593261719,207.2045440673828,701.8345336914062,202.6373291015625,695.0814208984375,447.0581359863281,453.6956481933594,454.69805908203125
119,COOH_S2,3.5,dots,kept,0.0,0.0,off,476.6004333496094,198.79498291015625,720.0423583984375,189.30084228515625,714.6871948242188,434.0837097167969,471.2452697753906,443.57781982421875
133,COOH_S2,4.0,dots,kept,0.0,0.0,off,442.6666564941406,195.2820587158203,708.5482788085938,189.9961395263672,701.207763671875,437.9264221191406,457.8457336425781,445.08538818359375
147,COOH_S2,4.5,dots,kept,0.0,0.0,off,454.3454284667969,202.9894256591797,698.453857421875,194.85609436035156,692.624267578125,444.4666748046875,448.5157775878906,452.6000061035156
161,COOH_S2,5.0,dots,kept,0.0,0.0,off,471.2862243652344,239.9124755859375,711.7346801757812,232.57142639160156,707.8010864257812,474.0,467.35260009765625,481.3410339355469
175,COOH_S2,5.5,dots,kept,0.0,0.0,off,457.3985290527344,210.94064331054688,698.1595458984375,202.63475036621094,693.2578735351562,447.0125732421875,452.496826171875,455.3184814453125
189,COOH_S2,6.0,dots,kept,0.0,0.0,off,443.0535583496094,212.7857208251953,707.978515625,204.92703247070312,701.85498046875,454.06500244140625,460.4139099121094,462.3232727050781
19,COOH_S3,0.0,dots,kept,0.0,0.0,off,112.17794036865234,352.1018981933594,412.5810852050781,345.79052734375,411.3431396484375,639.818603515625,110.94000244140625,646.1300048828125
25,COOH_S3,0.0,dots,kept,0.0,0.0,ref,112.36515808105469,358.2262268066406,410.5307312011719,354.7318420410156,408.37420654296875,646.3270263671875,110.20864868164062,649.8214111328125
39,COOH_S3,0.5,dots,kept,0.0,0.0,off,91.27243041992188,339.5560607910156,396.71673583984375,336.1802673339844,395.14666748046875,635.2666625976562,89.70236206054688,638.6424560546875
53,COOH_S3,1.0,dots,kept,0.0,0.0,off,84.62769317626953,350.3108825683594,389.8243103027344,344.11712646484375,389.95989990234375,643.489990234375,84.76325225830078,649.6837158203125
67,COOH_S3,1.5,dots,kept,0.0,0.0,off,89.60869598388672,344.4347839355469,394.14178466796875,345.9253845214844,393.31805419921875,652.7755126953125,88.78494262695312,651.2849731445312
81,COOH_S3,2.0,dots,kept,0.0,0.0,off,87.36809539794922,345.53277587890625,394.0072326660156,339.6173400878906,394.4747314453125,639.1320190429688,87.8355941772461,645.0474853515625
95,COOH_S3,2.5,dots,kept,0.0,0.0,off,80.31818389892578,341.2727355957031,381.9140625,345.359375,382.528076171875,638.380126953125,81.29432678222656,644.48583984375
109,COOH_S3,3.0,dots,kept,0.0,0.0,off,76.91999816894531,329.5199890136719,381.5683898925781,336.508544921875,379.676025390625,631.948974609375,75.02764129638672,624.96044921875
123,COOH_S3,3.5,dots,kept,0.0,0.0,off,84.60192108154297,347.38201904296875,387.5708312988281,342.2541809082031,386.6739196777344,638.4537963867188,83.70500183105469,643.5816650390625
137,COOH_S3,4.0,dots,kept,0.0,0.0,off,68.88121032714844,349.0078430175781,375.8630065917969,343.28424072265625,376.2366943359375,641.2845458984375,69.2549057006836,647.0081787109375
151,COOH_S3,4.5,dots,kept,0.0,0.0,off,88.95577239990234,349.4076232910156,396.1007080078125,343.34027099609375,396.91644287109375,643.240234375,89.77153015136719,649.3075561523438
164,COOH_S3,5.0,dots,kept,0.0,0.0,off,96.18518829345703,337.2592468261719,401.9126892089844,344.44049072265625,397.92669677734375,643.8167724609375,92.35344696044922,645.748291015625
178,COOH_S3,5.5,dots,kept,0.0,0.0,off,85.0434799194336,332.4347839355469,391.524169921875,337.3011169433594,389.7885437011719,636.0870361328125,83.41868591308594,640.2197265625
192,COOH_S3,6.0,dots,kept,0.0,0.0,off,106.86206817626953,334.82757568359375,413.52142333984375,338.6000061035156,413.0508117675781,636.997314453125,106.39144134521484,633.2249145507812
21,COOH_control,0.0,colour,repaired,0.0,0.0,ref,95.10255432128906,329.7080078125,407.3089599609375,334.7767333984375,400.8974609375,634.2920532226562,89.69105529785156,629.2232666015625
27,COOH_control,0.0,dots,kept,0.0,0.0,off,110.4825210571289,322.2867126464844,409.3461608886719,327.1153869628906,402.9338073730469,633.3198852539062,104.07017517089844,628.4912109375
41,COOH_control,0.5,dots,kept,0.0,0.0,off,83.75555419921875,340.9333190917969,388.597412109375,357.9220886230469,380.39239501953125,661.4232177734375,75.5505599975586,644.4344482421875
55,COOH_control,1.0,dots,kept,0.0,0.0,off,77.34146118164062,336.8536682128906,382.39129638671875,350.8521728515625,378.244384765625,655.66064453125,73.19454193115234,641.662109375
69,COOH_control,1.5,dots,kept,0.0,0.0,off,86.61363983154297,348.6590881347656,386.7677307128906,363.2257995605469,380.29278564453125,666.6470336914062,80.13868713378906,652.080322265625
83,COOH_control,2.0,colour,kept,0.0,0.0,off,71.0,343.0,375.0,358.0,369.0,630.0,68.0,634.0
97,COOH_control,2.5,dots,kept,0.0,0.0,off,76.34615325927734,344.26922607421875,373.1919250488281,359.757568359375,364.9349060058594,658.43408203125,68.08914947509766,642.9457397460938
111,COOH_control,3.0,dots,kept,0.0,0.0,off,72.2750015258789,337.25,390.3500061035156,335.75,386.23602294921875,636.3178100585938,68.16101837158203,637.8178100585938
125,COOH_control,3.5,dots,kept,0.0,0.0,off,87.61111450195312,340.27777099609375,404.23077392578125,343.6730651855469,396.2008972167969,645.1515502929688,79.58125305175781,641.7562255859375
139,COOH_control,4.0,dots,kept,0.0,0.0,off,75.58415985107422,359.8280334472656,401.4583435058594,347.5,399.0857238769531,639.6142578125,73.21154022216797,651.9423217773438
153,COOH_control,4.5,dots,kept,0.0,0.0,off,90.0,344.0,413.3043518066406,341.13043212890625,412.70562744140625,647.0985717773438,89.40127563476562,649.9681396484375
166,COOH_control,5.0,dots,kept,0.0,0.0,off,91.13157653808594,339.9473571777344,414.19232177734375,344.9230651855469,404.9158020019531,650.3416748046875,81.85507202148438,645.365966796875
181,COOH_control,5.5,colour,repaired,0.0,0.0,off,54.60255432128906,332.2080078125,366.8089599609375,337.2767333984375,360.3974609375,636.7920532226562,49.19105529785156,631.7232666015625
194,COOH_control,6.0,dots,kept,0.0,0.0,off,83.80000305175781,341.1666564941406,404.8333435058594,343.9444580078125,399.2383117675781,645.4609985351562,78.20497131347656,642.6832275390625
0,PEG_L1,0.0,dots,kept,0.0,0.0,off,431.7824401855469,193.03765869140625,670.126953125,186.03904724121094,685.4241333007812,443.3398742675781,447.07965087890625,450.3385009765625
8,PEG_L1,0.0,dots,repaired,0.0,0.0,ref,424.28228759765625,185.40428161621094,662.9326171875,183.7383575439453,679.6210327148438,442.74737548828125,442.07928466796875,447.6095886230469
28,PEG_L1,0.5,dots,repaired,0.0,0.0,off,440.36688232421875,187.21253967285156,679.0172119140625,185.54661560058594,695.7056274414062,444.55560302734375,458.16387939453125,449.4178466796875
42,PEG_L1,1.0,dots,kept,0.0,0.0,off,435.93939208984375,178.4112548828125,674.271728515625,169.7568817138672,691.9268798828125,432.7397766113281,453.5946044921875,441.3941345214844
56,PEG_L1,1.5,dots,repaired,0.0,0.0,off,434.03204345703125,179.2022247314453,672.682373046875,177.5363006591797,689.3707885742188,436.5452880859375,451.82904052734375,441.40753173828125
70,PEG_L1,2.0,dots,kept,0.0,0.0,off,440.0830383300781,202.2456817626953,679.9672241210938,189.89869689941406,701.264892578125,456.12432861328125,461.38067626953125,468.4713134765625
84,PEG_L1,2.5,dots,kept,0.0,0.0,off,441.6714172363281,194.67713928222656,678.7429809570312,190.23570251464844,695.521728515625,458.0260925292969,458.4502258300781,462.467529296875
98,PEG_L1,3.0,dots,kept,0.0,0.0,off,436.3455810546875,195.84925842285156,672.4627685546875,196.8041229248047,692.4353637695312,456.86395263671875,456.31817626953125,455.9090881347656
112,PEG_L1,3.5,dots,kept,0.0,0.0,off,456.4671630859375,199.29562377929688,693.0585327148438,202.16397094726562,708.7913818359375,464.568359375,472.20001220703125,461.70001220703125
126,PEG_L1,4.0,dots,kept,0.0,0.0,off,443.2518005371094,183.92086791992188,680.1087646484375,182.3347930908203,700.0569458007812,444.6139221191406,463.20001220703125,446.20001220703125
140,PEG_L1,4.5,dots,kept,0.0,0.0,off,444.6303405761719,189.27236938476562,693.8453369140625,180.16256713867188,705.3162231445312,449.6581115722656,456.10125732421875,458.7679443359375
154,PEG_L1,5.0,dots,kept,0.0,0.0,off,455.5601806640625,193.58091735839844,691.5936279296875,188.6248016357422,705.69189453125,447.54595947265625,469.658447265625,452.5020446777344
168,PEG_L1,5.5,dots,kept,0.0,0.0,off,436.31512451171875,225.260498046875,674.044189453125,213.0308837890625,690.9251708984375,472.7279052734375,453.1960754394531,484.95751953125
182,PEG_L1,6.0,dots,kept,0.0,0.0,off,414.6879577636719,205.28195190429688,651.2155151367188,205.39495849609375,674.9506225585938,462.7283935546875,438.4230651855469,462.6153869628906
1,PEG_L2,0.0,dots,kept,0.0,0.0,off,443.5615539550781,184.1531524658203,702.6956787109375,179.8235321044922,696.897705078125,422.8352355957031,456.5191345214844,440.2170104980469
9,PEG_L2,0.0,dots,kept,0.0,0.0,ref,433.6436767578125,180.25286865234375,692.2178955078125,173.38531494140625,689.875,414.4084777832031,449.19256591796875,434.7263488769531
29,PEG_L2,0.5,dots,kept,0.0,0.0,off,433.9444580078125,181.63157653808594,693.0171508789062,178.2377471923828,686.41162109375,417.209716796875,443.7801818847656,435.6222839355469
43,PEG_L2,1.0,dots,kept,0.0,0.0,off,436.87261962890625,178.56051635742188,696.8294067382812,173.58004760742188,690.5304565429688,417.8387145996094,451.48248291015625,433.9143981933594
57,PEG_L2,1.5,dots,kept,0.0,0.0,off,429.7959899902344,175.5287322998047,689.4761962890625,171.87831115722656,682.1277465820312,414.8777160644531,444.3306579589844,432.5846862792969
71,PEG_L2,2.0,dots,repaired,0.0,0.0,off,431.2740478515625,193.16529846191406,690.9593505859375,184.27651977539062,685.483154296875,430.3403015136719,445.8463134765625,448.2813720703125
85,PEG_L2,2.5,dots,kept,0.0,0.0,off,442.6353759765625,192.57762145996094,703.7356567382812,180.33920288085938,697.26318359375,430.1804504394531,457.7959289550781,448.448974609375
99,PEG_L2,3.0,dots,kept,0.0,0.0,off,444.4718322753906,192.47183227539062,706.4459838867188,185.44947814941406,700.1554565429688,429.91192626953125,461.25,453.8229064941406
113,PEG_L2,3.5,dots,kept,0.0,0.0,off,449.08905029296875,192.5993194580078,711.6076049804688,186.36709594726562,704.6558837890625,435.2469787597656,462.862060546875,455.10345458984375
127,PEG_L2,4.0,dots,kept,0.0,0.0,off,449.5426330566406,180.6627960205078,712.3057250976562,173.73574829101562,704.9500122070312,420.2833251953125,462.5503234863281,439.959716796875
141,PEG_L2,4.5,dots,repaired,0.0,0.0,off,440.8148193359375,184.0840606689453,700.5001220703125,175.19528198242188,695.02392578125,421.2590637207031,455.3870849609375,439.20013427734375
155,PEG_L2,5.0,dots,kept,0.0,0.0,off,471.18505859375,192.967529296875,713.3768310546875,177.6498565673828,706.9235229492188,414.9262390136719,464.7317199707031,430.243896484375
169,PEG_L2,5.5,dots,repaired,0.0,0.0,off,441.61322021484375,216.83143615722656,701.2985229492188,207.94265747070312,695.8223266601562,454.0064392089844,456.18548583984375,471.947509765625
183,PEG_L2,6.0,dots,repaired,0.0,0.0,off,427.92718505859375,183.3434600830078,687.6124877929688,174.45468139648438,682.1362915039062,420.5184631347656,442.49945068359375,438.45953369140625
16,PEG_L3,0.0,colour,repaired,0.0,0.0,off,90.62043762207031,355.82470703125,402.99078369140625,363.64630126953125,397.37957763671875,681.1159057617188,85.00923156738281,674.3536987304688
22,PEG_L3,0.0,dots,kept,0.0,0.0,ref,108.23696899414062,335.9289245605469,413.8882751464844,347.2793273925781,408.0993347167969,659.7948608398438,102.44802856445312,648.4444580078125
36,PEG_L3,0.5,dots,kept,0.0,0.0,off,79.50363159179688,322.322021484375,394.5689697265625,335.9267272949219,388.81024169921875,659.1251220703125,73.7448959350586,645.5203857421875
50,PEG_L3,1.0,dots,kept,0.0,0.0,off,76.72098541259766,321.4963073730469,392.0,336.40740966796875,384.47900390625,659.9262084960938,69.19999694824219,645.0150756835938
64,PEG_L3,1.5,dots,kept,0.0,0.0,off,60.522727966308594,331.4181823730469,377.23809814453125,340.72222900390625,374.3099670410156,662.022216796875,57.5945930480957,652.7181396484375
78,PEG_L3,2.0,dots,kept,0.0,0.0,off,74.417724609375,334.3038024902344,387.80328369140625,340.00274658203125,387.265380859375,662.4071044921875,73.87982940673828,656.7081298828125
92,PEG_L3,2.5,dots,kept,0.0,0.0,off,73.84615325927734,328.5457763671875,381.00579833984375,339.3304443359375,377.0481262207031,656.7957763671875,69.88847351074219,646.0111694335938
106,PEG_L3,3.0,dots,repaired,0.0,0.0,off,67.35752868652344,315.47674560546875,379.7278747558594,323.29833984375,374.1166687011719,640.7679443359375,61.74632263183594,634.0057373046875
120,PEG_L3,3.5,dots,repaired,0.0,0.0,off,77.20997619628906,327.43292236328125,389.580322265625,335.2545166015625,383.9691162109375,652.72412109375,71.59877014160156,645.9619140625
134,PEG_L3,4.0,dots,kept,0.0,0.0,off,69.0,335.0888977050781,381.47674560546875,343.844970703125,376.80224609375,665.5245361328125,64.32550048828125,656.7684326171875
148,PEG_L3,4.5,dots,kept,0.0,0.0,off,78.0898208618164,334.6826477050781,393.2268371582031,340.3194885253906,389.2593688964844,659.2804565429688,74.1223373413086,653.6436157226562
162,PEG_L3,5.0,dots,repaired,0.0,0.0,off,81.96757507324219,318.14141845703125,394.3379211425781,325.96295166015625,388.7267150878906,643.4326171875,76.35636901855469,636.6703491210938
176,PEG_L3,5.5,dots,repaired,0.0,0.0,off,75.01324462890625,327.978515625,387.38360595703125,335.800048828125,381.77239990234375,653.2697143554688,69.40203857421875,646.5074462890625
190,PEG_L3,6.0,dots,repaired,0.0,0.0,off,80.74775695800781,327.75347900390625,393.11810302734375,335.5750732421875,387.50689697265625,653.044677734375,75.13655090332031,646.282470703125
2,PEG_S1,0.0,dots,kept,0.0,0.0,off,442.8205261230469,185.09580993652344,701.8228149414062,176.1771697998047,689.6351318359375,435.7657775878906,449.109375,443.390625
10,PEG_S1,0.0,dots,kept,0.0,0.0,ref,448.1666564941406,188.16815185546875,704.7349853515625,178.04946899414062,695.9313354492188,434.0906677246094,469.5674133300781,443.3426818847656
30,PEG_S1,0.5,colour,repaired,0.0,0.0,off,449.25103759765625,172.04202270507812,704.3939208984375,164.2906951904297,693.329833984375,424.1522216796875,451.6077575683594,430.8858337402344
44,PEG_S1,1.0,dots,repaired,0.0,0.0,off,440.59698486328125,183.35528564453125,695.7398681640625,175.6039581298828,684.67578125,435.4654846191406,442.9537048339844,442.1990966796875
58,PEG_S1,1.5,dots,kept,0.0,0.0,off,440.92431640625,183.9027099609375,697.9810791015625,174.18612670898438,686.2468872070312,432.4115295410156,456.595947265625,435.8888854980469
72,PEG_S1,2.0,dots,kept,0.0,0.0,off,436.3440246582031,195.76470947265625,694.4100341796875,183.7315673828125,679.4336547851562,448.7244873046875,440.0,454.5
86,PEG_S1,2.5,dots,repaired,0.0,0.0,off,436.56219482421875,194.98287963867188,691.705078125,187.23155212402344,680.6409912109375,447.09307861328125,438.9189147949219,453.8266906738281
100,PEG_S1,3.0,dots,kept,0.0,0.0,off,436.2025451660156,191.6897735595703,695.3676147460938,182.04347229003906,678.0806274414062,449.0322570800781,450.5714416503906,453.21429443359375
114,PEG_S1,3.5,dots,repaired,0.0,0.0,off,435.89874267578125,195.74801635742188,691.0416259765625,187.99668884277344,679.9775390625,447.85821533203125,438.2554626464844,454.5918273925781
128,PEG_S1,4.0,dots,repaired,0.0,0.0,off,446.22430419921875,186.90841674804688,701.3671875,179.15708923339844,690.3031005859375,439.01861572265625,448.5810241699219,445.7522277832031
142,PEG_S1,4.5,dots,repaired,0.0,0.0,off,437.19573974609375,198.85763549804688,692.338623046875,191.10630798339844,681.2745361328125,450.96783447265625,439.5524597167969,457.7014465332031
156,PEG_S1,5.0,dots,kept,0.0,0.0,off,452.208251953125,194.1532440185547,705.6033325195312,184.2566680908203,702.8261108398438,438.60870361328125,449.4309997558594,448.5052795410156
170,PEG_S1,5.5,dots,kept,0.0,0.0,off,443.1803894042969,222.26502990722656,696.6472778320312,210.1199951171875,677.8521728515625,475.3739013671875,424.38531494140625,487.5189514160156
184,PEG_S1,6.0,dots,kept,0.0,0.0,off,438.24896240234375,208.012451171875,696.6187744140625,194.96249389648438,685.8441772460938,463.0454406738281,427.474365234375,476.09539794921875
3,PEG_S2,0.0,dots,kept,0.0,0.0,off,477.58355712890625,193.87574768066406,706.9530029296875,184.94984436035156,698.0159912109375,425.92236328125,468.64654541015625,434.8482666015625
11,PEG_S2,0.0,dots,kept,0.0,0.0,ref,450.87298583984375,194.63800048828125,690.50732421875,185.23753356933594,686.910400390625,425.6925048828125,447.27606201171875,435.09295654296875
31,PEG_S2,0.5,dots,kept,0.0,0.0,off,469.59423828125,197.0124969482422,703.88916015625,185.08082580566406,700.309814453125,425.5440673828125,466.0149230957031,437.4757385253906
45,PEG_S2,1.0,dots,kept,0.0,0.0,off,455.2671813964844,197.50218200683594,686.321044921875,186.24945068359375,681.5631103515625,427.40777587890625,450.5092468261719,438.6604919433594
59,PEG_S2,1.5,dots,kept,0.0,0.0,off,441.5434265136719,192.743896484375,681.1647338867188,179.188232421875,681.6724853515625,419.3500061035156,442.05120849609375,432.9056701660156
73,PEG_S2,2.0,dots,kept,0.0,0.0,off,455.060302734375,211.24160766601562,693.1548461914062,199.9842529296875,690.16162109375,443.7456970214844,452.06707763671875,455.0030517578125
87,PEG_S2,2.5,dots,kept,0.0,0.0,off,461.8815612792969,211.31851196289062,693.0427856445312,200.36390686035156,686.5433349609375,444.0787353515625,455.3820495605469,455.0333251953125
101,PEG_S2,3.0,dots,kept,0.0,0.0,off,469.4591064453125,216.13442993164062,700.3488159179688,209.2906951904297,689.6167602539062,454.7737121582031,458.7270812988281,461.6174621582031
115,PEG_S2,3.5,dots,kept,0.0,0.0,off,469.60223388671875,212.0798797607422,701.1448974609375,203.30435180664062,693.4539184570312,451.1118469238281,461.9112548828125,459.8873596191406
129,PEG_S2,4.0,dots,kept,0.0,0.0,off,452.31927490234375,202.48233032226562,697.06396484375,195.86868286132812,692.7365112304688,439.1486511230469,447.9917907714844,445.7622985839844
143,PEG_S2,4.5,dots,kept,0.0,0.0,off,471.38909912109375,204.5092010498047,707.80810546875,197.71969604492188,699.8380126953125,445.6424560546875,463.41900634765625,452.4319763183594
157,PEG_S2,5.0,dots,kept,0.0,0.0,off,464.80609130859375,252.2573699951172,691.3135986328125,244.26666259765625,682.745361328125,486.7981262207031,456.23785400390625,494.7888488769531
171,PEG_S2,5.5,dots,kept,0.0,0.0,off,459.9963684082031,208.2630615234375,692.216064453125,198.48477172851562,687.1244506835938,440.8927001953125,454.9047546386719,450.6709899902344
185,PEG_S2,6.0,dots,kept,0.0,0.0,off,469.7488098144531,223.81893920898438,701.501220703125,216.3042449951172,693.8431396484375,463.2818603515625,462.0906982421875,470.79656982421875
17,PEG_S3,0.0,colour,kept,0.0,0.0,off,81.0,348.0,396.0,352.0,399.0,624.0,80.0,638.0
23,PEG_S3,0.0,colour,kept,0.0,0.0,ref,88.0,353.0,394.0,359.0,396.0,629.0,101.0,633.0
37,PEG_S3,0.5,dots,kept,0.0,0.0,off,82.82870483398438,356.5637512207031,392.5865478515625,347.9711608886719,395.1851806640625,624.4074096679688,85.42735290527344,633.0
51,PEG_S3,1.0,dots,kept,0.0,0.0,off,76.18401336669922,350.25701904296875,386.20880126953125,354.70330810546875,394.4923095703125,644.8358764648438,84.467529296875,640.3895874023438
65,PEG_S3,1.5,dots,kept,0.0,0.0,off,81.19444274902344,379.02777099609375,391.7749938964844,370.57501220703125,404.4583435058594,658.3472290039062,93.87777709960938,666.7999877929688
79,PEG_S3,2.0,dots,kept,0.0,0.0,off,75.64607238769531,359.7479248046875,385.8947448730469,348.0175476074219,390.9615478515625,621.923095703125,80.7128677368164,633.6534423828125
93,PEG_S3,2.5,dots,kept,0.0,0.0,off,75.8046646118164,359.65496826171875,378.6785583496094,351.96429443359375,389.1475524902344,632.4262084960938,86.27362823486328,640.116943359375
107,PEG_S3,3.0,dots,kept,0.0,0.0,off,79.33656311035156,368.4588928222656,377.71429443359375,346.6785583496094,378.375,616.375,79.99727630615234,638.1553344726562
121,PEG_S3,3.5,dots,kept,0.0,0.0,off,81.32205963134766,338.7652282714844,386.868408203125,340.131591796875,391.1099853515625,624.3300170898438,85.56363677978516,622.963623046875
135,PEG_S3,4.0,dots,repaired,0.0,0.0,off,64.44677734375,358.87237548828125,373.20758056640625,357.12908935546875,380.5426330566406,638.39501953125,71.68458557128906,644.2322998046875
149,PEG_S3,4.5,dots,kept,0.0,0.0,off,87.18611145019531,353.80914306640625,402.0212707519531,361.4893493652344,408.5428466796875,647.7571411132812,93.70769500732422,640.076904296875
167,PEG_S3,5.0,dots,repaired,0.0,0.0,off,88.61131286621094,337.96392822265625,397.37213134765625,336.22064208984375,404.7071533203125,617.486572265625,95.84912109375,623.3238525390625
179,PEG_S3,5.5,dots,repaired,0.0,0.0,off,64.05046081542969,334.69732666015625,372.811279296875,332.95404052734375,380.14630126953125,614.219970703125,71.28826904296875,620.0572509765625
193,PEG_S3,6.0,dots,kept,0.0,0.0,off,77.3890151977539,358.7271423339844,394.5603332519531,346.25860595703125,398.30767822265625,621.076904296875,81.13636016845703,633.5454711914062
20,PEG_control,0.0,dots,kept,0.0,0.0,ref,106.15277862548828,352.125,403.59722900390625,349.65277099609375,397.4444580078125,637.0277709960938,100.0,639.5
26,PEG_control,0.0,dots,kept,0.0,0.0,off,101.75193786621094,359.01177978515625,400.574462890625,356.0851135253906,404.6416320800781,647.7890014648438,105.81908416748047,650.7156982421875
40,PEG_control,0.5,dots,kept,0.0,0.0,off,83.6451644897461,325.9677429199219,386.2232971191406,337.02911376953125,386.62432861328125,635.03515625,80.32894897460938,636.8928833007812
54,PEG_control,1.0,dots,kept,0.0,0.0,off,81.25,341.8125,381.4732971191406,348.916015625,386.6196594238281,646.20654296875,80.85688018798828,651.0477294921875
68,PEG_control,1.5,dots,kept,0.0,0.0,off,87.4000015258789,345.971435546875,387.6026611328125,352.9139099121094,393.79864501953125,650.814453125,87.79469299316406,655.6778564453125
82,PEG_control,2.0,dots,kept,0.0,0.0,off,82.13953399658203,342.7209167480469,382.2676086425781,350.4718322753906,388.4504089355469,647.4959716796875,82.44155883789062,652.3395385742188
96,PEG_control,2.5,dots,kept,0.0,0.0,off,81.65384674072266,341.73077392578125,375.7132263183594,351.1323547363281,381.44091796875,642.5994262695312,80.68482208251953,645.4085693359375
110,PEG_control,3.0,dots,kept,0.0,0.0,off,71.5667495727539,344.3324890136719,373.3614501953125,342.4156494140625,377.0179748535156,634.36181640625,75.22328186035156,636.2786254882812
124,PEG_control,3.5,dots,kept,0.0,0.0,off,86.5999984741211,333.9200134277344,384.3333435058594,346.89129638671875,385.4751281738281,641.4668579101562,82.86973571777344,640.9358520507812
138,PEG_control,4.0,dots,kept,0.0,0.0,off,67.3125,340.9375,366.8791809082031,352.2751770019531,371.33251953125,648.2982788085938,71.76582336425781,636.9606323242188
152,PEG_control,4.5,dots,kept,0.0,0.0,off,87.11538696289062,337.80767822265625,388.1666564941406,350.51190185546875,389.7853088378906,647.2572631835938,83.482177734375,648.9793701171875
165,PEG_control,5.0,dots,kept,0.0,0.0,off,90.65789794921875,333.6842041015625,391.68353271484375,347.3038024902344,392.48443603515625,644.5510864257812,85.02641296386719,643.9566040039062
180,PEG_control,5.5,dots,kept,0.0,0.0,off,65.17646789550781,334.6764831542969,366.3642272949219,344.9735107421875,364.0859375,634.5703125,62.898170471191406,624.2732543945312
195,PEG_control,6.0,dots,kept,0.0,0.0,off,81.71428680419922,335.1428527832031,384.0,343.5679626464844,385.66314697265625,640.3831787109375,81.71827697753906,645.4881591796875
