idx,front_px,centroid_px,mass,n_px
0,76.0,66.06219494577562,4494.490234375,436
1,64.0,95.38936252124802,4274.29443359375,436
2,21.0,135.89810190059586,13679.1240234375,436
3,144.0,194.37808855392072,12644.1982421875,436
4,177.0,173.78052875729387,1002.7294311523438,436
5,178.0,195.97547361731878,1028.0394287109375,436
6,18.0,145.59140618858547,14087.4384765625,436
7,19.0,151.74081703020474,10864.1103515625,436
8,152.0,250.9305674778258,1411.965576171875,436
9,251.0,327.2362661589298,1203.087890625,436
10,17.0,157.73124530374025,16342.01953125,436
11,22.0,163.40507112014234,14983.5966796875,436
12,6.0,64.28860879516382,4430.39111328125,436
13,435.0,388.5188688258752,16257.3896484375,436
14,88.0,71.92482261100527,5272.0107421875,436
15,19.0,135.64117138258706,12712.2763671875,436
16,435.0,390.6137199357553,15626.7578125,436
17,16.0,137.9923471439131,12939.640625,436
18,62.0,95.31052175588265,4930.9580078125,436
19,23.0,153.17479558874427,13233.359375,436
20,133.0,178.65658076772482,6984.18359375,436
21,80.0,145.54961018114668,5923.29833984375,436
22,112.0,171.41326372712632,7522.47265625,436
23,24.0,141.23639553495917,12773.216796875,436
24,129.0,147.7985833907695,10058.79296875,436
25,18.0,127.07043012090276,12510.4375,436
26,172.0,169.71142468824925,14432.494140625,436
27,163.0,167.3951729058575,11571.40234375,436
28,192.0,163.09351965283923,13579.8603515625,436
29,375.0,165.61505469100132,14322.6083984375,436
30,178.0,202.88062008418103,9577.6328125,436
31,19.0,167.61508794159434,13436.185546875,436
32,11.0,165.02542875209997,7064.5302734375,436
33,140.0,182.1505592801933,7800.3916015625,436
34,111.0,167.78179336219517,6849.1357421875,436
35,172.0,184.9199922291371,10355.73828125,436
36,186.0,157.9909786120154,15409.5673828125,436
37,140.0,162.9554017143312,12778.6787109375,436
38,20.0,159.89584403203406,17203.9375,436
39,153.0,166.65085304913734,11878.185546875,436
40,113.0,111.15474903403872,7484.4990234375,436
41,377.0,167.6718534221633,14066.736328125,436
42,171.0,200.78225730918805,9068.046875,436
43,134.0,194.8488095315124,10862.072265625,436
44,14.0,147.11195795989195,6491.60791015625,436
45,139.0,164.33085377305173,5823.0849609375,436
46,17.0,137.04646155982192,9270.068359375,436
47,143.0,175.7872817255194,8062.986328125,436
48,149.0,158.85799886698592,13473.572265625,436
49,133.0,163.54609104092975,10857.7353515625,436
50,213.0,174.70433998827266,15860.3974609375,436
51,183.0,171.99670041393756,11619.69140625,436
52,124.0,86.34036201982707,4257.63916015625,436
53,378.0,170.88873989657685,13538.8330078125,436
54,22.0,156.97508101732225,11706.6767578125,436
55,22.0,163.45312424958843,14447.2314453125,436
56,263.0,211.4103235446429,6611.517578125,436
57,113.0,256.80688899953344,10336.462890625,436
58,118.0,184.79051897465772,8547.53515625,436
59,175.0,190.88077298614266,11018.1474609375,436
60,105.0,175.89739819679582,11793.2802734375,436
61,81.0,181.99631507665583,11148.3984375,436
62,193.0,182.69174484978703,14071.5888671875,436
63,373.0,176.28024409462446,13632.826171875,436
64,192.0,159.80371621825194,13400.828125,436
65,127.0,132.76076540718353,10636.9814453125,436
66,22.0,159.09905887692838,12852.927734375,436
67,18.0,179.84415307096336,15587.525390625,436
68,14.0,177.2767390843886,10343.8115234375,436
69,42.0,93.0647157147752,10874.533203125,436
70,129.0,179.95317615645078,8170.02880859375,436
71,172.0,200.1922820174939,10246.03515625,436
72,160.0,178.74864056657177,12047.572265625,436
73,135.0,185.780147842157,10203.888671875,436
74,245.0,135.48725061953147,10399.9560546875,436
75,147.0,154.9980609419676,8114.21630859375,436
76,115.0,90.96627246697774,5063.35302734375,436
77,366.0,166.00168326187566,10501.9296875,436
78,206.0,193.55476880877657,10075.4375,436
79,142.0,172.97971479457564,10516.98828125,436
80,377.0,216.29913714488947,8173.39794921875,436
81,159.0,180.53081988687708,11147.888671875,436
82,126.0,164.54938329403018,7234.5419921875,436
83,176.0,181.41016817775787,10429.865234375,436
84,68.0,119.1833355245683,6127.00146484375,436
85,18.0,155.64857229456928,10916.0771484375,436
86,112.0,176.08526833643995,8649.322265625,436
87,298.0,141.8434696285847,11052.4638671875,436
88,113.0,122.68815177455674,6863.66796875,436
89,129.0,138.8904061195098,9143.33203125,436
90,176.0,126.37172892497674,7666.2880859375,436
91,135.0,156.64698761018306,8198.5810546875,436
92,166.0,199.88188336928448,5205.73388671875,436
93,148.0,172.10104902772602,7389.255859375,436
94,8.0,170.63569069108138,10139.4482421875,436
95,203.0,186.4575521747882,11445.568359375,436
96,67.0,123.31717168905496,5128.18115234375,436
97,64.0,162.4604524765563,9197.8837890625,436
98,119.0,168.88201719977764,10007.109375,436
99,370.0,170.28455566002629,8289.8642578125,436
100,118.0,116.71257336010265,5381.8251953125,436
101,297.0,129.17854933175835,10026.998046875,436
102,228.0,196.68853576141117,10117.349609375,436
103,379.0,199.52344069323496,13414.3701171875,436
104,272.0,211.8253953512502,7676.611328125,436
105,13.0,197.55511483318676,11858.921875,436
106,158.0,181.79884016883315,9693.025390625,436
107,221.0,192.12217959248292,13431.1015625,436
108,89.0,152.3914076751718,9535.861328125,436
109,71.0,162.61439885981673,9638.12890625,436
110,113.0,163.4787449475649,10577.06640625,436
111,369.0,169.14663721287738,9530.810546875,436
112,17.0,127.57988417569695,10484.564453125,436
113,106.0,129.800575549906,6791.68798828125,436
114,281.0,203.3450563097561,11207.974609375,436
115,380.0,199.14999104440219,13932.2783203125,436
116,380.0,211.0634579268309,8121.85595703125,436
117,8.0,201.12157895429982,8199.6552734375,436
118,149.0,165.54020137515948,8199.373046875,436
119,209.0,193.0867511217032,11362.6982421875,436
120,83.0,127.18316766649416,6556.88671875,436
121,139.0,162.52049113806405,10984.9267578125,436
122,372.0,170.8516247374987,11265.638671875,436
123,370.0,175.42151834752343,10092.6787109375,436
124,283.0,135.13517854099513,10021.2021484375,436
125,139.0,146.67941319072864,8433.7421875,436
126,209.0,138.1142486444118,8621.7861328125,436
127,209.0,193.94095840639565,13140.0458984375,436
128,198.0,178.70475075081174,6368.18896484375,436
129,148.0,220.17747599774867,8830.8125,436
130,175.0,186.40860042493603,8043.001953125,436
131,238.0,207.31298846948178,12341.96875,436
132,86.0,138.504120578748,8440.669921875,436
133,71.0,160.1624639837542,9621.05078125,436
134,124.0,171.41976589899681,10198.1689453125,436
135,372.0,173.67201832966643,9804.6171875,436
136,288.0,135.83298296694514,10855.9453125,436
137,286.0,133.57120001849108,11285.06640625,436
138,375.0,213.62130267334075,10427.3115234375,436
139,374.0,214.80809890679183,12476.470703125,436
140,256.0,201.65475837143902,9249.69140625,436
141,190.0,216.78453674700575,10815.658203125,436
142,180.0,184.93361882605583,7663.7578125,436
143,254.0,191.55835109424922,10954.375,436
144,101.0,106.50955742834367,6531.1982421875,436
145,388.0,188.12382261033056,16373.7451171875,436
146,371.0,173.5412726901204,12295.869140625,436
147,364.0,165.16369822816662,9332.4365234375,436
148,435.0,388.38290552187027,7069.6376953125,436
149,12.0,155.3195613141428,11671.13671875,436
150,20.0,131.67482439425538,10665.392578125,436
151,84.0,220.13798115502073,9498.884765625,436
152,23.0,130.80460099675625,13440.01953125,436
153,13.0,170.37175541878221,9504.751953125,436
154,196.0,172.0782685776259,11175.32421875,436
155,122.0,158.9960926228437,6819.4755859375,436
156,232.0,166.41177835314483,9864.939453125,436
157,23.0,118.84037902286784,12150.537109375,436
158,209.0,205.12351805295717,9784.6826171875,436
159,27.0,145.1953202651396,13403.51953125,436
160,214.0,161.38349444200674,8801.6689453125,436
161,117.0,219.079592607805,8045.25927734375,436
162,381.0,170.73078412041065,14763.6103515625,436
163,174.0,163.8216047296804,13037.427734375,436
164,17.0,65.98038752189562,8305.5078125,436
165,169.0,151.17381405254605,13286.900390625,436
166,77.0,153.0618285698997,8918.3896484375,436
167,21.0,133.21582063917293,14882.873046875,436
168,23.0,143.71234877351176,9638.939453125,436
169,23.0,132.06031064116803,10407.287109375,436
170,128.0,179.57385715972362,8085.27099609375,436
171,181.0,200.783898674807,9297.3310546875,436
172,28.0,136.71976353298294,12547.115234375,436
173,142.0,193.1450059272143,6837.27099609375,436
174,19.0,127.83634860672542,12673.189453125,436
175,54.0,84.01304541834328,16963.978515625,436
176,191.0,152.8140940598132,14615.30859375,436
177,185.0,152.21883754233411,15384.1845703125,436
178,12.0,102.09835873769947,7029.2607421875,436
179,19.0,133.36876184609216,15424.189453125,436
180,201.0,207.56941963593653,9087.056640625,436
181,127.0,194.35501853532526,7263.11376953125,436
182,130.0,174.83908902930858,8651.119140625,436
183,231.0,200.5799982239395,9580.0625,436
184,18.0,146.33934756867782,10660.412109375,436
185,161.0,189.89704304651752,7347.193359375,436
186,13.0,120.30270142518927,9800.64453125,436
187,179.0,155.98915417425835,13937.279296875,436
188,15.0,132.87217433803536,13658.5078125,436
189,13.0,134.55893326043233,14536.212890625,436
190,8.0,120.01000687885467,7870.87548828125,436
191,81.0,155.55527859754565,15135.12109375,436
192,19.0,153.0958891734039,10521.150390625,436
193,146.0,177.85313989676916,8010.3994140625,436
194,135.0,173.63186318499967,7166.67138671875,436
195,223.0,194.81011641257822,9935.1142578125,436
196,180.0,194.5861285033377,9639.4716796875,436
197,163.0,186.46008248482846,6767.89794921875,436
198,15.0,139.78812792896406,13680.513671875,436
199,56.0,91.54210364689797,18207.90234375,436
200,17.0,141.6641191514839,15613.72265625,436
201,172.0,145.9952626986827,15381.892578125,436
202,10.0,127.2195251054245,9571.609375,436
203,17.0,143.31989618772226,17506.103515625,436
204,20.0,157.63926962848296,11737.0068359375,436
205,145.0,174.09571007430824,7776.4443359375,436
206,139.0,182.45063264043102,9429.69921875,436
207,231.0,194.57591615834113,10894.6220703125,436
208,191.0,194.75641389981655,10576.908203125,436
209,168.0,191.34043888513952,8844.0947265625,436
210,381.0,176.28238340215813,9635.171875,436
211,173.0,160.2402048287063,13046.158203125,436
212,17.0,136.85973533258013,15046.185546875,436
213,166.0,142.13298375731003,13681.849609375,436
214,16.0,120.38581553260822,10438.9638671875,436
215,16.0,146.4435149881303,17349.94140625,436
216,211.0,203.56215209006226,9565.833984375,436
217,145.0,191.85453870107546,7180.896484375,436
218,149.0,194.2802294678841,9488.1337890625,436
219,9.0,178.49121314740478,12196.7685546875,436
220,31.0,115.07603093381402,10517.44921875,436
221,23.0,128.99904038628014,9511.6025390625,436
222,8.0,168.9465595694521,9732.7666015625,436
223,9.0,160.57588495129713,11649.66015625,436
224,17.0,137.5209254127145,14151.318359375,436
225,15.0,135.2481180754581,14874.6787109375,436
226,17.0,121.04476483448383,10018.478515625,436
227,217.0,157.45828079146375,16307.9765625,436
228,256.0,207.13006575583213,10460.9921875,436
229,158.0,189.13370316976267,7737.33984375,436
230,144.0,183.97371620589743,8786.1171875,436
231,228.0,195.53633937532084,11748.796875,436
232,179.0,190.9809874820745,10774.2392578125,436
233,167.0,193.51712637481955,8327.841796875,436
234,102.0,137.4952759553207,3887.726806640625,436
235,205.0,162.15771030389723,11827.5205078125,436
236,161.0,107.44976127039536,9363.544921875,436
237,177.0,134.4229297041308,10590.2626953125,436
238,19.0,111.85794499898977,9124.1171875,436
239,17.0,143.58251258553992,15801.1591796875,436
240,14.0,180.49829702866901,12303.625,436
241,162.0,202.43675131052504,8804.263671875,436
242,132.0,166.10900330495667,8054.1884765625,436
243,15.0,165.4775927737357,11353.310546875,436
244,202.0,193.62136503918632,11331.83203125,436
245,194.0,196.26455282329673,9753.501953125,436
246,107.0,138.22009220343014,4228.21533203125,436
247,54.0,80.62425605002052,15839.759765625,436
248,166.0,107.37371676413895,9068.4580078125,436
249,15.0,133.73078715327378,13955.57421875,436
250,17.0,119.67086298281103,9849.708984375,436
251,18.0,142.42294997954636,16243.5029296875,436
252,12.0,187.05574067987598,11700.9091796875,436
253,170.0,200.67883840531584,8832.326171875,436
254,203.0,190.29453224508347,10608.185546875,436
255,13.0,172.51766509810565,11497.587890625,436
256,225.0,194.59231570019273,12088.400390625,436
257,198.0,200.6862994907855,9024.2080078125,436
258,18.0,145.4911181622268,11216.287109375,436
259,13.0,150.79276257527007,12698.578125,436
260,202.0,136.58207650967015,11683.880859375,436
261,42.0,93.78055404987695,13205.9375,436
262,16.0,122.94592292052825,9589.87890625,436
263,13.0,151.46232724712453,16526.013671875,436
264,244.0,210.29746431549376,11265.1787109375,436
265,185.0,195.13938286907302,9411.6904296875,436
266,195.0,191.64343085502037,9673.5048828125,436
267,14.0,178.90853960407037,12365.2685546875,436
268,15.0,179.6636983309951,14933.412109375,436
269,20.0,166.09715355850827,11714.908203125,436
270,13.0,90.39864207428144,5401.99951171875,436
271,235.0,165.3813913768964,10602.2607421875,436
272,174.0,107.52550041014514,9063.04296875,436
273,185.0,135.27146234381834,10103.990234375,436
274,18.0,118.35320904011196,9591.263671875,436
275,262.0,154.87854417160838,14885.0869140625,436
276,376.0,206.6716583552292,11062.642578125,436
277,177.0,204.36233320681947,8694.828125,436
278,222.0,196.56012853394077,10614.431640625,436
279,381.0,207.46871327992483,13065.623046875,436
280,374.0,203.36853954051196,13914.19921875,436
281,259.0,210.80700875799093,10712.66015625,436
282,58.0,100.13878662790783,2982.1201171875,436
283,176.0,150.28734278445125,7906.98828125,436
284,187.0,121.78780910045558,8780.904296875,436
285,308.0,149.72687970214326,13877.611328125,436
286,18.0,118.29464930505034,9550.65625,436
287,361.0,154.72556836143534,15793.30078125,436
288,379.0,208.61986026492954,9952.330078125,436
289,209.0,207.55561978464314,9921.19140625,436
290,226.0,186.0792328533956,11229.658203125,436
291,383.0,206.65527033357316,12982.443359375,436
292,13.0,199.6150566084435,12103.212890625,436
293,273.0,192.22469004260077,10808.015625,436
294,81.0,108.3187301804451,4407.40234375,436
295,17.0,143.6890412191371,13614.94140625,436
296,135.0,91.18977631252713,8138.41064453125,436
297,182.0,122.20508207494953,10403.150390625,436
298,12.0,166.90648003155752,16322.3427734375,436
299,271.0,160.4500448604412,15497.841796875,436
300,86.0,177.3475076796344,10005.076171875,436
301,24.0,118.37437969287261,9712.3056640625,436
302,14.0,102.76188354468323,7455.60107421875,436
303,82.0,156.75856601748595,4521.11376953125,436
304,25.0,145.03137297467424,16218.7646484375,436
305,17.0,172.28594903450784,13128.873046875,436
306,13.0,154.85648394342692,13735.888671875,436
307,83.0,173.1566605984328,5861.65869140625,436
308,96.0,180.84855253774575,9565.2490234375,436
309,78.0,198.7407199305884,7487.7626953125,436
310,130.0,98.80785718622728,6429.89111328125,436
311,87.0,90.46166597309593,4397.1337890625,436
312,19.0,152.50607188775248,14304.328125,436
313,84.0,68.2352261804435,3942.480712890625,436
314,3.0,101.76555218232708,6490.37890625,436
315,131.0,149.79744511618466,10138.1015625,436
316,17.0,134.88119056185687,12592.3984375,436
317,86.0,157.31399944313904,13489.5341796875,436
318,84.0,181.6979352052944,6721.072265625,436
319,81.0,149.8225641096222,4371.99609375,436
320,22.0,155.27628070409128,11942.138671875,436
321,84.0,178.35594384911852,4655.970703125,436
322,78.0,186.51580857081018,6490.8583984375,436
323,79.0,89.29003716382724,4846.04296875,436
324,376.0,175.10079148632616,13160.95703125,436
325,12.0,162.4411155577498,16374.712890625,436
326,13.0,158.01255833314684,16870.53515625,436
327,180.0,164.15805977508467,13074.9990234375,436
328,22.0,146.02061909783825,15879.046875,436
329,24.0,131.4768778904772,15778.9423828125,436
330,169.0,200.97172491693496,7556.2607421875,436
331,15.0,154.40490161979145,8229.1787109375,436
332,251.0,208.36399336353,10473.451171875,436
333,192.0,210.93236503521993,6246.9130859375,436
334,232.0,233.46499349864663,6479.6689453125,436
335,147.0,169.6173655332499,5839.146484375,436
336,73.0,106.42675099894888,4081.8662109375,436
337,378.0,172.37204585240013,17367.640625,436
338,360.0,164.85880553460274,18217.126953125,436
339,48.0,96.0072159506505,9696.880859375,436
340,377.0,178.32524997637003,16042.087890625,436
341,22.0,151.36378815176872,18948.345703125,436
342,248.0,203.15307928693937,11109.4638671875,436
343,18.0,187.38072557746864,10606.0234375,436
344,382.0,218.1325801485473,11733.3837890625,436
345,188.0,213.19019411889175,6425.49609375,436
346,386.0,217.6932995522422,7323.5048828125,436
347,10.0,178.70578478571173,10716.24609375,436
348,378.0,185.36634293182271,17072.544921875,436
349,378.0,174.1694040740759,18113.55078125,436
350,10.0,168.05506424181303,17012.1171875,436
351,367.0,160.0327993646828,18137.19140625,436
352,112.0,137.86218740896587,6775.04296875,436
353,377.0,173.18394641747616,20562.80078125,436
354,250.0,208.24178633212173,10957.349609375,436
355,23.0,162.68921162891104,9968.63671875,436
356,381.0,214.67139186041464,11494.17578125,436
357,10.0,176.5895327992708,8195.955078125,436
358,41.0,124.94009220974219,13470.046875,436
359,9.0,186.9455694669384,11058.775390625,436
360,15.0,165.56114056795667,14356.9765625,436
361,378.0,172.13332021384682,13698.439453125,436
362,9.0,164.05453940143218,15643.5009765625,436
363,20.0,164.05965080360303,17756.013671875,436
364,19.0,160.46569477915673,21387.80859375,436
365,15.0,170.95110751794908,16149.8720703125,436
366,271.0,201.63449627248693,9785.248046875,436
367,136.0,231.6885948900109,5456.97265625,436
368,382.0,211.03216190026063,12057.1171875,436
369,177.0,217.00695090989902,7373.12060546875,436
370,186.0,219.0947689478572,7116.283203125,436
371,189.0,197.80769916396855,10047.330078125,436
372,285.0,157.53927264317622,9886.27734375,436
373,11.0,156.1817304898803,14044.67578125,436
374,16.0,169.2601071154004,13385.841796875,436
375,387.0,181.64052055160676,13527.2451171875,436
376,19.0,165.2569240700087,16218.7216796875,436
377,21.0,164.66511820888184,20265.08984375,436
378,184.0,202.79956370175913,8332.638671875,436
379,122.0,238.9748662759418,6555.15234375,436
380,382.0,215.96500639199363,12459.5107421875,436
381,168.0,184.04065292249612,5696.806640625,436
382,208.0,214.17368299198765,8097.08740234375,436
383,183.0,191.89876148243928,9569.015625,436
384,127.0,121.97456347027206,4510.08251953125,436
385,9.0,158.10720399559068,10139.96484375,436
386,377.0,160.4835842840587,14548.7314453125,436
387,19.0,153.8703338798413,12572.072265625,436
388,24.0,134.24691573653794,16097.29296875,436
389,376.0,177.19244026618327,20100.671875,436
390,132.0,171.51433756921318,5413.36865234375,436
391,13.0,145.26447439493066,7612.7939453125,436
392,382.0,215.98044999967263,11018.484375,436
393,150.0,190.9337551233379,3980.69384765625,436
394,221.0,217.67983771122945,8514.748046875,436
395,208.0,195.46623271958603,10366.173828125,436
396,126.0,133.15644161578697,4585.421875,436
397,254.0,146.15924536743975,9493.9033203125,436
398,170.0,132.1784140091314,10273.0009765625,436
399,259.0,157.84530891639457,12706.767578125,436
400,18.0,171.36067819462806,16094.599609375,436
401,20.0,165.74416528886348,19276.515625,436
402,149.0,168.14911980094658,5848.43212890625,436
403,151.0,182.83470625131173,5071.748046875,436
404,190.0,150.19718576314733,6191.359375,436
405,180.0,129.5615447881214,4724.9501953125,436
406,228.0,213.37797058647917,8668.486328125,436
407,215.0,185.23697165325606,10694.2431640625,436
408,129.0,135.04780418371942,5096.42138671875,436
409,5.0,185.78474913554757,13195.404296875,436
410,5.0,178.0540283999368,17662.73828125,436
411,124.0,119.64019928633753,6796.3232421875,436
412,379.0,185.81932069443405,14708.65625,436
413,20.0,165.50356209482405,20330.041015625,436
414,162.0,110.9028420834164,5694.17724609375,436
415,140.0,159.46706514225318,4926.10693359375,436
416,342.0,214.45143799173584,13103.169921875,436
417,162.0,173.83202559570887,4545.8271484375,436
418,382.0,216.69395871743833,9964.2314453125,436
419,184.0,126.35312671322187,7618.609375,436
420,122.0,140.22294922103995,4601.91064453125,436
421,226.0,149.25960497177977,9548.828125,436
422,289.0,128.77454530875673,14612.814453125,436
423,12.0,190.49958774774146,19106.27734375,436
424,17.0,179.01103516466344,15733.16796875,436
425,376.0,177.3832624908517,13767.810546875,436
426,153.0,160.30185504303583,6102.34912109375,436
427,151.0,163.75787396335733,4939.78173828125,436
428,281.0,220.77314176035551,13355.390625,436
429,162.0,190.39371425311666,4517.25146484375,436
430,382.0,209.18418502328282,10848.6298828125,436
431,189.0,126.92645273282537,7980.0224609375,436
432,137.0,167.35738815930216,9983.404296875,436
433,22.0,136.8092045960093,15821.220703125,436
434,159.0,135.6796174118729,10476.51953125,436
435,373.0,161.07141918780647,13737.65625,436
436,298.0,148.37886180256766,12887.5126953125,436
437,22.0,165.54719646882066,20386.568359375,436
438,388.0,211.06931665853293,12211.939453125,436
439,151.0,208.03673896900762,5913.76904296875,436
440,380.0,223.184036925842,12009.1787109375,436
441,376.0,229.79909218447398,8005.75537109375,436
442,187.0,210.35597535204673,6805.4873046875,436
443,374.0,207.60463262941175,10920.943359375,436
444,369.0,167.66947610627315,14042.87890625,436
445,,,1268.2115478515625,436
446,371.0,168.93187409587966,18514.68359375,436
447,388.0,180.07561466476838,12584.771484375,436
448,379.0,189.89612452912402,17399.40625,436
449,379.0,185.63180763659417,20773.125,436
450,14.0,141.10632182602575,9330.5126953125,436
451,117.0,205.29147221280644,8432.28515625,436
452,76.0,164.81004836379023,8395.443359375,436
453,123.0,201.49862184883187,8488.7412109375,436
454,84.0,155.8350056255811,11380.7958984375,436
455,86.0,106.53112222247923,3958.19091796875,436
456,100.0,77.41261715258169,5575.38525390625,436
457,75.0,95.46080088731851,4323.1083984375,436
458,19.0,112.01969503862733,11178.025390625,436
459,18.0,128.32971516848664,9295.134765625,436
460,17.0,136.97743046683496,12707.927734375,436
461,16.0,146.25259974388106,9853.3154296875,436
462,85.0,137.9936961357719,6023.13671875,436
463,13.0,106.83500962754843,7124.0712890625,436
464,87.0,71.79589006455396,4511.6728515625,436
465,209.0,159.15729771211895,14463.677734375,436
466,370.0,169.90451728884025,13372.201171875,436
467,81.0,57.58195827651677,6274.86962890625,436
468,10.0,185.20246805638257,7795.0302734375,436
469,94.0,180.7942156535565,5269.7373046875,436
470,26.0,129.09705894705502,11328.18359375,436
471,73.0,94.71967156449425,4826.6513671875,436
472,147.0,157.9675623058257,7519.4453125,436
473,12.0,134.91579436516216,7600.2373046875,436
474,90.0,129.9113849953783,6288.82568359375,436
475,213.0,160.2177937953452,11576.376953125,436
476,21.0,130.98181521429325,14550.173828125,436
477,16.0,139.99067118113734,15230.9560546875,436
478,371.0,172.16942461790072,15599.998046875,436
479,210.0,159.27157649537574,16909.22265625,436
480,220.0,201.21314341293154,8051.5458984375,436
481,139.0,173.4098319414905,4086.77685546875,436
482,153.0,170.21504676673118,6616.30078125,436
483,141.0,162.71773625547348,7754.0166015625,436
484,9.0,153.28541817420938,8130.0302734375,436
485,11.0,153.4816471587004,9545.587890625,436
486,98.0,139.0985530201101,6602.20703125,436
487,14.0,112.21727955513738,8308.8544921875,436
488,15.0,145.58040581716614,14889.26953125,436
489,13.0,150.61984149959451,15795.62890625,436
490,372.0,170.27085102253088,16781.33203125,436
491,13.0,158.58209096917392,18168.609375,436
492,241.0,204.68913176115694,8972.099609375,436
493,197.0,186.15842315168172,6003.4580078125,436
494,18.0,133.22250314595442,9509.283203125,436
495,159.0,163.42332226159184,9269.140625,436
496,164.0,152.36085096941818,7408.61865234375,436
497,9.0,145.7038687152163,8647.537109375,436
498,184.0,152.61254844108322,8293.2373046875,436
499,11.0,119.11171300697852,8093.9296875,436
500,358.0,158.4197045566818,14223.6806640625,436
501,14.0,144.57915007078697,16203.677734375,436
502,16.0,142.73130572977664,13543.646484375,436
503,212.0,154.97346874007067,15604.0302734375,436
504,11.0,214.93985976072395,9108.0654296875,436
505,218.0,200.94285202517577,7546.7685546875,436
506,22.0,150.58316686273292,12267.345703125,436
507,159.0,170.6582288580493,9733.0703125,436
508,178.0,164.45308228451648,8122.44921875,436
509,12.0,152.76758007807467,10459.25390625,436
510,90.0,160.27839444375607,8503.13671875,436
511,149.0,117.10271812343665,7617.3232421875,436
512,124.0,91.37953833094728,8001.95947265625,436
513,13.0,147.6484661052159,13821.6220703125,436
514,11.0,148.42330509637145,14319.669921875,436
515,12.0,147.95156655216203,16915.416015625,436
516,255.0,207.8124500077461,9411.248046875,436
517,185.0,186.81468521328276,5198.572265625,436
518,16.0,154.69830293327382,11281.080078125,436
519,5.0,182.55386322335013,13010.5224609375,436
520,177.0,163.60514580614793,8219.1015625,436
521,200.0,168.2309289039275,8673.66796875,436
522,186.0,173.51639556985324,10491.2734375,436
523,222.0,157.37805918984796,11947.5625,436
524,210.0,152.31295314462034,13028.8505859375,436
525,206.0,145.69298544049428,13766.6953125,436
526,342.0,163.84567793800295,15089.8427734375,436
527,15.0,141.14417716166002,14346.556640625,436
528,267.0,205.55528446935242,9665.884765625,436
529,203.0,187.33288546536303,7130.17822265625,436
530,13.0,158.39584280720547,10339.3623046875,436
531,172.0,166.74487190729596,11410.66015625,436
532,7.0,181.27052710043014,12923.0556640625,436
533,153.0,125.40535975905082,7640.24462890625,436
534,75.0,157.74408142459865,11805.5703125,436
535,28.0,119.23972323329757,15582.6923828125,436
536,227.0,153.46435591860975,13768.990234375,436
537,197.0,145.09098629833554,13842.4482421875,436
538,354.0,164.78210799151088,14254.9755859375,436
539,12.0,145.68523910066597,12968.982421875,436
540,193.0,183.05305299444288,6721.634765625,436
541,217.0,191.10659271611638,8239.90625,436
542,197.0,179.0119761887197,10166.3876953125,436
543,195.0,176.12348419124143,12297.802734375,436
544,189.0,166.47637105165998,10036.1181640625,436
545,213.0,167.75678525442524,9791.6728515625,436
546,16.0,113.49353286606677,8931.2158203125,436
547,16.0,110.52076536370565,8522.6240234375,436
548,213.0,151.5930728320187,12139.4228515625,436
549,218.0,148.83088701917822,14788.71484375,436
550,271.0,148.17247748557602,11715.0986328125,436
551,9.0,154.21522178973348,13548.75390625,436
552,193.0,171.31052697926975,5633.4462890625,436
553,156.0,146.1656709878754,5106.07421875,436
554,201.0,179.9862480972975,9899.0732421875,436
555,199.0,170.91447789056932,11775.275390625,436
556,156.0,121.48618386944692,8562.8525390625,436
557,212.0,164.124333468217,9635.9580078125,436
558,13.0,166.31045232776592,14243.6005859375,436
559,295.0,132.83603711017335,14439.60546875,436
560,193.0,152.24435703659555,12291.4453125,436
561,356.0,152.63563377906817,16508.876953125,436
562,337.0,163.53260395677947,15090.328125,436
563,174.0,153.8258333077738,14851.12109375,436
564,6.0,203.4179168811502,10294.248046875,436
565,158.0,147.59807814896868,5274.982421875,436
566,179.0,167.513748191548,9863.927734375,436
567,213.0,176.10633376906137,13402.310546875,436
568,201.0,175.80487170829934,10407.607421875,436
569,216.0,164.329816386995,10494.3232421875,436
570,32.0,107.14073245101335,13228.478515625,436
571,291.0,127.59846881569625,12070.693359375,436
572,15.0,136.84745991020506,11977.1982421875,436
573,252.0,148.54383244315514,15534.9775390625,436
574,259.0,140.23090228751104,10962.3681640625,436
575,10.0,152.03734594963734,12620.197265625,436
576,188.0,179.64946415970638,6897.1630859375,436
577,193.0,126.13786971399576,6443.2451171875,436
578,157.0,151.55278740136683,8934.0029296875,436
579,237.0,181.8618287644827,14464.3154296875,436
580,167.0,130.44114123192176,8559.3232421875,436
581,221.0,165.62355238533348,10264.140625,436
582,289.0,160.46619360916347,13287.82421875,436
583,18.0,104.2720718449965,8701.8857421875,436
584,14.0,135.4210105601424,11398.2744140625,436
585,180.0,129.2686872134572,12524.1845703125,436
586,263.0,143.10294042337543,10900.65234375,436
587,10.0,150.71473349189327,12858.615234375,436
588,379.0,215.54338950449957,9822.0400390625,436
589,383.0,202.57725318816708,11257.96484375,436
590,174.0,166.38730637504594,7538.8798828125,436
591,226.0,172.6963719793159,11016.189453125,436
592,192.0,145.34973981075552,7883.05029296875,436
593,22.0,137.66315564735052,12566.173828125,436
594,76.0,138.30136812156655,8907.3369140625,436
595,235.0,157.89154140441218,11635.38671875,436
596,215.0,151.32669064339876,12564.6376953125,436
597,278.0,145.86368803306746,15938.46484375,436
598,23.0,152.05073911438572,18565.67578125,436
599,128.0,121.17679776012521,9912.5,436
