idx,ok,gap_vertical,gap_frac,series,t,date
0,True,True,0.4875,PEG_L1,0.0,2026-08-23
1,True,True,0.4979166666666667,PEG_L2,0.0,2026-08-23
2,True,True,0.5041666666666667,PEG_S1,0.0,2026-08-23
3,True,True,0.5375,PEG_S2,0.0,2026-08-23
4,True,True,0.4875,COOH_L1,0.0,2026-08-23
5,True,True,0.48333333333333334,COOH_L2,0.0,2026-08-23
6,True,True,0.4895833333333333,COOH_S1,0.0,2026-08-23
7,True,True,0.49583333333333335,COOH_S2,0.0,2026-08-23
8,True,True,0.4895833333333333,PEG_L1,0.0,2026-08-23
9,True,True,0.4979166666666667,PEG_L2,0.0,2026-08-23
10,True,True,0.50625,PEG_S1,0.0,2026-08-23
11,True,True,0.5375,PEG_S2,0.0,2026-08-23
12,True,True,0.4979166666666667,COOH_L1,0.0,2026-08-23
13,True,True,0.4875,COOH_L2,0.0,2026-08-23
14,True,True,0.49375,COOH_S1,0.0,2026-08-23
15,True,True,0.49375,COOH_S2,0.0,2026-08-23
16,True,True,0.5104166666666666,PEG_L3,0.0,2026-08-25
17,True,True,0.49375,PEG_S3,0.0,2026-08-25
18,True,True,0.47708333333333336,COOH_L3,0.0,2026-08-25
19,True,True,0.475,COOH_S3,0.0,2026-08-25
20,True,True,0.4875,PEG_control,0.0,2026-08-25
21,True,True,0.4895833333333333,COOH_control,0.0,2026-08-25
22,True,True,0.5145833333333333,PEG_L3,0.0,2026-08-25
23,True,True,0.48541666666666666,PEG_S3,0.0,2026-08-25
24,True,True,0.4791666666666667,COOH_L3,0.0,2026-08-25
25,True,True,0.475,COOH_S3,0.0,2026-08-25
26,True,True,0.49166666666666664,PEG_control,0.0,2026-08-25
27,True,True,0.49583333333333335,COOH_control,0.0,2026-08-25
28,True,True,0.5020833333333333,PEG_L1,0.5,2026-08-23
29,True,True,0.5145833333333333,PEG_L2,0.5,2026-08-23
30,True,True,0.5229166666666667,PEG_S1,0.5,2026-08-23
31,True,True,0.5416666666666666,PEG_S2,0.5,2026-08-23
32,True,True,0.51875,COOH_L1,0.5,2026-08-23
33,True,True,0.5104166666666666,COOH_L2,0.5,2026-08-23
34,True,True,0.50625,COOH_S1,0.5,2026-08-23
35,True,True,0.5020833333333333,COOH_S2,0.5,2026-08-23
36,True,True,0.5229166666666667,PEG_L3,0.5,2026-08-25
37,True,True,0.5041666666666667,PEG_S3,0.5,2026-08-25
38,True,True,0.5020833333333333,COOH_L3,0.5,2026-08-25
39,True,True,0.48333333333333334,COOH_S3,0.5,2026-08-25
40,True,True,0.49375,PEG_control,0.5,2026-08-25
41,True,True,0.5,COOH_control,0.5,2026-08-25
42,True,True,0.5020833333333333,PEG_L1,1.0,2026-08-23
43,True,True,0.5229166666666667,PEG_L2,1.0,2026-08-23
44,True,True,0.5333333333333333,PEG_S1,1.0,2026-08-23
45,True,True,0.5479166666666667,PEG_S2,1.0,2026-08-23
46,True,True,0.5270833333333333,COOH_L1,1.0,2026-08-23
47,True,True,0.5208333333333334,COOH_L2,1.0,2026-08-23
48,True,True,0.5166666666666667,COOH_S1,1.0,2026-08-23
49,True,True,0.5145833333333333,COOH_S2,1.0,2026-08-23
50,True,True,0.5270833333333333,PEG_L3,1.0,2026-08-25
51,True,True,0.5041666666666667,PEG_S3,1.0,2026-08-25
52,True,True,0.5145833333333333,COOH_L3,1.0,2026-08-25
53,True,True,0.49375,COOH_S3,1.0,2026-08-25
54,True,True,0.5,PEG_control,1.0,2026-08-25
55,True,True,0.4979166666666667,COOH_control,1.0,2026-08-25
56,True,True,0.5166666666666667,PEG_L1,1.5,2026-08-23
57,True,True,0.5291666666666667,PEG_L2,1.5,2026-08-23
58,True,True,0.5354166666666667,PEG_S1,1.5,2026-08-23
59,True,True,0.5458333333333333,PEG_S2,1.5,2026-08-23
60,True,True,0.53125,COOH_L1,1.5,2026-08-23
61,True,True,0.5229166666666667,COOH_L2,1.5,2026-08-23
62,True,True,0.5125,COOH_S1,1.5,2026-08-23
63,True,True,0.5166666666666667,COOH_S2,1.5,2026-08-23
64,True,True,0.5291666666666667,PEG_L3,1.5,2026-08-25
65,True,True,0.5166666666666667,PEG_S3,1.5,2026-08-25
66,True,True,0.51875,COOH_L3,1.5,2026-08-25
67,True,True,0.5020833333333333,COOH_S3,1.5,2026-08-25
68,True,True,0.4979166666666667,PEG_control,1.5,2026-08-25
69,True,True,0.49375,COOH_control,1.5,2026-08-25
70,True,True,0.5083333333333333,PEG_L1,2.0,2026-08-23
71,True,True,0.5270833333333333,PEG_L2,2.0,2026-08-23
72,True,True,0.5395833333333333,PEG_S1,2.0,2026-08-23
73,True,True,0.5520833333333334,PEG_S2,2.0,2026-08-23
74,True,True,0.5333333333333333,COOH_L1,2.0,2026-08-23
75,True,True,0.525,COOH_L2,2.0,2026-08-23
76,True,True,0.5291666666666667,COOH_S1,2.0,2026-08-23
77,True,True,0.5208333333333334,COOH_S2,2.0,2026-08-23
78,True,True,0.51875,PEG_L3,2.0,2026-08-25
79,True,True,0.5395833333333333,PEG_S3,2.0,2026-08-25
80,True,True,0.51875,COOH_L3,2.0,2026-08-25
81,True,True,0.5125,COOH_S3,2.0,2026-08-25
82,True,True,0.4979166666666667,PEG_control,2.0,2026-08-25
83,True,True,0.4979166666666667,COOH_control,2.0,2026-08-25
84,True,True,0.51875,PEG_L1,2.5,2026-08-23
85,True,True,0.5354166666666667,PEG_L2,2.5,2026-08-23
86,True,True,0.5395833333333333,PEG_S1,2.5,2026-08-23
87,True,True,0.5541666666666667,PEG_S2,2.5,2026-08-23
88,True,True,0.5270833333333333,COOH_L1,2.5,2026-08-23
89,True,True,0.525,COOH_L2,2.5,2026-08-23
90,True,True,0.53125,COOH_S1,2.5,2026-08-23
91,True,True,0.5208333333333334,COOH_S2,2.5,2026-08-23
92,True,True,0.5270833333333333,PEG_L3,2.5,2026-08-25
93,True,True,0.5416666666666666,PEG_S3,2.5,2026-08-25
94,True,True,0.5166666666666667,COOH_L3,2.5,2026-08-25
95,True,True,0.5229166666666667,COOH_S3,2.5,2026-08-25
96,True,True,0.4979166666666667,PEG_control,2.5,2026-08-25
97,True,True,0.49166666666666664,COOH_control,2.5,2026-08-25
98,True,True,0.5166666666666667,PEG_L1,3.0,2026-08-23
99,True,True,0.5395833333333333,PEG_L2,3.0,2026-08-23
100,True,True,0.5416666666666666,PEG_S1,3.0,2026-08-23
101,True,True,0.9145833333333333,PEG_S2,3.0,2026-08-23
102,True,True,0.5333333333333333,COOH_L1,3.0,2026-08-23
103,True,True,0.51875,COOH_L2,3.0,2026-08-23
104,True,True,0.5375,COOH_S1,3.0,2026-08-23
105,True,True,0.5229166666666667,COOH_S2,3.0,2026-08-23
106,True,True,0.5270833333333333,PEG_L3,3.0,2026-08-25
107,True,True,0.5375,PEG_S3,3.0,2026-08-25
108,True,True,0.5145833333333333,COOH_L3,3.0,2026-08-25
109,True,True,0.525,COOH_S3,3.0,2026-08-25
110,True,True,0.49583333333333335,PEG_control,3.0,2026-08-25
111,True,True,0.49166666666666664,COOH_control,3.0,2026-08-25
112,True,True,0.83125,PEG_L1,3.5,2026-08-23
113,True,True,0.5333333333333333,PEG_L2,3.5,2026-08-23
114,True,True,0.625,PEG_S1,3.5,2026-08-23
115,True,True,0.9145833333333333,PEG_S2,3.5,2026-08-23
116,True,True,0.5354166666666667,COOH_L1,3.5,2026-08-23
117,True,True,0.5270833333333333,COOH_L2,3.5,2026-08-23
118,True,True,0.5416666666666666,COOH_S1,3.5,2026-08-23
119,True,True,0.5375,COOH_S2,3.5,2026-08-23
120,True,True,0.5229166666666667,PEG_L3,3.5,2026-08-25
121,True,True,0.5354166666666667,PEG_S3,3.5,2026-08-25
122,True,True,0.5375,COOH_L3,3.5,2026-08-25
123,True,True,0.5208333333333334,COOH_S3,3.5,2026-08-25
124,True,True,0.49375,PEG_control,3.5,2026-08-25
125,True,True,0.475,COOH_control,3.5,2026-08-25
126,True,True,0.51875,PEG_L1,4.0,2026-08-23
127,True,True,0.6375,PEG_L2,4.0,2026-08-23
128,True,True,0.50625,PEG_S1,4.0,2026-08-23
129,True,True,0.9145833333333333,PEG_S2,4.0,2026-08-23
130,True,True,0.5395833333333333,COOH_L1,4.0,2026-08-23
131,True,False,0.15625,COOH_L2,4.0,2026-08-23
132,True,True,0.5479166666666667,COOH_S1,4.0,2026-08-23
133,True,True,0.5458333333333333,COOH_S2,4.0,2026-08-23
134,True,True,0.5166666666666667,PEG_L3,4.0,2026-08-25
135,True,True,0.9145833333333333,PEG_S3,4.0,2026-08-25
136,True,True,0.5166666666666667,COOH_L3,4.0,2026-08-25
137,True,True,0.5208333333333334,COOH_S3,4.0,2026-08-25
138,True,True,0.5,PEG_control,4.0,2026-08-25
139,True,True,0.49375,COOH_control,4.0,2026-08-25
140,True,True,0.5666666666666667,PEG_L1,4.5,2026-08-23
141,True,True,0.5416666666666666,PEG_L2,4.5,2026-08-23
142,True,True,0.5229166666666667,PEG_S1,4.5,2026-08-23
143,True,True,0.9145833333333333,PEG_S2,4.5,2026-08-23
144,True,True,0.58125,COOH_L1,4.5,2026-08-23
145,True,True,0.53125,COOH_L2,4.5,2026-08-23
146,True,True,0.6229166666666667,COOH_S1,4.5,2026-08-23
147,True,True,0.5270833333333333,COOH_S2,4.5,2026-08-23
148,True,True,0.5208333333333334,PEG_L3,4.5,2026-08-25
149,True,True,0.5291666666666667,PEG_S3,4.5,2026-08-25
150,True,True,0.5229166666666667,COOH_L3,4.5,2026-08-25
151,True,True,0.5291666666666667,COOH_S3,4.5,2026-08-25
152,True,True,0.5083333333333333,PEG_control,4.5,2026-08-25
153,True,True,0.5041666666666667,COOH_control,4.5,2026-08-25
154,True,True,0.24166666666666667,PEG_L1,5.0,2026-08-23
155,True,True,0.68125,PEG_L2,5.0,2026-08-23
156,True,True,0.5541666666666667,PEG_S1,5.0,2026-08-23
157,True,True,0.9145833333333333,PEG_S2,5.0,2026-08-23
158,True,True,0.5854166666666667,COOH_L1,5.0,2026-08-23
159,True,True,0.85625,COOH_L2,5.0,2026-08-23
160,True,True,0.625,COOH_S1,5.0,2026-08-23
161,True,True,0.5520833333333334,COOH_S2,5.0,2026-08-23
162,True,True,0.5270833333333333,PEG_L3,5.0,2026-08-25
163,True,True,0.5208333333333334,COOH_L3,5.0,2026-08-25
164,True,True,0.5166666666666667,COOH_S3,5.0,2026-08-25
165,True,True,0.5145833333333333,PEG_control,5.0,2026-08-25
166,True,True,0.5083333333333333,COOH_control,5.0,2026-08-25
167,True,True,0.53125,PEG_S3,5.0,2026-08-25
168,True,True,0.24791666666666667,PEG_L1,5.5,2026-08-23
169,True,True,0.5416666666666666,PEG_L2,5.5,2026-08-23
170,True,True,0.6291666666666667,PEG_S1,5.5,2026-08-23
171,True,True,0.12083333333333333,PEG_S2,5.5,2026-08-23
172,True,True,0.5833333333333334,COOH_L1,5.5,2026-08-23
173,True,True,0.9145833333333333,COOH_L2,5.5,2026-08-23
174,True,True,0.6291666666666667,COOH_S1,5.5,2026-08-23
175,True,True,0.6333333333333333,COOH_S2,5.5,2026-08-23
176,True,True,0.5270833333333333,PEG_L3,5.5,2026-08-26
177,True,True,0.51875,COOH_L3,5.5,2026-08-26
178,True,True,0.525,COOH_S3,5.5,2026-08-26
179,True,True,0.5458333333333333,PEG_S3,5.5,2026-08-26
180,True,True,0.5104166666666666,PEG_control,5.5,2026-08-26
181,True,True,0.50625,COOH_control,5.5,2026-08-26
182,True,True,0.2791666666666667,PEG_L1,6.0,2026-08-23
183,True,True,0.5458333333333333,PEG_L2,6.0,2026-08-23
184,True,True,0.6375,PEG_S1,6.0,2026-08-23
185,True,True,0.9145833333333333,PEG_S2,6.0,2026-08-23
186,True,True,0.61875,COOH_L1,6.0,2026-08-23
187,True,True,0.83125,COOH_L2,6.0,2026-08-23
188,True,True,0.6270833333333333,COOH_S1,6.0,2026-08-23
189,True,True,0.61875,COOH_S2,6.0,2026-08-23
190,True,True,0.5270833333333333,PEG_L3,6.0,2026-08-26
191,True,True,0.5166666666666667,COOH_L3,6.0,2026-08-26
192,True,True,0.5145833333333333,COOH_S3,6.0,2026-08-26
193,True,True,0.5416666666666666,PEG_S3,6.0,2026-08-26
194,True,True,0.5,COOH_control,6.0,2026-08-26
195,True,True,0.50625,PEG_control,6.0,2026-08-26
