path,agarose,bsa,timepoint_hr,capture_time,shot_order,gap_s
0.4 BACK/BSA /7.5 hrs/PXL_20260827_183335799.jpg,0.4,BSA,7.5,2026-08-27 18:33:35.799,1,
0.4 BACK/BSA /7.5 hrs/PXL_20260827_183350966.jpg,0.4,BSA,7.5,2026-08-27 18:33:50.966,2,15.167
0.4 BACK/BSA /7.5 hrs/PXL_20260827_183407031.jpg,0.4,BSA,7.5,2026-08-27 18:34:07.031,3,16.065
0.4 BACK/BSA /7.5 hrs/PXL_20260827_183425721.jpg,0.4,BSA,7.5,2026-08-27 18:34:25.721,4,18.69
0.4 BACK/BSA /7.5 hrs/PXL_20260827_183440589.jpg,0.4,BSA,7.5,2026-08-27 18:34:40.589,5,14.868
0.4 BACK/BSA /7.5 hrs/PXL_20260827_183456913.jpg,0.4,BSA,7.5,2026-08-27 18:34:56.913,6,16.324
0.4 BACK/BSA /7.5 hrs/PXL_20260827_185057116.jpg,0.4,BSA,7.5,2026-08-27 18:50:57.116,7,960.203
0.4 BACK/BSA /7.5 hrs/PXL_20260827_185112846.jpg,0.4,BSA,7.5,2026-08-27 18:51:12.846,8,15.73
0.4 BACK/BSA /7.5 hrs/PXL_20260827_185129607.jpg,0.4,BSA,7.5,2026-08-27 18:51:29.607,9,16.761
0.4 BACK/BSA /7.5 hrs/PXL_20260827_185224090.jpg,0.4,BSA,7.5,2026-08-27 18:52:24.090,10,54.483
0.4 BACK/BSA /7.5 hrs/PXL_20260827_185240007.jpg,0.4,BSA,7.5,2026-08-27 18:52:40.007,11,15.917
0.4 BACK/BSA /7.5 hrs/PXL_20260827_185301146.jpg,0.4,BSA,7.5,2026-08-27 18:53:01.146,12,21.139
0.4 BACK/BSA /9 hrs/PXL_20260827_202008369.jpg,0.4,BSA,9.0,2026-08-27 20:20:08.369,1,
0.4 BACK/BSA /10.5 hrs/PXL_20260827_213055749.jpg,0.4,BSA,10.5,2026-08-27 21:30:55.749,1,
0.4 BACK/BSA /10.5 hrs/PXL_20260827_214140704.jpg,0.4,BSA,10.5,2026-08-27 21:41:40.704,2,644.955
0.4 BACK/BSA /21.5 hrs/PXL_20260828_082806000.jpg,0.4,BSA,21.5,2026-08-28 08:28:06.000,1,
0.4 BACK/BSA /21.5 hrs/PXL_20260828_082842334.jpg,0.4,BSA,21.5,2026-08-28 08:28:42.334,2,36.334
0.4 BACK/BSA /21.5 hrs/PXL_20260828_082921987.jpg,0.4,BSA,21.5,2026-08-28 08:29:21.987,3,39.653
0.4 BACK/BSA /21.5 hrs/PXL_20260828_083009673.jpg,0.4,BSA,21.5,2026-08-28 08:30:09.673,4,47.686
0.4 BACK/BSA /21.5 hrs/PXL_20260828_083120420.jpg,0.4,BSA,21.5,2026-08-28 08:31:20.420,5,70.747
0.4 BACK/BSA /21.5 hrs/PXL_20260828_083151570.jpg,0.4,BSA,21.5,2026-08-28 08:31:51.570,6,31.15
0.4 BACK/BSA /21.5 hrs/PXL_20260828_084802553.jpg,0.4,BSA,21.5,2026-08-28 08:48:02.553,7,970.983
0.4 BACK/BSA /21.5 hrs/PXL_20260828_084818395.jpg,0.4,BSA,21.5,2026-08-28 08:48:18.395,8,15.842
0.4 BACK/BSA /21.5 hrs/PXL_20260828_084832324.jpg,0.4,BSA,21.5,2026-08-28 08:48:32.324,9,13.929
0.4 BACK/BSA /21.5 hrs/PXL_20260828_084917810.jpg,0.4,BSA,21.5,2026-08-28 08:49:17.810,10,45.486
0.4 BACK/BSA /21.5 hrs/PXL_20260828_084935517.jpg,0.4,BSA,21.5,2026-08-28 08:49:35.517,11,17.707
0.4 BACK/BSA /21.5 hrs/PXL_20260828_084951875.jpg,0.4,BSA,21.5,2026-08-28 08:49:51.875,12,16.358
0.4 BACK/NON-BSA/0 hrs/PXL_20260827_110536317.jpg,0.4,non-BSA,0.0,2026-08-27 11:05:36.317,1,
0.4 BACK/NON-BSA/0 hrs/PXL_20260827_110545377.jpg,0.4,non-BSA,0.0,2026-08-27 11:05:45.377,2,9.06
0.4 BACK/NON-BSA/0 hrs/PXL_20260827_110604764.jpg,0.4,non-BSA,0.0,2026-08-27 11:06:04.764,3,19.387
0.4 BACK/NON-BSA/0 hrs/PXL_20260827_110659452.jpg,0.4,non-BSA,0.0,2026-08-27 11:06:59.452,4,54.688
0.4 BACK/NON-BSA/0 hrs/PXL_20260827_110714060.jpg,0.4,non-BSA,0.0,2026-08-27 11:07:14.060,5,14.608
0.4 BACK/NON-BSA/0 hrs/PXL_20260827_110726354.jpg,0.4,non-BSA,0.0,2026-08-27 11:07:26.354,6,12.294
0.4 BACK/NON-BSA/0 hrs/PXL_20260827_110751175.jpg,0.4,non-BSA,0.0,2026-08-27 11:07:51.175,7,24.821
0.4 BACK/NON-BSA/0 hrs/PXL_20260827_110817323.jpg,0.4,non-BSA,0.0,2026-08-27 11:08:17.323,8,26.148
0.4 BACK/NON-BSA/0 hrs/PXL_20260827_110903525.jpg,0.4,non-BSA,0.0,2026-08-27 11:09:03.525,9,46.202
0.4 BACK/NON-BSA/0 hrs/PXL_20260827_110927470.jpg,0.4,non-BSA,0.0,2026-08-27 11:09:27.470,10,23.945
0.4 BACK/NON-BSA/0 hrs/PXL_20260827_110947262.jpg,0.4,non-BSA,0.0,2026-08-27 11:09:47.262,11,19.792
0.4 BACK/NON-BSA/0 hrs/PXL_20260827_111007893.jpg,0.4,non-BSA,0.0,2026-08-27 11:10:07.893,12,20.631
0.4 BACK/NON-BSA/0 hrs/PXL_20260827_112533489.jpg,0.4,non-BSA,0.0,2026-08-27 11:25:33.489,13,925.596
0.4 BACK/NON-BSA/0 hrs/PXL_20260827_112546168.jpg,0.4,non-BSA,0.0,2026-08-27 11:25:46.168,14,12.679
0.4 BACK/NON-BSA/0 hrs/PXL_20260827_112559212.jpg,0.4,non-BSA,0.0,2026-08-27 11:25:59.212,15,13.044
0.4 BACK/NON-BSA/0 hrs/PXL_20260827_112620541.jpg,0.4,non-BSA,0.0,2026-08-27 11:26:20.541,16,21.329
0.4 BACK/NON-BSA/0 hrs/PXL_20260827_112646561.jpg,0.4,non-BSA,0.0,2026-08-27 11:26:46.561,17,26.02
0.4 BACK/NON-BSA/0 hrs/PXL_20260827_112700417.jpg,0.4,non-BSA,0.0,2026-08-27 11:27:00.417,18,13.856
0.4 BACK/NON-BSA/1 hr/PXL_20260827_120518476.jpg,0.4,non-BSA,1.0,2026-08-27 12:05:18.476,1,
0.4 BACK/NON-BSA/1 hr/PXL_20260827_120551565.jpg,0.4,non-BSA,1.0,2026-08-27 12:05:51.565,2,33.089
0.4 BACK/NON-BSA/1 hr/PXL_20260827_120614481.jpg,0.4,non-BSA,1.0,2026-08-27 12:06:14.481,3,22.916
0.4 BACK/NON-BSA/1 hr/PXL_20260827_120647663.jpg,0.4,non-BSA,1.0,2026-08-27 12:06:47.663,4,33.182
0.4 BACK/NON-BSA/1 hr/PXL_20260827_120711718.jpg,0.4,non-BSA,1.0,2026-08-27 12:07:11.718,5,24.055
0.4 BACK/NON-BSA/1 hr/PXL_20260827_120730635.jpg,0.4,non-BSA,1.0,2026-08-27 12:07:30.635,6,18.917
0.4 BACK/NON-BSA/1 hr/PXL_20260827_122925816.jpg,0.4,non-BSA,1.0,2026-08-27 12:29:25.816,7,1315.181
0.4 BACK/NON-BSA/1 hr/PXL_20260827_122938669.jpg,0.4,non-BSA,1.0,2026-08-27 12:29:38.669,8,12.853
0.4 BACK/NON-BSA/1 hr/PXL_20260827_122950353.jpg,0.4,non-BSA,1.0,2026-08-27 12:29:50.353,9,11.684
0.4 BACK/NON-BSA/1 hr/PXL_20260827_123024008.jpg,0.4,non-BSA,1.0,2026-08-27 12:30:24.008,10,33.655
0.4 BACK/NON-BSA/1 hr/PXL_20260827_123037269.jpg,0.4,non-BSA,1.0,2026-08-27 12:30:37.269,11,13.261
0.4 BACK/NON-BSA/1 hr/PXL_20260827_123050149.jpg,0.4,non-BSA,1.0,2026-08-27 12:30:50.149,12,12.88
0.4 BACK/NON-BSA/2 hrs/PXL_20260827_130235088.jpg,0.4,non-BSA,2.0,2026-08-27 13:02:35.088,1,
0.4 BACK/NON-BSA/2 hrs/PXL_20260827_130248752.jpg,0.4,non-BSA,2.0,2026-08-27 13:02:48.752,2,13.664
0.4 BACK/NON-BSA/2 hrs/PXL_20260827_130304256.jpg,0.4,non-BSA,2.0,2026-08-27 13:03:04.256,3,15.504
0.4 BACK/NON-BSA/2 hrs/PXL_20260827_130347736.jpg,0.4,non-BSA,2.0,2026-08-27 13:03:47.736,4,43.48
0.4 BACK/NON-BSA/2 hrs/PXL_20260827_130402083.jpg,0.4,non-BSA,2.0,2026-08-27 13:04:02.083,5,14.347
0.4 BACK/NON-BSA/2 hrs/PXL_20260827_130411918.jpg,0.4,non-BSA,2.0,2026-08-27 13:04:11.918,6,9.835
0.4 BACK/NON-BSA/2 hrs/PXL_20260827_131147754.jpg,0.4,non-BSA,2.0,2026-08-27 13:11:47.754,7,455.836
0.4 BACK/NON-BSA/2 hrs/PXL_20260827_131159395.jpg,0.4,non-BSA,2.0,2026-08-27 13:11:59.395,8,11.641
0.4 BACK/NON-BSA/2 hrs/PXL_20260827_131210175.jpg,0.4,non-BSA,2.0,2026-08-27 13:12:10.175,9,10.78
0.4 BACK/NON-BSA/2 hrs/PXL_20260827_131246105.jpg,0.4,non-BSA,2.0,2026-08-27 13:12:46.105,10,35.93
0.4 BACK/NON-BSA/2 hrs/PXL_20260827_131300819.jpg,0.4,non-BSA,2.0,2026-08-27 13:13:00.819,11,14.714
0.4 BACK/NON-BSA/2 hrs/PXL_20260827_131317699.jpg,0.4,non-BSA,2.0,2026-08-27 13:13:17.699,12,16.88
0.4 BACK/NON-BSA/3 hrs/PXL_20260827_140347293.jpg,0.4,non-BSA,3.0,2026-08-27 14:03:47.293,1,
0.4 BACK/NON-BSA/3 hrs/PXL_20260827_140411381.jpg,0.4,non-BSA,3.0,2026-08-27 14:04:11.381,2,24.088
0.4 BACK/NON-BSA/3 hrs/PXL_20260827_140429778.jpg,0.4,non-BSA,3.0,2026-08-27 14:04:29.778,3,18.397
0.4 BACK/NON-BSA/3 hrs/PXL_20260827_140510028.jpg,0.4,non-BSA,3.0,2026-08-27 14:05:10.028,4,40.25
0.4 BACK/NON-BSA/3 hrs/PXL_20260827_140524052.jpg,0.4,non-BSA,3.0,2026-08-27 14:05:24.052,5,14.024
0.4 BACK/NON-BSA/3 hrs/PXL_20260827_140546913.jpg,0.4,non-BSA,3.0,2026-08-27 14:05:46.913,6,22.861
0.4 BACK/NON-BSA/3 hrs/PXL_20260827_141418132.jpg,0.4,non-BSA,3.0,2026-08-27 14:14:18.132,7,511.219
0.4 BACK/NON-BSA/3 hrs/PXL_20260827_141432809.jpg,0.4,non-BSA,3.0,2026-08-27 14:14:32.809,8,14.677
0.4 BACK/NON-BSA/3 hrs/PXL_20260827_141452211.jpg,0.4,non-BSA,3.0,2026-08-27 14:14:52.211,9,19.402
0.4 BACK/NON-BSA/3 hrs/PXL_20260827_141529962.jpg,0.4,non-BSA,3.0,2026-08-27 14:15:29.962,10,37.751
0.4 BACK/NON-BSA/3 hrs/PXL_20260827_141553992.jpg,0.4,non-BSA,3.0,2026-08-27 14:15:53.992,11,24.03
0.4 BACK/NON-BSA/3 hrs/PXL_20260827_141611900.jpg,0.4,non-BSA,3.0,2026-08-27 14:16:11.900,12,17.908
0.4 BACK/NON-BSA/4 hrs/PXL_20260827_150147330.jpg,0.4,non-BSA,4.0,2026-08-27 15:01:47.330,1,
0.4 BACK/NON-BSA/4 hrs/PXL_20260827_150204790.jpg,0.4,non-BSA,4.0,2026-08-27 15:02:04.790,2,17.46
0.4 BACK/NON-BSA/4 hrs/PXL_20260827_150216136.jpg,0.4,non-BSA,4.0,2026-08-27 15:02:16.136,3,11.346
0.4 BACK/NON-BSA/4 hrs/PXL_20260827_150239457.jpg,0.4,non-BSA,4.0,2026-08-27 15:02:39.457,4,23.321
0.4 BACK/NON-BSA/4 hrs/PXL_20260827_150248732.jpg,0.4,non-BSA,4.0,2026-08-27 15:02:48.732,5,9.275
0.4 BACK/NON-BSA/4 hrs/PXL_20260827_150258576.jpg,0.4,non-BSA,4.0,2026-08-27 15:02:58.576,6,9.844
0.4 BACK/NON-BSA/4 hrs/PXL_20260827_151227412.jpg,0.4,non-BSA,4.0,2026-08-27 15:12:27.412,7,568.836
0.4 BACK/NON-BSA/4 hrs/PXL_20260827_151249426.jpg,0.4,non-BSA,4.0,2026-08-27 15:12:49.426,8,22.014
0.4 BACK/NON-BSA/4 hrs/PXL_20260827_151309212.jpg,0.4,non-BSA,4.0,2026-08-27 15:13:09.212,9,19.786
0.4 BACK/NON-BSA/4 hrs/PXL_20260827_151351770.jpg,0.4,non-BSA,4.0,2026-08-27 15:13:51.770,10,42.558
0.4 BACK/NON-BSA/4 hrs/PXL_20260827_151410950.jpg,0.4,non-BSA,4.0,2026-08-27 15:14:10.950,11,19.18
0.4 BACK/NON-BSA/4 hrs/PXL_20260827_151428327.jpg,0.4,non-BSA,4.0,2026-08-27 15:14:28.327,12,17.377
0.4 BACK/NON-BSA/5 hrs/PXL_20260827_160318612.jpg,0.4,non-BSA,5.0,2026-08-27 16:03:18.612,1,
0.4 BACK/NON-BSA/5 hrs/PXL_20260827_160341708.jpg,0.4,non-BSA,5.0,2026-08-27 16:03:41.708,2,23.096
0.4 BACK/NON-BSA/5 hrs/PXL_20260827_160353469.jpg,0.4,non-BSA,5.0,2026-08-27 16:03:53.469,3,11.761
0.4 BACK/NON-BSA/5 hrs/PXL_20260827_160422535.jpg,0.4,non-BSA,5.0,2026-08-27 16:04:22.535,4,29.066
0.4 BACK/NON-BSA/5 hrs/PXL_20260827_160442372.jpg,0.4,non-BSA,5.0,2026-08-27 16:04:42.372,5,19.837
0.4 BACK/NON-BSA/5 hrs/PXL_20260827_160504640.jpg,0.4,non-BSA,5.0,2026-08-27 16:05:04.640,6,22.268
0.4 BACK/NON-BSA/5 hrs/PXL_20260827_161607611.jpg,0.4,non-BSA,5.0,2026-08-27 16:16:07.611,7,662.971
0.4 BACK/NON-BSA/5 hrs/PXL_20260827_161640724.jpg,0.4,non-BSA,5.0,2026-08-27 16:16:40.724,8,33.113
0.4 BACK/NON-BSA/5 hrs/PXL_20260827_161701068.jpg,0.4,non-BSA,5.0,2026-08-27 16:17:01.068,9,20.344
0.4 BACK/NON-BSA/5 hrs/PXL_20260827_161739748.jpg,0.4,non-BSA,5.0,2026-08-27 16:17:39.748,10,38.68
0.4 BACK/NON-BSA/5 hrs/PXL_20260827_161808896.jpg,0.4,non-BSA,5.0,2026-08-27 16:18:08.896,11,29.148
0.4 BACK/NON-BSA/5 hrs/PXL_20260827_161955201.jpg,0.4,non-BSA,5.0,2026-08-27 16:19:55.201,12,106.305
0.4 BACK/NON-BSA/6 hrs/PXL_20260827_170217290.jpg,0.4,non-BSA,6.0,2026-08-27 17:02:17.290,1,
0.4 BACK/NON-BSA/6 hrs/PXL_20260827_170227014.jpg,0.4,non-BSA,6.0,2026-08-27 17:02:27.014,2,9.724
0.4 BACK/NON-BSA/6 hrs/PXL_20260827_170244858.jpg,0.4,non-BSA,6.0,2026-08-27 17:02:44.858,3,17.844
0.4 BACK/NON-BSA/6 hrs/PXL_20260827_170322668.jpg,0.4,non-BSA,6.0,2026-08-27 17:03:22.668,4,37.81
0.4 BACK/NON-BSA/6 hrs/PXL_20260827_170334693.jpg,0.4,non-BSA,6.0,2026-08-27 17:03:34.693,5,12.025
0.4 BACK/NON-BSA/6 hrs/PXL_20260827_170347700.jpg,0.4,non-BSA,6.0,2026-08-27 17:03:47.700,6,13.007
0.4 BACK/NON-BSA/6 hrs/PXL_20260827_171311387.jpg,0.4,non-BSA,6.0,2026-08-27 17:13:11.387,7,563.687
0.4 BACK/NON-BSA/6 hrs/PXL_20260827_171345305.jpg,0.4,non-BSA,6.0,2026-08-27 17:13:45.305,8,33.918
0.4 BACK/NON-BSA/6 hrs/PXL_20260827_171403935.jpg,0.4,non-BSA,6.0,2026-08-27 17:14:03.935,9,18.63
0.4 BACK/NON-BSA/6 hrs/PXL_20260827_171511697.jpg,0.4,non-BSA,6.0,2026-08-27 17:15:11.697,10,67.762
0.4 BACK/NON-BSA/6 hrs/PXL_20260827_171534992.jpg,0.4,non-BSA,6.0,2026-08-27 17:15:34.992,11,23.295
0.4 BACK/NON-BSA/6 hrs/PXL_20260827_171554256.jpg,0.4,non-BSA,6.0,2026-08-27 17:15:54.256,12,19.264
0.4 BACK/NON-BSA/7.5 hrs/PXL_20260827_183529860.jpg,0.4,non-BSA,7.5,2026-08-27 18:35:29.860,1,
0.4 BACK/NON-BSA/7.5 hrs/PXL_20260827_183541282.jpg,0.4,non-BSA,7.5,2026-08-27 18:35:41.282,2,11.422
0.4 BACK/NON-BSA/7.5 hrs/PXL_20260827_183558074.jpg,0.4,non-BSA,7.5,2026-08-27 18:35:58.074,3,16.792
0.4 BACK/NON-BSA/7.5 hrs/PXL_20260827_183626993.jpg,0.4,non-BSA,7.5,2026-08-27 18:36:26.993,4,28.919
0.4 BACK/NON-BSA/7.5 hrs/PXL_20260827_183649132.jpg,0.4,non-BSA,7.5,2026-08-27 18:36:49.132,5,22.139
0.4 BACK/NON-BSA/7.5 hrs/PXL_20260827_183710931.jpg,0.4,non-BSA,7.5,2026-08-27 18:37:10.931,6,21.799
0.4 BACK/NON-BSA/7.5 hrs/PXL_20260827_184742008.jpg,0.4,non-BSA,7.5,2026-08-27 18:47:42.008,7,631.077
0.4 BACK/NON-BSA/7.5 hrs/PXL_20260827_184826971.jpg,0.4,non-BSA,7.5,2026-08-27 18:48:26.971,8,44.963
0.4 BACK/NON-BSA/7.5 hrs/PXL_20260827_184847778.jpg,0.4,non-BSA,7.5,2026-08-27 18:48:47.778,9,20.807
0.4 BACK/NON-BSA/7.5 hrs/PXL_20260827_184942250.jpg,0.4,non-BSA,7.5,2026-08-27 18:49:42.250,10,54.472
0.4 BACK/NON-BSA/7.5 hrs/PXL_20260827_184959438.jpg,0.4,non-BSA,7.5,2026-08-27 18:49:59.438,11,17.188
0.4 BACK/NON-BSA/7.5 hrs/PXL_20260827_185016191.jpg,0.4,non-BSA,7.5,2026-08-27 18:50:16.191,12,16.753
0.4 BACK/NON-BSA/9 hrs/PXL_20260827_200337239.jpg,0.4,non-BSA,9.0,2026-08-27 20:03:37.239,1,
0.4 BACK/NON-BSA/9 hrs/PXL_20260827_200348063.jpg,0.4,non-BSA,9.0,2026-08-27 20:03:48.063,2,10.824
0.4 BACK/NON-BSA/9 hrs/PXL_20260827_200405127.jpg,0.4,non-BSA,9.0,2026-08-27 20:04:05.127,3,17.064
0.4 BACK/NON-BSA/9 hrs/PXL_20260827_200428529.jpg,0.4,non-BSA,9.0,2026-08-27 20:04:28.529,4,23.402
0.4 BACK/NON-BSA/9 hrs/PXL_20260827_200440659.jpg,0.4,non-BSA,9.0,2026-08-27 20:04:40.659,5,12.13
0.4 BACK/NON-BSA/9 hrs/PXL_20260827_200449798.jpg,0.4,non-BSA,9.0,2026-08-27 20:04:49.798,6,9.139
0.4 BACK/NON-BSA/9 hrs/PXL_20260827_201355263.jpg,0.4,non-BSA,9.0,2026-08-27 20:13:55.263,7,545.465
0.4 BACK/NON-BSA/9 hrs/PXL_20260827_201429802.jpg,0.4,non-BSA,9.0,2026-08-27 20:14:29.802,8,34.539
0.4 BACK/NON-BSA/9 hrs/PXL_20260827_201459954.jpg,0.4,non-BSA,9.0,2026-08-27 20:14:59.954,9,30.152
0.4 BACK/NON-BSA/9 hrs/PXL_20260827_201532090.jpg,0.4,non-BSA,9.0,2026-08-27 20:15:32.090,10,32.136
0.4 BACK/NON-BSA/9 hrs/PXL_20260827_201555766.jpg,0.4,non-BSA,9.0,2026-08-27 20:15:55.766,11,23.676
0.4 BACK/NON-BSA/9 hrs/PXL_20260827_201606310.jpg,0.4,non-BSA,9.0,2026-08-27 20:16:06.310,12,10.544
0.4 BACK/NON-BSA/10.5 hrs/PXL_20260827_213208705.jpg,0.4,non-BSA,10.5,2026-08-27 21:32:08.705,1,
0.4 BACK/NON-BSA/10.5 hrs/PXL_20260827_213229527.jpg,0.4,non-BSA,10.5,2026-08-27 21:32:29.527,2,20.822
0.4 BACK/NON-BSA/10.5 hrs/PXL_20260827_213237249.jpg,0.4,non-BSA,10.5,2026-08-27 21:32:37.249,3,7.722
0.4 BACK/NON-BSA/10.5 hrs/PXL_20260827_213300267.jpg,0.4,non-BSA,10.5,2026-08-27 21:33:00.267,4,23.018
0.4 BACK/NON-BSA/10.5 hrs/PXL_20260827_213313721.jpg,0.4,non-BSA,10.5,2026-08-27 21:33:13.721,5,13.454
0.4 BACK/NON-BSA/10.5 hrs/PXL_20260827_213327384.jpg,0.4,non-BSA,10.5,2026-08-27 21:33:27.384,6,13.663
0.4 BACK/NON-BSA/10.5 hrs/PXL_20260827_214225614.jpg,0.4,non-BSA,10.5,2026-08-27 21:42:25.614,7,538.23
0.4 BACK/NON-BSA/10.5 hrs/PXL_20260827_214244239.jpg,0.4,non-BSA,10.5,2026-08-27 21:42:44.239,8,18.625
0.4 BACK/NON-BSA/10.5 hrs/PXL_20260827_214259734.jpg,0.4,non-BSA,10.5,2026-08-27 21:42:59.734,9,15.495
0.4 BACK/NON-BSA/10.5 hrs/PXL_20260827_214333993.jpg,0.4,non-BSA,10.5,2026-08-27 21:43:33.993,10,34.259
0.4 BACK/NON-BSA/10.5 hrs/PXL_20260827_214348075.jpg,0.4,non-BSA,10.5,2026-08-27 21:43:48.075,11,14.082
0.4 BACK/NON-BSA/10.5 hrs/PXL_20260827_214403877.jpg,0.4,non-BSA,10.5,2026-08-27 21:44:03.877,12,15.802
0.4 BACK/NON-BSA/12 hrs/PXL_20260827_225313897.jpg,0.4,non-BSA,12.0,2026-08-27 22:53:13.897,1,
0.4 BACK/NON-BSA/12 hrs/PXL_20260827_225324765.jpg,0.4,non-BSA,12.0,2026-08-27 22:53:24.765,2,10.868
0.4 BACK/NON-BSA/12 hrs/PXL_20260827_225346069.jpg,0.4,non-BSA,12.0,2026-08-27 22:53:46.069,3,21.304
0.4 BACK/NON-BSA/12 hrs/PXL_20260827_225416598.jpg,0.4,non-BSA,12.0,2026-08-27 22:54:16.598,4,30.529
0.4 BACK/NON-BSA/12 hrs/PXL_20260827_225427122.jpg,0.4,non-BSA,12.0,2026-08-27 22:54:27.122,5,10.524
0.4 BACK/NON-BSA/12 hrs/PXL_20260827_225447279.jpg,0.4,non-BSA,12.0,2026-08-27 22:54:47.279,6,20.157
0.4 BACK/NON-BSA/12 hrs/PXL_20260827_230529580.jpg,0.4,non-BSA,12.0,2026-08-27 23:05:29.580,7,642.301
0.4 BACK/NON-BSA/12 hrs/PXL_20260827_230543628.jpg,0.4,non-BSA,12.0,2026-08-27 23:05:43.628,8,14.048
0.4 BACK/NON-BSA/12 hrs/PXL_20260827_230557224.jpg,0.4,non-BSA,12.0,2026-08-27 23:05:57.224,9,13.596
0.4 BACK/NON-BSA/12 hrs/PXL_20260827_230637492.jpg,0.4,non-BSA,12.0,2026-08-27 23:06:37.492,10,40.268
0.4 BACK/NON-BSA/12 hrs/PXL_20260827_230648654.jpg,0.4,non-BSA,12.0,2026-08-27 23:06:48.654,11,11.162
0.4 BACK/NON-BSA/12 hrs/PXL_20260827_230701717.jpg,0.4,non-BSA,12.0,2026-08-27 23:07:01.717,12,13.063
0.4 BACK/NON-BSA/21.5 hrs/PXL_20260828_083225734.jpg,0.4,non-BSA,21.5,2026-08-28 08:32:25.734,1,
0.4 BACK/NON-BSA/21.5 hrs/PXL_20260828_083248708.jpg,0.4,non-BSA,21.5,2026-08-28 08:32:48.708,2,22.974
0.4 BACK/NON-BSA/21.5 hrs/PXL_20260828_083315394.jpg,0.4,non-BSA,21.5,2026-08-28 08:33:15.394,3,26.686
0.4 BACK/NON-BSA/21.5 hrs/PXL_20260828_083405489.jpg,0.4,non-BSA,21.5,2026-08-28 08:34:05.489,4,50.095
0.4 BACK/NON-BSA/21.5 hrs/PXL_20260828_083427246.jpg,0.4,non-BSA,21.5,2026-08-28 08:34:27.246,5,21.757
0.4 BACK/NON-BSA/21.5 hrs/PXL_20260828_084042666.jpg,0.4,non-BSA,21.5,2026-08-28 08:40:42.666,6,375.42
0.4 BACK/NON-BSA/21.5 hrs/PXL_20260828_085143882.jpg,0.4,non-BSA,21.5,2026-08-28 08:51:43.882,7,661.216
0.4 BACK/NON-BSA/21.5 hrs/PXL_20260828_085155724.jpg,0.4,non-BSA,21.5,2026-08-28 08:51:55.724,8,11.842
0.4 BACK/NON-BSA/21.5 hrs/PXL_20260828_085215175.jpg,0.4,non-BSA,21.5,2026-08-28 08:52:15.175,9,19.451
0.4 BACK/NON-BSA/21.5 hrs/PXL_20260828_085359190.jpg,0.4,non-BSA,21.5,2026-08-28 08:53:59.190,10,104.015
0.4 BACK/NON-BSA/21.5 hrs/PXL_20260828_085412699.jpg,0.4,non-BSA,21.5,2026-08-28 08:54:12.699,11,13.509
0.4 BACK/NON-BSA/21.5 hrs/PXL_20260828_085425502.jpg,0.4,non-BSA,21.5,2026-08-28 08:54:25.502,12,12.803
0.6 BACK/BSA/0 hrs/PXL_20260827_111031212.jpg,0.6,BSA,0.0,2026-08-27 11:10:31.212,1,
0.6 BACK/BSA/0 hrs/PXL_20260827_111058142.jpg,0.6,BSA,0.0,2026-08-27 11:10:58.142,2,26.93
0.6 BACK/BSA/0 hrs/PXL_20260827_111121594.jpg,0.6,BSA,0.0,2026-08-27 11:11:21.594,3,23.452
0.6 BACK/BSA/0 hrs/PXL_20260827_111142172.jpg,0.6,BSA,0.0,2026-08-27 11:11:42.172,4,20.578
0.6 BACK/BSA/0 hrs/PXL_20260827_111156348.jpg,0.6,BSA,0.0,2026-08-27 11:11:56.348,5,14.176
0.6 BACK/BSA/0 hrs/PXL_20260827_111210701.jpg,0.6,BSA,0.0,2026-08-27 11:12:10.701,6,14.353
0.6 BACK/BSA/0 hrs/PXL_20260827_111241592.jpg,0.6,BSA,0.0,2026-08-27 11:12:41.592,7,30.891
0.6 BACK/BSA/0 hrs/PXL_20260827_111254584.jpg,0.6,BSA,0.0,2026-08-27 11:12:54.584,8,12.992
0.6 BACK/BSA/0 hrs/PXL_20260827_111306861.jpg,0.6,BSA,0.0,2026-08-27 11:13:06.861,9,12.277
0.6 BACK/BSA/0 hrs/PXL_20260827_111320682.jpg,0.6,BSA,0.0,2026-08-27 11:13:20.682,10,13.821
0.6 BACK/BSA/0 hrs/PXL_20260827_111342603.jpg,0.6,BSA,0.0,2026-08-27 11:13:42.603,11,21.921
0.6 BACK/BSA/0 hrs/PXL_20260827_111358095.jpg,0.6,BSA,0.0,2026-08-27 11:13:58.095,12,15.492
0.6 BACK/BSA/0 hrs/PXL_20260827_112101846.jpg,0.6,BSA,0.0,2026-08-27 11:21:01.846,13,423.751
0.6 BACK/BSA/0 hrs/PXL_20260827_112111841.jpg,0.6,BSA,0.0,2026-08-27 11:21:11.841,14,9.995
0.6 BACK/BSA/0 hrs/PXL_20260827_112124500.jpg,0.6,BSA,0.0,2026-08-27 11:21:24.500,15,12.659
0.6 BACK/BSA/0 hrs/PXL_20260827_112155633.jpg,0.6,BSA,0.0,2026-08-27 11:21:55.633,16,31.133
0.6 BACK/BSA/0 hrs/PXL_20260827_112210476.jpg,0.6,BSA,0.0,2026-08-27 11:22:10.476,17,14.843
0.6 BACK/BSA/0 hrs/PXL_20260827_112223299.jpg,0.6,BSA,0.0,2026-08-27 11:22:23.299,18,12.823
0.6 BACK/BSA/1 hr/PXL_20260827_120802004.jpg,0.6,BSA,1.0,2026-08-27 12:08:02.004,1,
0.6 BACK/BSA/1 hr/PXL_20260827_120820176.jpg,0.6,BSA,1.0,2026-08-27 12:08:20.176,2,18.172
0.6 BACK/BSA/1 hr/PXL_20260827_120843277.jpg,0.6,BSA,1.0,2026-08-27 12:08:43.277,3,23.101
0.6 BACK/BSA/1 hr/PXL_20260827_120913895.jpg,0.6,BSA,1.0,2026-08-27 12:09:13.895,4,30.618
0.6 BACK/BSA/1 hr/PXL_20260827_120937739.jpg,0.6,BSA,1.0,2026-08-27 12:09:37.739,5,23.844
0.6 BACK/BSA/1 hr/PXL_20260827_121010071.jpg,0.6,BSA,1.0,2026-08-27 12:10:10.071,6,32.332
0.6 BACK/BSA/1 hr/PXL_20260827_123120096.jpg,0.6,BSA,1.0,2026-08-27 12:31:20.096,7,1270.025
0.6 BACK/BSA/1 hr/PXL_20260827_123131089.jpg,0.6,BSA,1.0,2026-08-27 12:31:31.089,8,10.993
0.6 BACK/BSA/1 hr/PXL_20260827_123143295.jpg,0.6,BSA,1.0,2026-08-27 12:31:43.295,9,12.206
0.6 BACK/BSA/1 hr/PXL_20260827_123339387.jpg,0.6,BSA,1.0,2026-08-27 12:33:39.387,10,116.092
0.6 BACK/BSA/1 hr/PXL_20260827_123350650.jpg,0.6,BSA,1.0,2026-08-27 12:33:50.650,11,11.263
0.6 BACK/BSA/1 hr/PXL_20260827_123401908.jpg,0.6,BSA,1.0,2026-08-27 12:34:01.908,12,11.258
0.6 BACK/BSA/2 hrs/PXL_20260827_130432852.jpg,0.6,BSA,2.0,2026-08-27 13:04:32.852,1,
0.6 BACK/BSA/2 hrs/PXL_20260827_130446169.jpg,0.6,BSA,2.0,2026-08-27 13:04:46.169,2,13.317
0.6 BACK/BSA/2 hrs/PXL_20260827_130457912.jpg,0.6,BSA,2.0,2026-08-27 13:04:57.912,3,11.743
0.6 BACK/BSA/2 hrs/PXL_20260827_130517004.jpg,0.6,BSA,2.0,2026-08-27 13:05:17.004,4,19.092
0.6 BACK/BSA/2 hrs/PXL_20260827_130532210.jpg,0.6,BSA,2.0,2026-08-27 13:05:32.210,5,15.206
0.6 BACK/BSA/2 hrs/PXL_20260827_130551369.jpg,0.6,BSA,2.0,2026-08-27 13:05:51.369,6,19.159
0.6 BACK/BSA/2 hrs/PXL_20260827_131356599.jpg,0.6,BSA,2.0,2026-08-27 13:13:56.599,7,485.23
0.6 BACK/BSA/2 hrs/PXL_20260827_131406069.jpg,0.6,BSA,2.0,2026-08-27 13:14:06.069,8,9.47
0.6 BACK/BSA/2 hrs/PXL_20260827_131418072.jpg,0.6,BSA,2.0,2026-08-27 13:14:18.072,9,12.003
0.6 BACK/BSA/2 hrs/PXL_20260827_131449708.jpg,0.6,BSA,2.0,2026-08-27 13:14:49.708,10,31.636
0.6 BACK/BSA/2 hrs/PXL_20260827_131459886.jpg,0.6,BSA,2.0,2026-08-27 13:14:59.886,11,10.178
0.6 BACK/BSA/2 hrs/PXL_20260827_131512759.jpg,0.6,BSA,2.0,2026-08-27 13:15:12.759,12,12.873
0.6 BACK/BSA/3 hrs/PXL_20260827_140621260.jpg,0.6,BSA,3.0,2026-08-27 14:06:21.260,1,
0.6 BACK/BSA/3 hrs/PXL_20260827_140641337.jpg,0.6,BSA,3.0,2026-08-27 14:06:41.337,2,20.077
0.6 BACK/BSA/3 hrs/PXL_20260827_140703445.jpg,0.6,BSA,3.0,2026-08-27 14:07:03.445,3,22.108
0.6 BACK/BSA/3 hrs/PXL_20260827_140734877.jpg,0.6,BSA,3.0,2026-08-27 14:07:34.877,4,31.432
0.6 BACK/BSA/3 hrs/PXL_20260827_140755390.jpg,0.6,BSA,3.0,2026-08-27 14:07:55.390,5,20.513
0.6 BACK/BSA/3 hrs/PXL_20260827_140819355.jpg,0.6,BSA,3.0,2026-08-27 14:08:19.355,6,23.965
0.6 BACK/BSA/3 hrs/PXL_20260827_141649696.jpg,0.6,BSA,3.0,2026-08-27 14:16:49.696,7,510.341
0.6 BACK/BSA/3 hrs/PXL_20260827_141701856.jpg,0.6,BSA,3.0,2026-08-27 14:17:01.856,8,12.16
0.6 BACK/BSA/3 hrs/PXL_20260827_141715388.jpg,0.6,BSA,3.0,2026-08-27 14:17:15.388,9,13.532
0.6 BACK/BSA/3 hrs/PXL_20260827_141754017.jpg,0.6,BSA,3.0,2026-08-27 14:17:54.017,10,38.629
0.6 BACK/BSA/3 hrs/PXL_20260827_141828121.jpg,0.6,BSA,3.0,2026-08-27 14:18:28.121,11,34.104
0.6 BACK/BSA/3 hrs/PXL_20260827_141848981.jpg,0.6,BSA,3.0,2026-08-27 14:18:48.981,12,20.86
0.6 BACK/BSA/4 hrs/PXL_20260827_150314744.jpg,0.6,BSA,4.0,2026-08-27 15:03:14.744,1,
0.6 BACK/BSA/4 hrs/PXL_20260827_150334569.jpg,0.6,BSA,4.0,2026-08-27 15:03:34.569,2,19.825
0.6 BACK/BSA/4 hrs/PXL_20260827_150348378.jpg,0.6,BSA,4.0,2026-08-27 15:03:48.378,3,13.809
0.6 BACK/BSA/4 hrs/PXL_20260827_150414044.jpg,0.6,BSA,4.0,2026-08-27 15:04:14.044,4,25.666
0.6 BACK/BSA/4 hrs/PXL_20260827_150422378.jpg,0.6,BSA,4.0,2026-08-27 15:04:22.378,5,8.334
0.6 BACK/BSA/4 hrs/PXL_20260827_150436900.jpg,0.6,BSA,4.0,2026-08-27 15:04:36.900,6,14.522
0.6 BACK/BSA/4 hrs/PXL_20260827_151522132.jpg,0.6,BSA,4.0,2026-08-27 15:15:22.132,7,645.232
0.6 BACK/BSA/4 hrs/PXL_20260827_151539889.jpg,0.6,BSA,4.0,2026-08-27 15:15:39.889,8,17.757
0.6 BACK/BSA/4 hrs/PXL_20260827_151555290.jpg,0.6,BSA,4.0,2026-08-27 15:15:55.290,9,15.401
0.6 BACK/BSA/4 hrs/PXL_20260827_151712131.jpg,0.6,BSA,4.0,2026-08-27 15:17:12.131,10,76.841
0.6 BACK/BSA/4 hrs/PXL_20260827_151728764.jpg,0.6,BSA,4.0,2026-08-27 15:17:28.764,11,16.633
0.6 BACK/BSA/4 hrs/PXL_20260827_152937207.jpg,0.6,BSA,4.0,2026-08-27 15:29:37.207,12,728.443
0.6 BACK/BSA/5 hrs/PXL_20260827_160545935.jpg,0.6,BSA,5.0,2026-08-27 16:05:45.935,1,
0.6 BACK/BSA/5 hrs/PXL_20260827_160556728.jpg,0.6,BSA,5.0,2026-08-27 16:05:56.728,2,10.793
0.6 BACK/BSA/5 hrs/PXL_20260827_160620482.jpg,0.6,BSA,5.0,2026-08-27 16:06:20.482,3,23.754
0.6 BACK/BSA/5 hrs/PXL_20260827_160647426.jpg,0.6,BSA,5.0,2026-08-27 16:06:47.426,4,26.944
0.6 BACK/BSA/5 hrs/PXL_20260827_160700003.jpg,0.6,BSA,5.0,2026-08-27 16:07:00.003,5,12.577
0.6 BACK/BSA/5 hrs/PXL_20260827_160719359.jpg,0.6,BSA,5.0,2026-08-27 16:07:19.359,6,19.356
0.6 BACK/BSA/5 hrs/PXL_20260827_162054615.jpg,0.6,BSA,5.0,2026-08-27 16:20:54.615,7,815.256
0.6 BACK/BSA/5 hrs/PXL_20260827_162107706.jpg,0.6,BSA,5.0,2026-08-27 16:21:07.706,8,13.091
0.6 BACK/BSA/5 hrs/PXL_20260827_162309920.jpg,0.6,BSA,5.0,2026-08-27 16:23:09.920,9,122.214
0.6 BACK/BSA/5 hrs/PXL_20260827_162358250.jpg,0.6,BSA,5.0,2026-08-27 16:23:58.250,10,48.33
0.6 BACK/BSA/5 hrs/PXL_20260827_162415010.jpg,0.6,BSA,5.0,2026-08-27 16:24:15.010,11,16.76
0.6 BACK/BSA/5 hrs/PXL_20260827_162434351.jpg,0.6,BSA,5.0,2026-08-27 16:24:34.351,12,19.341
0.6 BACK/BSA/6 hrs/PXL_20260827_170414491.jpg,0.6,BSA,6.0,2026-08-27 17:04:14.491,1,
0.6 BACK/BSA/6 hrs/PXL_20260827_170426866.jpg,0.6,BSA,6.0,2026-08-27 17:04:26.866,2,12.375
0.6 BACK/BSA/6 hrs/PXL_20260827_170441670.jpg,0.6,BSA,6.0,2026-08-27 17:04:41.670,3,14.804
0.6 BACK/BSA/6 hrs/PXL_20260827_170508886.jpg,0.6,BSA,6.0,2026-08-27 17:05:08.886,4,27.216
0.6 BACK/BSA/6 hrs/PXL_20260827_170517201.jpg,0.6,BSA,6.0,2026-08-27 17:05:17.201,5,8.315
0.6 BACK/BSA/6 hrs/PXL_20260827_170534342.jpg,0.6,BSA,6.0,2026-08-27 17:05:34.342,6,17.141
0.6 BACK/BSA/6 hrs/PXL_20260827_171658036.jpg,0.6,BSA,6.0,2026-08-27 17:16:58.036,7,683.694
0.6 BACK/BSA/6 hrs/PXL_20260827_171722746.jpg,0.6,BSA,6.0,2026-08-27 17:17:22.746,8,24.71
0.6 BACK/BSA/6 hrs/PXL_20260827_171739868.jpg,0.6,BSA,6.0,2026-08-27 17:17:39.868,9,17.122
0.6 BACK/BSA/6 hrs/PXL_20260827_171834252.jpg,0.6,BSA,6.0,2026-08-27 17:18:34.252,10,54.384
0.6 BACK/BSA/6 hrs/PXL_20260827_171900683.jpg,0.6,BSA,6.0,2026-08-27 17:19:00.683,11,26.431
0.6 BACK/BSA/6 hrs/PXL_20260827_171923448.jpg,0.6,BSA,6.0,2026-08-27 17:19:23.448,12,22.765
0.6 BACK/BSA/7.5 hrs/PXL_20260827_183735151.jpg,0.6,BSA,7.5,2026-08-27 18:37:35.151,1,
0.6 BACK/BSA/7.5 hrs/PXL_20260827_183756833.jpg,0.6,BSA,7.5,2026-08-27 18:37:56.833,2,21.682
0.6 BACK/BSA/7.5 hrs/PXL_20260827_183821749.jpg,0.6,BSA,7.5,2026-08-27 18:38:21.749,3,24.916
0.6 BACK/BSA/7.5 hrs/PXL_20260827_183856374.jpg,0.6,BSA,7.5,2026-08-27 18:38:56.374,4,34.625
0.6 BACK/BSA/7.5 hrs/PXL_20260827_183916189.jpg,0.6,BSA,7.5,2026-08-27 18:39:16.189,5,19.815
0.6 BACK/BSA/7.5 hrs/PXL_20260827_183926299.jpg,0.6,BSA,7.5,2026-08-27 18:39:26.299,6,10.11
0.6 BACK/BSA/7.5 hrs/PXL_20260827_185057116.jpg,0.6,BSA,7.5,2026-08-27 18:50:57.116,7,690.817
0.6 BACK/BSA/7.5 hrs/PXL_20260827_185112846.jpg,0.6,BSA,7.5,2026-08-27 18:51:12.846,8,15.73
0.6 BACK/BSA/7.5 hrs/PXL_20260827_185129607.jpg,0.6,BSA,7.5,2026-08-27 18:51:29.607,9,16.761
0.6 BACK/BSA/7.5 hrs/PXL_20260827_185224090.jpg,0.6,BSA,7.5,2026-08-27 18:52:24.090,10,54.483
0.6 BACK/BSA/7.5 hrs/PXL_20260827_185240007.jpg,0.6,BSA,7.5,2026-08-27 18:52:40.007,11,15.917
0.6 BACK/BSA/7.5 hrs/PXL_20260827_185301146.jpg,0.6,BSA,7.5,2026-08-27 18:53:01.146,12,21.139
0.6 BACK/BSA/9 hrs/PXL_20260827_200527860.jpg,0.6,BSA,9.0,2026-08-27 20:05:27.860,1,
0.6 BACK/BSA/9 hrs/PXL_20260827_200543526.jpg,0.6,BSA,9.0,2026-08-27 20:05:43.526,2,15.666
0.6 BACK/BSA/9 hrs/PXL_20260827_200554417.jpg,0.6,BSA,9.0,2026-08-27 20:05:54.417,3,10.891
0.6 BACK/BSA/9 hrs/PXL_20260827_200653928.jpg,0.6,BSA,9.0,2026-08-27 20:06:53.928,4,59.511
0.6 BACK/BSA/9 hrs/PXL_20260827_200713087.jpg,0.6,BSA,9.0,2026-08-27 20:07:13.087,5,19.159
0.6 BACK/BSA/9 hrs/PXL_20260827_200722614.jpg,0.6,BSA,9.0,2026-08-27 20:07:22.614,6,9.527
0.6 BACK/BSA/9 hrs/PXL_20260827_201638697.jpg,0.6,BSA,9.0,2026-08-27 20:16:38.697,7,556.083
0.6 BACK/BSA/9 hrs/PXL_20260827_201656196.jpg,0.6,BSA,9.0,2026-08-27 20:16:56.196,8,17.499
0.6 BACK/BSA/9 hrs/PXL_20260827_201711499.jpg,0.6,BSA,9.0,2026-08-27 20:17:11.499,9,15.303
0.6 BACK/BSA/9 hrs/PXL_20260827_201803743.jpg,0.6,BSA,9.0,2026-08-27 20:18:03.743,10,52.244
0.6 BACK/BSA/9 hrs/PXL_20260827_201832393.jpg,0.6,BSA,9.0,2026-08-27 20:18:32.393,11,28.65
0.6 BACK/BSA/9 hrs/PXL_20260827_201908588.jpg,0.6,BSA,9.0,2026-08-27 20:19:08.588,12,36.195
0.6 BACK/BSA/10.5 hrs/PXL_20260827_213400683.jpg,0.6,BSA,10.5,2026-08-27 21:34:00.683,1,
0.6 BACK/BSA/10.5 hrs/PXL_20260827_213411865.jpg,0.6,BSA,10.5,2026-08-27 21:34:11.865,2,11.182
0.6 BACK/BSA/10.5 hrs/PXL_20260827_213424339.jpg,0.6,BSA,10.5,2026-08-27 21:34:24.339,3,12.474
0.6 BACK/BSA/10.5 hrs/PXL_20260827_213446676.jpg,0.6,BSA,10.5,2026-08-27 21:34:46.676,4,22.337
0.6 BACK/BSA/10.5 hrs/PXL_20260827_213525211.jpg,0.6,BSA,10.5,2026-08-27 21:35:25.211,5,38.535
0.6 BACK/BSA/10.5 hrs/PXL_20260827_213610316.jpg,0.6,BSA,10.5,2026-08-27 21:36:10.316,6,45.105
0.6 BACK/BSA/10.5 hrs/PXL_20260827_214447427.jpg,0.6,BSA,10.5,2026-08-27 21:44:47.427,7,517.111
0.6 BACK/BSA/10.5 hrs/PXL_20260827_214505733.jpg,0.6,BSA,10.5,2026-08-27 21:45:05.733,8,18.306
0.6 BACK/BSA/10.5 hrs/PXL_20260827_214520684.jpg,0.6,BSA,10.5,2026-08-27 21:45:20.684,9,14.951
0.6 BACK/BSA/10.5 hrs/PXL_20260827_214554803.jpg,0.6,BSA,10.5,2026-08-27 21:45:54.803,10,34.119
0.6 BACK/BSA/10.5 hrs/PXL_20260827_214608647.jpg,0.6,BSA,10.5,2026-08-27 21:46:08.647,11,13.844
0.6 BACK/BSA/10.5 hrs/PXL_20260827_214628600.jpg,0.6,BSA,10.5,2026-08-27 21:46:28.600,12,19.953
0.6 BACK/BSA/12 hrs/PXL_20260827_225518964.jpg,0.6,BSA,12.0,2026-08-27 22:55:18.964,1,
0.6 BACK/BSA/12 hrs/PXL_20260827_225525811.jpg,0.6,BSA,12.0,2026-08-27 22:55:25.811,2,6.847
0.6 BACK/BSA/12 hrs/PXL_20260827_225543865.jpg,0.6,BSA,12.0,2026-08-27 22:55:43.865,3,18.054
0.6 BACK/BSA/12 hrs/PXL_20260827_225611121.jpg,0.6,BSA,12.0,2026-08-27 22:56:11.121,4,27.256
0.6 BACK/BSA/12 hrs/PXL_20260827_225619144.jpg,0.6,BSA,12.0,2026-08-27 22:56:19.144,5,8.023
0.6 BACK/BSA/12 hrs/PXL_20260827_225636662.jpg,0.6,BSA,12.0,2026-08-27 22:56:36.662,6,17.518
0.6 BACK/BSA/12 hrs/PXL_20260827_230735375.jpg,0.6,BSA,12.0,2026-08-27 23:07:35.375,7,658.713
0.6 BACK/BSA/12 hrs/PXL_20260827_230748327.jpg,0.6,BSA,12.0,2026-08-27 23:07:48.327,8,12.952
0.6 BACK/BSA/12 hrs/PXL_20260827_230802688.jpg,0.6,BSA,12.0,2026-08-27 23:08:02.688,9,14.361
0.6 BACK/BSA/12 hrs/PXL_20260827_230830499.jpg,0.6,BSA,12.0,2026-08-27 23:08:30.499,10,27.811
0.6 BACK/BSA/12 hrs/PXL_20260827_230843627.jpg,0.6,BSA,12.0,2026-08-27 23:08:43.627,11,13.128
0.6 BACK/BSA/12 hrs/PXL_20260827_230859853.jpg,0.6,BSA,12.0,2026-08-27 23:08:59.853,12,16.226
0.6 BACK/BSA/21.5 hrs/PXL_20260828_083506576.jpg,0.6,BSA,21.5,2026-08-28 08:35:06.576,1,
0.6 BACK/BSA/21.5 hrs/PXL_20260828_083536172.jpg,0.6,BSA,21.5,2026-08-28 08:35:36.172,2,29.596
0.6 BACK/BSA/21.5 hrs/PXL_20260828_083555150.jpg,0.6,BSA,21.5,2026-08-28 08:35:55.150,3,18.978
0.6 BACK/BSA/21.5 hrs/PXL_20260828_083710785.jpg,0.6,BSA,21.5,2026-08-28 08:37:10.785,4,75.635
0.6 BACK/BSA/21.5 hrs/PXL_20260828_083726802.jpg,0.6,BSA,21.5,2026-08-28 08:37:26.802,5,16.017
0.6 BACK/BSA/21.5 hrs/PXL_20260828_083750174.jpg,0.6,BSA,21.5,2026-08-28 08:37:50.174,6,23.372
0.6 BACK/BSA/21.5 hrs/PXL_20260828_085508060.jpg,0.6,BSA,21.5,2026-08-28 08:55:08.060,7,1037.886
0.6 BACK/BSA/21.5 hrs/PXL_20260828_085521309.jpg,0.6,BSA,21.5,2026-08-28 08:55:21.309,8,13.249
0.6 BACK/BSA/21.5 hrs/PXL_20260828_085538300.jpg,0.6,BSA,21.5,2026-08-28 08:55:38.300,9,16.991
0.6 BACK/BSA/21.5 hrs/PXL_20260828_085618734.jpg,0.6,BSA,21.5,2026-08-28 08:56:18.734,10,40.434
0.6 BACK/BSA/21.5 hrs/PXL_20260828_085632100.jpg,0.6,BSA,21.5,2026-08-28 08:56:32.100,11,13.366
0.6 BACK/BSA/21.5 hrs/PXL_20260828_085648500.jpg,0.6,BSA,21.5,2026-08-28 08:56:48.500,12,16.4
0.6 BACK/NON BSA/0 hrs/PXL_20260827_111419374.jpg,0.6,non-BSA,0.0,2026-08-27 11:14:19.374,1,
0.6 BACK/NON BSA/0 hrs/PXL_20260827_111433063.jpg,0.6,non-BSA,0.0,2026-08-27 11:14:33.063,2,13.689
0.6 BACK/NON BSA/0 hrs/PXL_20260827_111449187.jpg,0.6,non-BSA,0.0,2026-08-27 11:14:49.187,3,16.124
0.6 BACK/NON BSA/0 hrs/PXL_20260827_111507327.jpg,0.6,non-BSA,0.0,2026-08-27 11:15:07.327,4,18.14
0.6 BACK/NON BSA/0 hrs/PXL_20260827_111526950.jpg,0.6,non-BSA,0.0,2026-08-27 11:15:26.950,5,19.623
0.6 BACK/NON BSA/0 hrs/PXL_20260827_111541319.jpg,0.6,non-BSA,0.0,2026-08-27 11:15:41.319,6,14.369
0.6 BACK/NON BSA/0 hrs/PXL_20260827_111605929.jpg,0.6,non-BSA,0.0,2026-08-27 11:16:05.929,7,24.61
0.6 BACK/NON BSA/0 hrs/PXL_20260827_111623022.jpg,0.6,non-BSA,0.0,2026-08-27 11:16:23.022,8,17.093
0.6 BACK/NON BSA/0 hrs/PXL_20260827_111641350.jpg,0.6,non-BSA,0.0,2026-08-27 11:16:41.350,9,18.328
0.6 BACK/NON BSA/0 hrs/PXL_20260827_111654296.jpg,0.6,non-BSA,0.0,2026-08-27 11:16:54.296,10,12.946
0.6 BACK/NON BSA/0 hrs/PXL_20260827_111707877.jpg,0.6,non-BSA,0.0,2026-08-27 11:17:07.877,11,13.581
0.6 BACK/NON BSA/0 hrs/PXL_20260827_111719081.jpg,0.6,non-BSA,0.0,2026-08-27 11:17:19.081,12,11.204
0.6 BACK/NON BSA/0 hrs/PXL_20260827_112255829.jpg,0.6,non-BSA,0.0,2026-08-27 11:22:55.829,13,336.748
0.6 BACK/NON BSA/0 hrs/PXL_20260827_112306362.jpg,0.6,non-BSA,0.0,2026-08-27 11:23:06.362,14,10.533
0.6 BACK/NON BSA/0 hrs/PXL_20260827_112317339.jpg,0.6,non-BSA,0.0,2026-08-27 11:23:17.339,15,10.977
0.6 BACK/NON BSA/0 hrs/PXL_20260827_112401783.jpg,0.6,non-BSA,0.0,2026-08-27 11:24:01.783,16,44.444
0.6 BACK/NON BSA/0 hrs/PXL_20260827_112419511.jpg,0.6,non-BSA,0.0,2026-08-27 11:24:19.511,17,17.728
0.6 BACK/NON BSA/0 hrs/PXL_20260827_112431496.jpg,0.6,non-BSA,0.0,2026-08-27 11:24:31.496,18,11.985
0.6 BACK/NON BSA/1 hr/PXL_20260827_121050829.jpg,0.6,non-BSA,1.0,2026-08-27 12:10:50.829,1,
0.6 BACK/NON BSA/1 hr/PXL_20260827_121115229.jpg,0.6,non-BSA,1.0,2026-08-27 12:11:15.229,2,24.4
0.6 BACK/NON BSA/1 hr/PXL_20260827_121134416.jpg,0.6,non-BSA,1.0,2026-08-27 12:11:34.416,3,19.187
0.6 BACK/NON BSA/1 hr/PXL_20260827_121202233.jpg,0.6,non-BSA,1.0,2026-08-27 12:12:02.233,4,27.817
0.6 BACK/NON BSA/1 hr/PXL_20260827_121217844.jpg,0.6,non-BSA,1.0,2026-08-27 12:12:17.844,5,15.611
0.6 BACK/NON BSA/1 hr/PXL_20260827_121238034.jpg,0.6,non-BSA,1.0,2026-08-27 12:12:38.034,6,20.19
0.6 BACK/NON BSA/1 hr/PXL_20260827_123429210.jpg,0.6,non-BSA,1.0,2026-08-27 12:34:29.210,7,1311.176
0.6 BACK/NON BSA/1 hr/PXL_20260827_123439206.jpg,0.6,non-BSA,1.0,2026-08-27 12:34:39.206,8,9.996
0.6 BACK/NON BSA/1 hr/PXL_20260827_123449412.jpg,0.6,non-BSA,1.0,2026-08-27 12:34:49.412,9,10.206
0.6 BACK/NON BSA/1 hr/PXL_20260827_123516256.jpg,0.6,non-BSA,1.0,2026-08-27 12:35:16.256,10,26.844
0.6 BACK/NON BSA/1 hr/PXL_20260827_123525410.jpg,0.6,non-BSA,1.0,2026-08-27 12:35:25.410,11,9.154
0.6 BACK/NON BSA/1 hr/PXL_20260827_123535901.jpg,0.6,non-BSA,1.0,2026-08-27 12:35:35.901,12,10.491
0.6 BACK/NON BSA/2 hrs/PXL_20260827_130648683.jpg,0.6,non-BSA,2.0,2026-08-27 13:06:48.683,1,
0.6 BACK/NON BSA/2 hrs/PXL_20260827_130703438.jpg,0.6,non-BSA,2.0,2026-08-27 13:07:03.438,2,14.755
0.6 BACK/NON BSA/2 hrs/PXL_20260827_130722115.jpg,0.6,non-BSA,2.0,2026-08-27 13:07:22.115,3,18.677
0.6 BACK/NON BSA/2 hrs/PXL_20260827_130822441.jpg,0.6,non-BSA,2.0,2026-08-27 13:08:22.441,4,60.326
0.6 BACK/NON BSA/2 hrs/PXL_20260827_130839787.jpg,0.6,non-BSA,2.0,2026-08-27 13:08:39.787,5,17.346
0.6 BACK/NON BSA/2 hrs/PXL_20260827_130856687.jpg,0.6,non-BSA,2.0,2026-08-27 13:08:56.687,6,16.9
0.6 BACK/NON BSA/2 hrs/PXL_20260827_131544349.jpg,0.6,non-BSA,2.0,2026-08-27 13:15:44.349,7,407.662
0.6 BACK/NON BSA/2 hrs/PXL_20260827_131555266.jpg,0.6,non-BSA,2.0,2026-08-27 13:15:55.266,8,10.917
0.6 BACK/NON BSA/2 hrs/PXL_20260827_131611716.jpg,0.6,non-BSA,2.0,2026-08-27 13:16:11.716,9,16.45
0.6 BACK/NON BSA/2 hrs/PXL_20260827_131640131.jpg,0.6,non-BSA,2.0,2026-08-27 13:16:40.131,10,28.415
0.6 BACK/NON BSA/2 hrs/PXL_20260827_131651302.jpg,0.6,non-BSA,2.0,2026-08-27 13:16:51.302,11,11.171
0.6 BACK/NON BSA/2 hrs/PXL_20260827_131704155.jpg,0.6,non-BSA,2.0,2026-08-27 13:17:04.155,12,12.853
0.6 BACK/NON BSA/3 hrs/PXL_20260827_140907264.jpg,0.6,non-BSA,3.0,2026-08-27 14:09:07.264,1,
0.6 BACK/NON BSA/3 hrs/PXL_20260827_140921966.jpg,0.6,non-BSA,3.0,2026-08-27 14:09:21.966,2,14.702
0.6 BACK/NON BSA/3 hrs/PXL_20260827_140939933.jpg,0.6,non-BSA,3.0,2026-08-27 14:09:39.933,3,17.967
0.6 BACK/NON BSA/3 hrs/PXL_20260827_141017208.jpg,0.6,non-BSA,3.0,2026-08-27 14:10:17.208,4,37.275
0.6 BACK/NON BSA/3 hrs/PXL_20260827_141035059.jpg,0.6,non-BSA,3.0,2026-08-27 14:10:35.059,5,17.851
0.6 BACK/NON BSA/3 hrs/PXL_20260827_141101190.jpg,0.6,non-BSA,3.0,2026-08-27 14:11:01.190,6,26.131
0.6 BACK/NON BSA/3 hrs/PXL_20260827_141944612.jpg,0.6,non-BSA,3.0,2026-08-27 14:19:44.612,7,523.422
0.6 BACK/NON BSA/3 hrs/PXL_20260827_141956269.jpg,0.6,non-BSA,3.0,2026-08-27 14:19:56.269,8,11.657
0.6 BACK/NON BSA/3 hrs/PXL_20260827_142009125.jpg,0.6,non-BSA,3.0,2026-08-27 14:20:09.125,9,12.856
0.6 BACK/NON BSA/3 hrs/PXL_20260827_142119948.jpg,0.6,non-BSA,3.0,2026-08-27 14:21:19.948,10,70.823
0.6 BACK/NON BSA/3 hrs/PXL_20260827_142151810.jpg,0.6,non-BSA,3.0,2026-08-27 14:21:51.810,11,31.862
0.6 BACK/NON BSA/3 hrs/PXL_20260827_142202560.jpg,0.6,non-BSA,3.0,2026-08-27 14:22:02.560,12,10.75
0.6 BACK/NON BSA/4 hrs/PXL_20260827_150529702.jpg,0.6,non-BSA,4.0,2026-08-27 15:05:29.702,1,
0.6 BACK/NON BSA/4 hrs/PXL_20260827_150545801.jpg,0.6,non-BSA,4.0,2026-08-27 15:05:45.801,2,16.099
0.6 BACK/NON BSA/4 hrs/PXL_20260827_150555841.jpg,0.6,non-BSA,4.0,2026-08-27 15:05:55.841,3,10.04
0.6 BACK/NON BSA/4 hrs/PXL_20260827_150627118.jpg,0.6,non-BSA,4.0,2026-08-27 15:06:27.118,4,31.277
0.6 BACK/NON BSA/4 hrs/PXL_20260827_150638029.jpg,0.6,non-BSA,4.0,2026-08-27 15:06:38.029,5,10.911
0.6 BACK/NON BSA/4 hrs/PXL_20260827_150658610.jpg,0.6,non-BSA,4.0,2026-08-27 15:06:58.610,6,20.581
0.6 BACK/NON BSA/4 hrs/PXL_20260827_151811623.jpg,0.6,non-BSA,4.0,2026-08-27 15:18:11.623,7,673.013
0.6 BACK/NON BSA/4 hrs/PXL_20260827_151845399.jpg,0.6,non-BSA,4.0,2026-08-27 15:18:45.399,8,33.776
0.6 BACK/NON BSA/4 hrs/PXL_20260827_151905702.jpg,0.6,non-BSA,4.0,2026-08-27 15:19:05.702,9,20.303
0.6 BACK/NON BSA/4 hrs/PXL_20260827_152013333.jpg,0.6,non-BSA,4.0,2026-08-27 15:20:13.333,10,67.631
0.6 BACK/NON BSA/4 hrs/PXL_20260827_152032153.jpg,0.6,non-BSA,4.0,2026-08-27 15:20:32.153,11,18.82
0.6 BACK/NON BSA/4 hrs/PXL_20260827_152120708.jpg,0.6,non-BSA,4.0,2026-08-27 15:21:20.708,12,48.555
0.6 BACK/NON BSA/5 hrs/PXL_20260827_160815315.jpg,0.6,non-BSA,5.0,2026-08-27 16:08:15.315,1,
0.6 BACK/NON BSA/5 hrs/PXL_20260827_160845906.jpg,0.6,non-BSA,5.0,2026-08-27 16:08:45.906,2,30.591
0.6 BACK/NON BSA/5 hrs/PXL_20260827_160902972.jpg,0.6,non-BSA,5.0,2026-08-27 16:09:02.972,3,17.066
0.6 BACK/NON BSA/5 hrs/PXL_20260827_160922440.jpg,0.6,non-BSA,5.0,2026-08-27 16:09:22.440,4,19.468
0.6 BACK/NON BSA/5 hrs/PXL_20260827_162524285.jpg,0.6,non-BSA,5.0,2026-08-27 16:25:24.285,5,961.845
0.6 BACK/NON BSA/5 hrs/PXL_20260827_162549596.jpg,0.6,non-BSA,5.0,2026-08-27 16:25:49.596,6,25.311
0.6 BACK/NON BSA/5 hrs/PXL_20260827_162641528.jpg,0.6,non-BSA,5.0,2026-08-27 16:26:41.528,7,51.932
0.6 BACK/NON BSA/6 hrs/PXL_20260827_170607708.jpg,0.6,non-BSA,6.0,2026-08-27 17:06:07.708,1,
0.6 BACK/NON BSA/6 hrs/PXL_20260827_170623820.jpg,0.6,non-BSA,6.0,2026-08-27 17:06:23.820,2,16.112
0.6 BACK/NON BSA/6 hrs/PXL_20260827_170632814.jpg,0.6,non-BSA,6.0,2026-08-27 17:06:32.814,3,8.994
0.6 BACK/NON BSA/6 hrs/PXL_20260827_170713722.jpg,0.6,non-BSA,6.0,2026-08-27 17:07:13.722,4,40.908
0.6 BACK/NON BSA/6 hrs/PXL_20260827_170728483.jpg,0.6,non-BSA,6.0,2026-08-27 17:07:28.483,5,14.761
0.6 BACK/NON BSA/6 hrs/PXL_20260827_170817720.jpg,0.6,non-BSA,6.0,2026-08-27 17:08:17.720,6,49.237
0.6 BACK/NON BSA/6 hrs/PXL_20260827_172011585.jpg,0.6,non-BSA,6.0,2026-08-27 17:20:11.585,7,713.865
0.6 BACK/NON BSA/6 hrs/PXL_20260827_172030214.jpg,0.6,non-BSA,6.0,2026-08-27 17:20:30.214,8,18.629
0.6 BACK/NON BSA/6 hrs/PXL_20260827_172053476.jpg,0.6,non-BSA,6.0,2026-08-27 17:20:53.476,9,23.262
0.6 BACK/NON BSA/6 hrs/PXL_20260827_172136542.jpg,0.6,non-BSA,6.0,2026-08-27 17:21:36.542,10,43.066
0.6 BACK/NON BSA/6 hrs/PXL_20260827_172153918.jpg,0.6,non-BSA,6.0,2026-08-27 17:21:53.918,11,17.376
0.6 BACK/NON BSA/6 hrs/PXL_20260827_172208411.jpg,0.6,non-BSA,6.0,2026-08-27 17:22:08.411,12,14.493
0.6 BACK/NON BSA/7.5 hrs/PXL_20260827_183958875.jpg,0.6,non-BSA,7.5,2026-08-27 18:39:58.875,1,
0.6 BACK/NON BSA/7.5 hrs/PXL_20260827_184030941.jpg,0.6,non-BSA,7.5,2026-08-27 18:40:30.941,2,32.066
0.6 BACK/NON BSA/7.5 hrs/PXL_20260827_184053030.jpg,0.6,non-BSA,7.5,2026-08-27 18:40:53.030,3,22.089
0.6 BACK/NON BSA/7.5 hrs/PXL_20260827_184130274.jpg,0.6,non-BSA,7.5,2026-08-27 18:41:30.274,4,37.244
0.6 BACK/NON BSA/7.5 hrs/PXL_20260827_184155173.jpg,0.6,non-BSA,7.5,2026-08-27 18:41:55.173,5,24.899
0.6 BACK/NON BSA/7.5 hrs/PXL_20260827_184211163.jpg,0.6,non-BSA,7.5,2026-08-27 18:42:11.163,6,15.99
0.6 BACK/NON BSA/7.5 hrs/PXL_20260827_185342484.jpg,0.6,non-BSA,7.5,2026-08-27 18:53:42.484,7,691.321
0.6 BACK/NON BSA/7.5 hrs/PXL_20260827_185358682.jpg,0.6,non-BSA,7.5,2026-08-27 18:53:58.682,8,16.198
0.6 BACK/NON BSA/7.5 hrs/PXL_20260827_185412956.jpg,0.6,non-BSA,7.5,2026-08-27 18:54:12.956,9,14.274
0.6 BACK/NON BSA/7.5 hrs/PXL_20260827_185453614.jpg,0.6,non-BSA,7.5,2026-08-27 18:54:53.614,10,40.658
0.6 BACK/NON BSA/7.5 hrs/PXL_20260827_185509964.jpg,0.6,non-BSA,7.5,2026-08-27 18:55:09.964,11,16.35
0.6 BACK/NON BSA/7.5 hrs/PXL_20260827_185524974.jpg,0.6,non-BSA,7.5,2026-08-27 18:55:24.974,12,15.01
0.6 BACK/NON BSA/9 hrs/PXL_20260827_200750256.jpg,0.6,non-BSA,9.0,2026-08-27 20:07:50.256,1,
0.6 BACK/NON BSA/9 hrs/PXL_20260827_200800276.jpg,0.6,non-BSA,9.0,2026-08-27 20:08:00.276,2,10.02
0.6 BACK/NON BSA/9 hrs/PXL_20260827_200812542.jpg,0.6,non-BSA,9.0,2026-08-27 20:08:12.542,3,12.266
0.6 BACK/NON BSA/9 hrs/PXL_20260827_200838211.jpg,0.6,non-BSA,9.0,2026-08-27 20:08:38.211,4,25.669
0.6 BACK/NON BSA/9 hrs/PXL_20260827_200854136.jpg,0.6,non-BSA,9.0,2026-08-27 20:08:54.136,5,15.925
0.6 BACK/NON BSA/9 hrs/PXL_20260827_200915546.jpg,0.6,non-BSA,9.0,2026-08-27 20:09:15.546,6,21.41
0.6 BACK/NON BSA/9 hrs/PXL_20260827_201949812.jpg,0.6,non-BSA,9.0,2026-08-27 20:19:49.812,7,634.266
0.6 BACK/NON BSA/9 hrs/PXL_20260827_202008369.jpg,0.6,non-BSA,9.0,2026-08-27 20:20:08.369,8,18.557
0.6 BACK/NON BSA/9 hrs/PXL_20260827_202022101.jpg,0.6,non-BSA,9.0,2026-08-27 20:20:22.101,9,13.732
0.6 BACK/NON BSA/9 hrs/PXL_20260827_202056814.jpg,0.6,non-BSA,9.0,2026-08-27 20:20:56.814,10,34.713
0.6 BACK/NON BSA/9 hrs/PXL_20260827_202112888.jpg,0.6,non-BSA,9.0,2026-08-27 20:21:12.888,11,16.074
0.6 BACK/NON BSA/9 hrs/PXL_20260827_202131901.jpg,0.6,non-BSA,9.0,2026-08-27 20:21:31.901,12,19.013
0.6 BACK/NON BSA/10.5 hrs/PXL_20260827_213400683.jpg,0.6,non-BSA,10.5,2026-08-27 21:34:00.683,1,
0.6 BACK/NON BSA/10.5 hrs/PXL_20260827_213411865.jpg,0.6,non-BSA,10.5,2026-08-27 21:34:11.865,2,11.182
0.6 BACK/NON BSA/10.5 hrs/PXL_20260827_213424339.jpg,0.6,non-BSA,10.5,2026-08-27 21:34:24.339,3,12.474
0.6 BACK/NON BSA/10.5 hrs/PXL_20260827_213446676.jpg,0.6,non-BSA,10.5,2026-08-27 21:34:46.676,4,22.337
0.6 BACK/NON BSA/10.5 hrs/PXL_20260827_213525211.jpg,0.6,non-BSA,10.5,2026-08-27 21:35:25.211,5,38.535
0.6 BACK/NON BSA/10.5 hrs/PXL_20260827_213610316.jpg,0.6,non-BSA,10.5,2026-08-27 21:36:10.316,6,45.105
0.6 BACK/NON BSA/10.5 hrs/PXL_20260827_214659787.jpg,0.6,non-BSA,10.5,2026-08-27 21:46:59.787,7,649.471
0.6 BACK/NON BSA/10.5 hrs/PXL_20260827_214717529.jpg,0.6,non-BSA,10.5,2026-08-27 21:47:17.529,8,17.742
0.6 BACK/NON BSA/10.5 hrs/PXL_20260827_214741580.jpg,0.6,non-BSA,10.5,2026-08-27 21:47:41.580,9,24.051
0.6 BACK/NON BSA/10.5 hrs/PXL_20260827_214833692.jpg,0.6,non-BSA,10.5,2026-08-27 21:48:33.692,10,52.112
0.6 BACK/NON BSA/10.5 hrs/PXL_20260827_214846845.jpg,0.6,non-BSA,10.5,2026-08-27 21:48:46.845,11,13.153
0.6 BACK/NON BSA/10.5 hrs/PXL_20260827_214857761.jpg,0.6,non-BSA,10.5,2026-08-27 21:48:57.761,12,10.916
0.6 BACK/NON BSA/12 hrs/PXL_20260827_225710934.jpg,0.6,non-BSA,12.0,2026-08-27 22:57:10.934,1,
0.6 BACK/NON BSA/12 hrs/PXL_20260827_225741485.jpg,0.6,non-BSA,12.0,2026-08-27 22:57:41.485,2,30.551
0.6 BACK/NON BSA/12 hrs/PXL_20260827_225825698.jpg,0.6,non-BSA,12.0,2026-08-27 22:58:25.698,3,44.213
0.6 BACK/NON BSA/12 hrs/PXL_20260827_225855047.jpg,0.6,non-BSA,12.0,2026-08-27 22:58:55.047,4,29.349
0.6 BACK/NON BSA/12 hrs/PXL_20260827_225905696.jpg,0.6,non-BSA,12.0,2026-08-27 22:59:05.696,5,10.649
0.6 BACK/NON BSA/12 hrs/PXL_20260827_225925599.jpg,0.6,non-BSA,12.0,2026-08-27 22:59:25.599,6,19.903
0.6 BACK/NON BSA/12 hrs/PXL_20260827_231002599.jpg,0.6,non-BSA,12.0,2026-08-27 23:10:02.599,7,637.0
0.6 BACK/NON BSA/12 hrs/PXL_20260827_231041431.jpg,0.6,non-BSA,12.0,2026-08-27 23:10:41.431,8,38.832
0.6 BACK/NON BSA/12 hrs/PXL_20260827_231103164.jpg,0.6,non-BSA,12.0,2026-08-27 23:11:03.164,9,21.733
0.6 BACK/NON BSA/12 hrs/PXL_20260827_231147704.jpg,0.6,non-BSA,12.0,2026-08-27 23:11:47.704,10,44.54
0.6 BACK/NON BSA/12 hrs/PXL_20260827_231211243.jpg,0.6,non-BSA,12.0,2026-08-27 23:12:11.243,11,23.539
0.6 BACK/NON BSA/12 hrs/PXL_20260827_231232825.jpg,0.6,non-BSA,12.0,2026-08-27 23:12:32.825,12,21.582
0.6 BACK/NON BSA/21.5 hrs/PXL_20260828_084153934.jpg,0.6,non-BSA,21.5,2026-08-28 08:41:53.934,1,
0.6 BACK/NON BSA/21.5 hrs/PXL_20260828_084231375.jpg,0.6,non-BSA,21.5,2026-08-28 08:42:31.375,2,37.441
0.6 BACK/NON BSA/21.5 hrs/PXL_20260828_084249640.jpg,0.6,non-BSA,21.5,2026-08-28 08:42:49.640,3,18.265
0.6 BACK/NON BSA/21.5 hrs/PXL_20260828_084327210.jpg,0.6,non-BSA,21.5,2026-08-28 08:43:27.210,4,37.57
0.6 BACK/NON BSA/21.5 hrs/PXL_20260828_084402659.jpg,0.6,non-BSA,21.5,2026-08-28 08:44:02.659,5,35.449
0.6 BACK/NON BSA/21.5 hrs/PXL_20260828_084427580.jpg,0.6,non-BSA,21.5,2026-08-28 08:44:27.580,6,24.921
0.6 BACK/NON BSA/21.5 hrs/PXL_20260828_085720753.jpg,0.6,non-BSA,21.5,2026-08-28 08:57:20.753,7,773.173
0.6 BACK/NON BSA/21.5 hrs/PXL_20260828_085734553.jpg,0.6,non-BSA,21.5,2026-08-28 08:57:34.553,8,13.8
0.6 BACK/NON BSA/21.5 hrs/PXL_20260828_085758291.jpg,0.6,non-BSA,21.5,2026-08-28 08:57:58.291,9,23.738
0.6 BACK/NON BSA/21.5 hrs/PXL_20260828_085932728.jpg,0.6,non-BSA,21.5,2026-08-28 08:59:32.728,10,94.437
0.6 BACK/NON BSA/21.5 hrs/PXL_20260828_085941905.jpg,0.6,non-BSA,21.5,2026-08-28 08:59:41.905,11,9.177
0.6 BACK/NON BSA/21.5 hrs/PXL_20260828_085953523.jpg,0.6,non-BSA,21.5,2026-08-28 08:59:53.523,12,11.618
