idx,path,status,n_red_boxes
0,0.4 BACK/BSA /0 hrs/PXL_20260827_105952935.jpg,ok,2
1,0.4 BACK/BSA /0 hrs/PXL_20260827_110002745.jpg,ok,4
2,0.4 BACK/BSA /0 hrs/PXL_20260827_110019044.jpg,ok,1
3,0.4 BACK/BSA /0 hrs/PXL_20260827_110034990.jpg,ok,4
4,0.4 BACK/BSA /0 hrs/PXL_20260827_110102715.jpg,ok,6
5,0.4 BACK/BSA /0 hrs/PXL_20260827_110116866.jpg,ok,5
6,0.4 BACK/BSA /0 hrs/PXL_20260827_110153818.jpg,ok,3
7,0.4 BACK/BSA /0 hrs/PXL_20260827_110206745.jpg,ok,6
8,0.4 BACK/BSA /0 hrs/PXL_20260827_110231153.jpg,ok,2
9,0.4 BACK/BSA /0 hrs/PXL_20260827_110306442.jpg,ok,6
10,0.4 BACK/BSA /0 hrs/PXL_20260827_110330217.jpg,ok,2
11,0.4 BACK/BSA /0 hrs/PXL_20260827_110342332.jpg,ok,6
12,0.4 BACK/BSA /0 hrs/PXL_20260827_111857577.jpg,ok,4
13,0.4 BACK/BSA /0 hrs/PXL_20260827_111911378.jpg,ok,4
14,0.4 BACK/BSA /0 hrs/PXL_20260827_111922134.jpg,ok,5
15,0.4 BACK/BSA /0 hrs/PXL_20260827_111958369.jpg,ok,4
16,0.4 BACK/BSA /0 hrs/PXL_20260827_112010799.jpg,ok,3
17,0.4 BACK/BSA /0 hrs/PXL_20260827_112023671.jpg,ok,3
18,0.4 BACK/BSA /1 hr/PXL_20260827_115925184.jpg,ok,5
19,0.4 BACK/BSA /1 hr/PXL_20260827_115945016.jpg,ok,7
20,0.4 BACK/BSA /1 hr/PXL_20260827_120002840.jpg,ok,4
21,0.4 BACK/BSA /1 hr/PXL_20260827_120047147.jpg,ok,7
22,0.4 BACK/BSA /1 hr/PXL_20260827_120119038.jpg,ok,6
23,0.4 BACK/BSA /1 hr/PXL_20260827_120150138.jpg,ok,7
24,0.4 BACK/BSA /1 hr/PXL_20260827_122705761.jpg,ok,3
25,0.4 BACK/BSA /1 hr/PXL_20260827_122734968.jpg,ok,2
26,0.4 BACK/BSA /1 hr/PXL_20260827_122744189.jpg,ok,3
27,0.4 BACK/BSA /1 hr/PXL_20260827_122832842.jpg,ok,3
28,0.4 BACK/BSA /1 hr/PXL_20260827_122843086.jpg,ok,4
29,0.4 BACK/BSA /1 hr/PXL_20260827_122855242.jpg,ok,4
30,0.4 BACK/BSA /2 hrs/PXL_20260827_130009858.jpg,ok,4
31,0.4 BACK/BSA /2 hrs/PXL_20260827_130026427.jpg,ok,4
32,0.4 BACK/BSA /2 hrs/PXL_20260827_130038764.jpg,ok,5
33,0.4 BACK/BSA /2 hrs/PXL_20260827_130059098.jpg,ok,10
34,0.4 BACK/BSA /2 hrs/PXL_20260827_130150501.jpg,ok,8
35,0.4 BACK/BSA /2 hrs/PXL_20260827_130211361.jpg,ok,7
36,0.4 BACK/BSA /2 hrs/PXL_20260827_130921105.jpg,ok,3
37,0.4 BACK/BSA /2 hrs/PXL_20260827_130934442.jpg,ok,4
38,0.4 BACK/BSA /2 hrs/PXL_20260827_130947178.jpg,ok,4
39,0.4 BACK/BSA /2 hrs/PXL_20260827_131022788.jpg,ok,5
40,0.4 BACK/BSA /2 hrs/PXL_20260827_131053843.jpg,ok,6
41,0.4 BACK/BSA /2 hrs/PXL_20260827_131108317.jpg,ok,6
42,0.4 BACK/BSA /3 hrs/PXL_20260827_140036920.jpg,ok,8
43,0.4 BACK/BSA /3 hrs/PXL_20260827_140103421.jpg,ok,9
44,0.4 BACK/BSA /3 hrs/PXL_20260827_140120698.jpg,ok,5
45,0.4 BACK/BSA /3 hrs/PXL_20260827_140201460.jpg,ok,10
46,0.4 BACK/BSA /3 hrs/PXL_20260827_140221550.jpg,ok,10
47,0.4 BACK/BSA /3 hrs/PXL_20260827_140239140.jpg,ok,9
48,0.4 BACK/BSA /3 hrs/PXL_20260827_141133525.jpg,ok,7
49,0.4 BACK/BSA /3 hrs/PXL_20260827_141149845.jpg,ok,5
50,0.4 BACK/BSA /3 hrs/PXL_20260827_141205431.jpg,ok,8
51,0.4 BACK/BSA /3 hrs/PXL_20260827_141246717.jpg,ok,7
52,0.4 BACK/BSA /3 hrs/PXL_20260827_141303064.jpg,ok,7
53,0.4 BACK/BSA /3 hrs/PXL_20260827_141315863.jpg,ok,7
54,0.4 BACK/BSA /4 hrs/PXL_20260827_150005371.jpg,ok,6
55,0.4 BACK/BSA /4 hrs/PXL_20260827_150017709.jpg,ok,9
56,0.4 BACK/BSA /4 hrs/PXL_20260827_150028939.jpg,ok,5
57,0.4 BACK/BSA /4 hrs/PXL_20260827_150054406.jpg,ok,6
58,0.4 BACK/BSA /4 hrs/PXL_20260827_150105866.jpg,ok,10
59,0.4 BACK/BSA /4 hrs/PXL_20260827_150116480.jpg,ok,9
60,0.4 BACK/BSA /4 hrs/PXL_20260827_150811889.jpg,ok,11
61,0.4 BACK/BSA /4 hrs/PXL_20260827_150838625.jpg,ok,14
62,0.4 BACK/BSA /4 hrs/PXL_20260827_150920550.jpg,ok,14
63,0.4 BACK/BSA /4 hrs/PXL_20260827_151033662.jpg,ok,12
64,0.4 BACK/BSA /4 hrs/PXL_20260827_151051580.jpg,ok,12
65,0.4 BACK/BSA /4 hrs/PXL_20260827_151124234.jpg,ok,10
66,0.4 BACK/BSA /5 hrs/PXL_20260827_160008770.jpg,ok,6
67,0.4 BACK/BSA /5 hrs/PXL_20260827_160047730.jpg,ok,7
68,0.4 BACK/BSA /5 hrs/PXL_20260827_160135824.jpg,ok,5
69,0.4 BACK/BSA /5 hrs/PXL_20260827_160210863.jpg,ok,9
70,0.4 BACK/BSA /5 hrs/PXL_20260827_160230062.jpg,ok,9
71,0.4 BACK/BSA /5 hrs/PXL_20260827_160253514.jpg,ok,8
72,0.4 BACK/BSA /5 hrs/PXL_20260827_161220882.jpg,ok,12
73,0.4 BACK/BSA /5 hrs/PXL_20260827_161235718.jpg,ok,9
74,0.4 BACK/BSA /5 hrs/PXL_20260827_161250168.jpg,ok,12
75,0.4 BACK/BSA /5 hrs/PXL_20260827_161439934.jpg,ok,10
76,0.4 BACK/BSA /5 hrs/PXL_20260827_161450929.jpg,ok,11
77,0.4 BACK/BSA /5 hrs/PXL_20260827_161508070.jpg,ok,14
78,0.4 BACK/BSA /6 hrs/PXL_20260827_170007538.jpg,ok,8
79,0.4 BACK/BSA /6 hrs/PXL_20260827_170018323.jpg,ok,8
80,0.4 BACK/BSA /6 hrs/PXL_20260827_170030841.jpg,ok,7
81,0.4 BACK/BSA /6 hrs/PXL_20260827_170107004.jpg,ok,8
82,0.4 BACK/BSA /6 hrs/PXL_20260827_170125897.jpg,ok,9
83,0.4 BACK/BSA /6 hrs/PXL_20260827_170145687.jpg,ok,10
84,0.4 BACK/BSA /6 hrs/PXL_20260827_170935647.jpg,ok,15
85,0.4 BACK/BSA /6 hrs/PXL_20260827_170948030.jpg,ok,8
86,0.4 BACK/BSA /6 hrs/PXL_20260827_171001972.jpg,ok,11
87,0.4 BACK/BSA /6 hrs/PXL_20260827_171142647.jpg,ok,12
88,0.4 BACK/BSA /6 hrs/PXL_20260827_171208934.jpg,ok,11
89,0.4 BACK/BSA /6 hrs/PXL_20260827_171225691.jpg,ok,9
90,0.4 BACK/BSA /7.5 hrs/PXL_20260827_183335799.jpg,ok,6
91,0.4 BACK/BSA /7.5 hrs/PXL_20260827_183350966.jpg,ok,6
92,0.4 BACK/BSA /7.5 hrs/PXL_20260827_183407031.jpg,ok,5
93,0.4 BACK/BSA /7.5 hrs/PXL_20260827_183425721.jpg,ok,9
94,0.4 BACK/BSA /7.5 hrs/PXL_20260827_183440589.jpg,ok,9
95,0.4 BACK/BSA /7.5 hrs/PXL_20260827_183456913.jpg,ok,10
96,0.4 BACK/BSA /7.5 hrs/PXL_20260827_184337899.jpg,ok,10
97,0.4 BACK/BSA /7.5 hrs/PXL_20260827_184408057.jpg,ok,10
98,0.4 BACK/BSA /7.5 hrs/PXL_20260827_184435496.jpg,ok,14
99,0.4 BACK/BSA /7.5 hrs/PXL_20260827_184537917.jpg,ok,12
100,0.4 BACK/BSA /7.5 hrs/PXL_20260827_184558349.jpg,ok,11
101,0.4 BACK/BSA /7.5 hrs/PXL_20260827_184632327.jpg,ok,9
102,0.4 BACK/BSA /9 hrs/PXL_20260827_200152931.jpg,ok,7
103,0.4 BACK/BSA /9 hrs/PXL_20260827_200201908.jpg,ok,6
104,0.4 BACK/BSA /9 hrs/PXL_20260827_200214496.jpg,ok,5
105,0.4 BACK/BSA /9 hrs/PXL_20260827_200238921.jpg,ok,7
106,0.4 BACK/BSA /9 hrs/PXL_20260827_200252970.jpg,ok,8
107,0.4 BACK/BSA /9 hrs/PXL_20260827_200304333.jpg,ok,8
108,0.4 BACK/BSA /9 hrs/PXL_20260827_201024422.jpg,ok,11
109,0.4 BACK/BSA /9 hrs/PXL_20260827_201054033.jpg,ok,10
110,0.4 BACK/BSA /9 hrs/PXL_20260827_201108212.jpg,ok,11
111,0.4 BACK/BSA /9 hrs/PXL_20260827_201144268.jpg,ok,12
112,0.4 BACK/BSA /9 hrs/PXL_20260827_201201700.jpg,ok,11
113,0.4 BACK/BSA /9 hrs/PXL_20260827_201218730.jpg,ok,9
114,0.4 BACK/BSA /10.5 hrs/PXL_20260827_213045960.jpg,ok,7
115,0.4 BACK/BSA /10.5 hrs/PXL_20260827_213055749.jpg,ok,7
116,0.4 BACK/BSA /10.5 hrs/PXL_20260827_213105102.jpg,ok,7
117,0.4 BACK/BSA /10.5 hrs/PXL_20260827_213124369.jpg,ok,7
118,0.4 BACK/BSA /10.5 hrs/PXL_20260827_213138382.jpg,ok,8
119,0.4 BACK/BSA /10.5 hrs/PXL_20260827_213150381.jpg,ok,8
120,0.4 BACK/BSA /10.5 hrs/PXL_20260827_213914517.jpg,ok,12
121,0.4 BACK/BSA /10.5 hrs/PXL_20260827_213937518.jpg,ok,9
122,0.4 BACK/BSA /10.5 hrs/PXL_20260827_214001661.jpg,ok,13
123,0.4 BACK/BSA /10.5 hrs/PXL_20260827_214113836.jpg,ok,12
124,0.4 BACK/BSA /10.5 hrs/PXL_20260827_214122429.jpg,ok,11
125,0.4 BACK/BSA /10.5 hrs/PXL_20260827_214140704.jpg,ok,8
126,0.4 BACK/BSA /12 hrs/PXL_20260827_225111295.jpg,ok,8
127,0.4 BACK/BSA /12 hrs/PXL_20260827_225128130.jpg,ok,6
128,0.4 BACK/BSA /12 hrs/PXL_20260827_225136462.jpg,ok,4
129,0.4 BACK/BSA /12 hrs/PXL_20260827_225207698.jpg,ok,7
130,0.4 BACK/BSA /12 hrs/PXL_20260827_225223463.jpg,ok,9
131,0.4 BACK/BSA /12 hrs/PXL_20260827_225241172.jpg,ok,9
132,0.4 BACK/BSA /12 hrs/PXL_20260827_230158577.jpg,ok,12
133,0.4 BACK/BSA /12 hrs/PXL_20260827_230218470.jpg,ok,8
134,0.4 BACK/BSA /12 hrs/PXL_20260827_230236136.jpg,ok,11
135,0.4 BACK/BSA /12 hrs/PXL_20260827_230436274.jpg,ok,11
136,0.4 BACK/BSA /12 hrs/PXL_20260827_230445293.jpg,ok,11
137,0.4 BACK/BSA /12 hrs/PXL_20260827_230456636.jpg,ok,8
138,0.4 BACK/BSA /21.5 hrs/PXL_20260828_082806000.jpg,ok,8
139,0.4 BACK/BSA /21.5 hrs/PXL_20260828_082842334.jpg,ok,6
140,0.4 BACK/BSA /21.5 hrs/PXL_20260828_082921987.jpg,ok,8
141,0.4 BACK/BSA /21.5 hrs/PXL_20260828_083009673.jpg,ok,10
142,0.4 BACK/BSA /21.5 hrs/PXL_20260828_083120420.jpg,ok,10
143,0.4 BACK/BSA /21.5 hrs/PXL_20260828_083151570.jpg,ok,8
144,0.4 BACK/BSA /21.5 hrs/PXL_20260828_084802553.jpg,ok,9
145,0.4 BACK/BSA /21.5 hrs/PXL_20260828_084818395.jpg,ok,8
146,0.4 BACK/BSA /21.5 hrs/PXL_20260828_084832324.jpg,ok,12
147,0.4 BACK/BSA /21.5 hrs/PXL_20260828_084917810.jpg,ok,10
148,0.4 BACK/BSA /21.5 hrs/PXL_20260828_084935517.jpg,ok,10
149,0.4 BACK/BSA /21.5 hrs/PXL_20260828_084951875.jpg,ok,6
150,0.4 BACK/NON-BSA/0 hrs/PXL_20260827_110536317.jpg,ok,2
151,0.4 BACK/NON-BSA/0 hrs/PXL_20260827_110545377.jpg,ok,5
152,0.4 BACK/NON-BSA/0 hrs/PXL_20260827_110604764.jpg,ok,2
153,0.4 BACK/NON-BSA/0 hrs/PXL_20260827_110659452.jpg,ok,7
154,0.4 BACK/NON-BSA/0 hrs/PXL_20260827_110714060.jpg,ok,3
155,0.4 BACK/NON-BSA/0 hrs/PXL_20260827_110726354.jpg,ok,6
156,0.4 BACK/NON-BSA/0 hrs/PXL_20260827_110751175.jpg,ok,2
157,0.4 BACK/NON-BSA/0 hrs/PXL_20260827_110817323.jpg,ok,1
158,0.4 BACK/NON-BSA/0 hrs/PXL_20260827_110903525.jpg,ok,6
159,0.4 BACK/NON-BSA/0 hrs/PXL_20260827_110927470.jpg,ok,7
160,0.4 BACK/NON-BSA/0 hrs/PXL_20260827_110947262.jpg,ok,3
161,0.4 BACK/NON-BSA/0 hrs/PXL_20260827_111007893.jpg,ok,7
162,0.4 BACK/NON-BSA/0 hrs/PXL_20260827_112533489.jpg,ok,2
163,0.4 BACK/NON-BSA/0 hrs/PXL_20260827_112546168.jpg,ok,4
164,0.4 BACK/NON-BSA/0 hrs/PXL_20260827_112559212.jpg,ok,2
165,0.4 BACK/NON-BSA/0 hrs/PXL_20260827_112620541.jpg,ok,2
166,0.4 BACK/NON-BSA/0 hrs/PXL_20260827_112646561.jpg,ok,3
167,0.4 BACK/NON-BSA/0 hrs/PXL_20260827_112700417.jpg,ok,4
168,0.4 BACK/NON-BSA/1 hr/PXL_20260827_120518476.jpg,ok,4
169,0.4 BACK/NON-BSA/1 hr/PXL_20260827_120551565.jpg,ok,5
170,0.4 BACK/NON-BSA/1 hr/PXL_20260827_120614481.jpg,ok,7
171,0.4 BACK/NON-BSA/1 hr/PXL_20260827_120647663.jpg,ok,7
172,0.4 BACK/NON-BSA/1 hr/PXL_20260827_120711718.jpg,ok,7
173,0.4 BACK/NON-BSA/1 hr/PXL_20260827_120730635.jpg,ok,9
174,0.4 BACK/NON-BSA/1 hr/PXL_20260827_122925816.jpg,ok,2
175,0.4 BACK/NON-BSA/1 hr/PXL_20260827_122938669.jpg,ok,3
176,0.4 BACK/NON-BSA/1 hr/PXL_20260827_122950353.jpg,ok,2
177,0.4 BACK/NON-BSA/1 hr/PXL_20260827_123024008.jpg,ok,2
178,0.4 BACK/NON-BSA/1 hr/PXL_20260827_123037269.jpg,ok,3
179,0.4 BACK/NON-BSA/1 hr/PXL_20260827_123050149.jpg,ok,4
180,0.4 BACK/NON-BSA/2 hrs/PXL_20260827_130235088.jpg,ok,6
181,0.4 BACK/NON-BSA/2 hrs/PXL_20260827_130248752.jpg,ok,5
182,0.4 BACK/NON-BSA/2 hrs/PXL_20260827_130304256.jpg,ok,9
183,0.4 BACK/NON-BSA/2 hrs/PXL_20260827_130347736.jpg,ok,6
184,0.4 BACK/NON-BSA/2 hrs/PXL_20260827_130402083.jpg,ok,6
185,0.4 BACK/NON-BSA/2 hrs/PXL_20260827_130411918.jpg,ok,7
186,0.4 BACK/NON-BSA/2 hrs/PXL_20260827_131147754.jpg,ok,2
187,0.4 BACK/NON-BSA/2 hrs/PXL_20260827_131159395.jpg,ok,3
188,0.4 BACK/NON-BSA/2 hrs/PXL_20260827_131210175.jpg,ok,2
189,0.4 BACK/NON-BSA/2 hrs/PXL_20260827_131246105.jpg,ok,2
190,0.4 BACK/NON-BSA/2 hrs/PXL_20260827_131300819.jpg,ok,3
191,0.4 BACK/NON-BSA/2 hrs/PXL_20260827_131317699.jpg,ok,4
192,0.4 BACK/NON-BSA/3 hrs/PXL_20260827_140347293.jpg,ok,4
193,0.4 BACK/NON-BSA/3 hrs/PXL_20260827_140411381.jpg,ok,7
194,0.4 BACK/NON-BSA/3 hrs/PXL_20260827_140429778.jpg,ok,7
195,0.4 BACK/NON-BSA/3 hrs/PXL_20260827_140510028.jpg,ok,6
196,0.4 BACK/NON-BSA/3 hrs/PXL_20260827_140524052.jpg,ok,4
197,0.4 BACK/NON-BSA/3 hrs/PXL_20260827_140546913.jpg,ok,6
198,0.4 BACK/NON-BSA/3 hrs/PXL_20260827_141418132.jpg,ok,2
199,0.4 BACK/NON-BSA/3 hrs/PXL_20260827_141432809.jpg,ok,3
200,0.4 BACK/NON-BSA/3 hrs/PXL_20260827_141452211.jpg,ok,2
201,0.4 BACK/NON-BSA/3 hrs/PXL_20260827_141529962.jpg,ok,2
202,0.4 BACK/NON-BSA/3 hrs/PXL_20260827_141553992.jpg,ok,3
203,0.4 BACK/NON-BSA/3 hrs/PXL_20260827_141611900.jpg,ok,4
204,0.4 BACK/NON-BSA/4 hrs/PXL_20260827_150147330.jpg,ok,6
205,0.4 BACK/NON-BSA/4 hrs/PXL_20260827_150204790.jpg,ok,7
206,0.4 BACK/NON-BSA/4 hrs/PXL_20260827_150216136.jpg,ok,8
207,0.4 BACK/NON-BSA/4 hrs/PXL_20260827_150239457.jpg,ok,7
208,0.4 BACK/NON-BSA/4 hrs/PXL_20260827_150248732.jpg,ok,5
209,0.4 BACK/NON-BSA/4 hrs/PXL_20260827_150258576.jpg,ok,7
210,0.4 BACK/NON-BSA/4 hrs/PXL_20260827_151227412.jpg,ok,8
211,0.4 BACK/NON-BSA/4 hrs/PXL_20260827_151249426.jpg,ok,9
212,0.4 BACK/NON-BSA/4 hrs/PXL_20260827_151309212.jpg,ok,7
213,0.4 BACK/NON-BSA/4 hrs/PXL_20260827_151351770.jpg,ok,9
214,0.4 BACK/NON-BSA/4 hrs/PXL_20260827_151410950.jpg,ok,10
215,0.4 BACK/NON-BSA/4 hrs/PXL_20260827_151428327.jpg,ok,10
216,0.4 BACK/NON-BSA/5 hrs/PXL_20260827_160318612.jpg,ok,4
217,0.4 BACK/NON-BSA/5 hrs/PXL_20260827_160341708.jpg,ok,6
218,0.4 BACK/NON-BSA/5 hrs/PXL_20260827_160353469.jpg,ok,8
219,0.4 BACK/NON-BSA/5 hrs/PXL_20260827_160422535.jpg,ok,6
220,0.4 BACK/NON-BSA/5 hrs/PXL_20260827_160442372.jpg,ok,5
221,0.4 BACK/NON-BSA/5 hrs/PXL_20260827_160504640.jpg,ok,6
222,0.4 BACK/NON-BSA/5 hrs/PXL_20260827_161607611.jpg,ok,8
223,0.4 BACK/NON-BSA/5 hrs/PXL_20260827_161640724.jpg,ok,8
224,0.4 BACK/NON-BSA/5 hrs/PXL_20260827_161701068.jpg,ok,8
225,0.4 BACK/NON-BSA/5 hrs/PXL_20260827_161739748.jpg,ok,8
226,0.4 BACK/NON-BSA/5 hrs/PXL_20260827_161808896.jpg,ok,9
227,0.4 BACK/NON-BSA/5 hrs/PXL_20260827_161955201.jpg,ok,10
228,0.4 BACK/NON-BSA/6 hrs/PXL_20260827_170217290.jpg,ok,4
229,0.4 BACK/NON-BSA/6 hrs/PXL_20260827_170227014.jpg,ok,6
230,0.4 BACK/NON-BSA/6 hrs/PXL_20260827_170244858.jpg,ok,7
231,0.4 BACK/NON-BSA/6 hrs/PXL_20260827_170322668.jpg,ok,6
232,0.4 BACK/NON-BSA/6 hrs/PXL_20260827_170334693.jpg,ok,5
233,0.4 BACK/NON-BSA/6 hrs/PXL_20260827_170347700.jpg,ok,8
234,0.4 BACK/NON-BSA/6 hrs/PXL_20260827_171311387.jpg,ok,8
235,0.4 BACK/NON-BSA/6 hrs/PXL_20260827_171345305.jpg,ok,8
236,0.4 BACK/NON-BSA/6 hrs/PXL_20260827_171403935.jpg,ok,9
237,0.4 BACK/NON-BSA/6 hrs/PXL_20260827_171511697.jpg,ok,8
238,0.4 BACK/NON-BSA/6 hrs/PXL_20260827_171534992.jpg,ok,9
239,0.4 BACK/NON-BSA/6 hrs/PXL_20260827_171554256.jpg,ok,10
240,0.4 BACK/NON-BSA/7.5 hrs/PXL_20260827_183529860.jpg,ok,5
241,0.4 BACK/NON-BSA/7.5 hrs/PXL_20260827_183541282.jpg,ok,6
242,0.4 BACK/NON-BSA/7.5 hrs/PXL_20260827_183558074.jpg,ok,7
243,0.4 BACK/NON-BSA/7.5 hrs/PXL_20260827_183626993.jpg,ok,4
244,0.4 BACK/NON-BSA/7.5 hrs/PXL_20260827_183649132.jpg,ok,5
245,0.4 BACK/NON-BSA/7.5 hrs/PXL_20260827_183710931.jpg,ok,7
246,0.4 BACK/NON-BSA/7.5 hrs/PXL_20260827_184742008.jpg,ok,7
247,0.4 BACK/NON-BSA/7.5 hrs/PXL_20260827_184826971.jpg,ok,9
248,0.4 BACK/NON-BSA/7.5 hrs/PXL_20260827_184847778.jpg,ok,7
249,0.4 BACK/NON-BSA/7.5 hrs/PXL_20260827_184942250.jpg,ok,8
250,0.4 BACK/NON-BSA/7.5 hrs/PXL_20260827_184959438.jpg,ok,9
251,0.4 BACK/NON-BSA/7.5 hrs/PXL_20260827_185016191.jpg,ok,10
252,0.4 BACK/NON-BSA/9 hrs/PXL_20260827_200337239.jpg,ok,4
253,0.4 BACK/NON-BSA/9 hrs/PXL_20260827_200348063.jpg,ok,7
254,0.4 BACK/NON-BSA/9 hrs/PXL_20260827_200405127.jpg,ok,7
255,0.4 BACK/NON-BSA/9 hrs/PXL_20260827_200428529.jpg,ok,5
256,0.4 BACK/NON-BSA/9 hrs/PXL_20260827_200440659.jpg,ok,5
257,0.4 BACK/NON-BSA/9 hrs/PXL_20260827_200449798.jpg,ok,6
258,0.4 BACK/NON-BSA/9 hrs/PXL_20260827_201355263.jpg,ok,8
259,0.4 BACK/NON-BSA/9 hrs/PXL_20260827_201429802.jpg,ok,10
260,0.4 BACK/NON-BSA/9 hrs/PXL_20260827_201459954.jpg,ok,9
261,0.4 BACK/NON-BSA/9 hrs/PXL_20260827_201532090.jpg,ok,8
262,0.4 BACK/NON-BSA/9 hrs/PXL_20260827_201555766.jpg,ok,9
263,0.4 BACK/NON-BSA/9 hrs/PXL_20260827_201606310.jpg,ok,10
264,0.4 BACK/NON-BSA/10.5 hrs/PXL_20260827_213208705.jpg,ok,4
265,0.4 BACK/NON-BSA/10.5 hrs/PXL_20260827_213229527.jpg,ok,6
266,0.4 BACK/NON-BSA/10.5 hrs/PXL_20260827_213237249.jpg,ok,8
267,0.4 BACK/NON-BSA/10.5 hrs/PXL_20260827_213300267.jpg,ok,5
268,0.4 BACK/NON-BSA/10.5 hrs/PXL_20260827_213313721.jpg,ok,5
269,0.4 BACK/NON-BSA/10.5 hrs/PXL_20260827_213327384.jpg,ok,6
270,0.4 BACK/NON-BSA/10.5 hrs/PXL_20260827_214225614.jpg,ok,7
271,0.4 BACK/NON-BSA/10.5 hrs/PXL_20260827_214244239.jpg,ok,9
272,0.4 BACK/NON-BSA/10.5 hrs/PXL_20260827_214259734.jpg,ok,9
273,0.4 BACK/NON-BSA/10.5 hrs/PXL_20260827_214333993.jpg,ok,9
274,0.4 BACK/NON-BSA/10.5 hrs/PXL_20260827_214348075.jpg,ok,9
275,0.4 BACK/NON-BSA/10.5 hrs/PXL_20260827_214403877.jpg,ok,9
276,0.4 BACK/NON-BSA/12 hrs/PXL_20260827_225313897.jpg,ok,5
277,0.4 BACK/NON-BSA/12 hrs/PXL_20260827_225324765.jpg,ok,7
278,0.4 BACK/NON-BSA/12 hrs/PXL_20260827_225346069.jpg,ok,8
279,0.4 BACK/NON-BSA/12 hrs/PXL_20260827_225416598.jpg,ok,5
280,0.4 BACK/NON-BSA/12 hrs/PXL_20260827_225427122.jpg,ok,7
281,0.4 BACK/NON-BSA/12 hrs/PXL_20260827_225447279.jpg,ok,6
282,0.4 BACK/NON-BSA/12 hrs/PXL_20260827_230529580.jpg,ok,7
283,0.4 BACK/NON-BSA/12 hrs/PXL_20260827_230543628.jpg,ok,10
284,0.4 BACK/NON-BSA/12 hrs/PXL_20260827_230557224.jpg,ok,9
285,0.4 BACK/NON-BSA/12 hrs/PXL_20260827_230637492.jpg,ok,8
286,0.4 BACK/NON-BSA/12 hrs/PXL_20260827_230648654.jpg,ok,9
287,0.4 BACK/NON-BSA/12 hrs/PXL_20260827_230701717.jpg,ok,9
288,0.4 BACK/NON-BSA/21.5 hrs/PXL_20260828_083225734.jpg,ok,8
289,0.4 BACK/NON-BSA/21.5 hrs/PXL_20260828_083248708.jpg,ok,7
290,0.4 BACK/NON-BSA/21.5 hrs/PXL_20260828_083315394.jpg,ok,8
291,0.4 BACK/NON-BSA/21.5 hrs/PXL_20260828_083405489.jpg,ok,4
292,0.4 BACK/NON-BSA/21.5 hrs/PXL_20260828_083427246.jpg,ok,8
293,0.4 BACK/NON-BSA/21.5 hrs/PXL_20260828_084042666.jpg,ok,3
294,0.4 BACK/NON-BSA/21.5 hrs/PXL_20260828_085143882.jpg,ok,9
295,0.4 BACK/NON-BSA/21.5 hrs/PXL_20260828_085155724.jpg,ok,8
296,0.4 BACK/NON-BSA/21.5 hrs/PXL_20260828_085215175.jpg,ok,8
297,0.4 BACK/NON-BSA/21.5 hrs/PXL_20260828_085359190.jpg,ok,10
298,0.4 BACK/NON-BSA/21.5 hrs/PXL_20260828_085412699.jpg,ok,9
299,0.4 BACK/NON-BSA/21.5 hrs/PXL_20260828_085425502.jpg,ok,9
300,0.6 BACK/BSA/0 hrs/PXL_20260827_111031212.jpg,ok,4
301,0.6 BACK/BSA/0 hrs/PXL_20260827_111058142.jpg,ok,6
302,0.6 BACK/BSA/0 hrs/PXL_20260827_111121594.jpg,ok,4
303,0.6 BACK/BSA/0 hrs/PXL_20260827_111142172.jpg,ok,7
304,0.6 BACK/BSA/0 hrs/PXL_20260827_111156348.jpg,ok,4
305,0.6 BACK/BSA/0 hrs/PXL_20260827_111210701.jpg,ok,4
306,0.6 BACK/BSA/0 hrs/PXL_20260827_111241592.jpg,ok,1
307,0.6 BACK/BSA/0 hrs/PXL_20260827_111254584.jpg,ok,4
308,0.6 BACK/BSA/0 hrs/PXL_20260827_111306861.jpg,ok,1
309,0.6 BACK/BSA/0 hrs/PXL_20260827_111320682.jpg,ok,4
310,0.6 BACK/BSA/0 hrs/PXL_20260827_111342603.jpg,ok,2
311,0.6 BACK/BSA/0 hrs/PXL_20260827_111358095.jpg,ok,4
312,0.6 BACK/BSA/0 hrs/PXL_20260827_112101846.jpg,ok,4
313,0.6 BACK/BSA/0 hrs/PXL_20260827_112111841.jpg,ok,5
314,0.6 BACK/BSA/0 hrs/PXL_20260827_112124500.jpg,ok,5
315,0.6 BACK/BSA/0 hrs/PXL_20260827_112155633.jpg,ok,3
316,0.6 BACK/BSA/0 hrs/PXL_20260827_112210476.jpg,ok,2
317,0.6 BACK/BSA/0 hrs/PXL_20260827_112223299.jpg,ok,4
318,0.6 BACK/BSA/1 hr/PXL_20260827_120802004.jpg,ok,6
319,0.6 BACK/BSA/1 hr/PXL_20260827_120820176.jpg,ok,9
320,0.6 BACK/BSA/1 hr/PXL_20260827_120843277.jpg,ok,4
321,0.6 BACK/BSA/1 hr/PXL_20260827_120913895.jpg,ok,5
322,0.6 BACK/BSA/1 hr/PXL_20260827_120937739.jpg,ok,5
323,0.6 BACK/BSA/1 hr/PXL_20260827_121010071.jpg,ok,3
324,0.6 BACK/BSA/1 hr/PXL_20260827_123120096.jpg,ok,5
325,0.6 BACK/BSA/1 hr/PXL_20260827_123131089.jpg,ok,7
326,0.6 BACK/BSA/1 hr/PXL_20260827_123143295.jpg,ok,6
327,0.6 BACK/BSA/1 hr/PXL_20260827_123339387.jpg,ok,2
328,0.6 BACK/BSA/1 hr/PXL_20260827_123350650.jpg,ok,2
329,0.6 BACK/BSA/1 hr/PXL_20260827_123401908.jpg,ok,4
330,0.6 BACK/BSA/2 hrs/PXL_20260827_130432852.jpg,ok,6
331,0.6 BACK/BSA/2 hrs/PXL_20260827_130446169.jpg,ok,5
332,0.6 BACK/BSA/2 hrs/PXL_20260827_130457912.jpg,ok,5
333,0.6 BACK/BSA/2 hrs/PXL_20260827_130517004.jpg,ok,6
334,0.6 BACK/BSA/2 hrs/PXL_20260827_130532210.jpg,ok,4
335,0.6 BACK/BSA/2 hrs/PXL_20260827_130551369.jpg,ok,4
336,0.6 BACK/BSA/2 hrs/PXL_20260827_131356599.jpg,ok,5
337,0.6 BACK/BSA/2 hrs/PXL_20260827_131406069.jpg,ok,5
338,0.6 BACK/BSA/2 hrs/PXL_20260827_131418072.jpg,ok,7
339,0.6 BACK/BSA/2 hrs/PXL_20260827_131449708.jpg,ok,7
340,0.6 BACK/BSA/2 hrs/PXL_20260827_131459886.jpg,ok,7
341,0.6 BACK/BSA/2 hrs/PXL_20260827_131512759.jpg,ok,8
342,0.6 BACK/BSA/3 hrs/PXL_20260827_140621260.jpg,ok,8
343,0.6 BACK/BSA/3 hrs/PXL_20260827_140641337.jpg,ok,7
344,0.6 BACK/BSA/3 hrs/PXL_20260827_140703445.jpg,ok,11
345,0.6 BACK/BSA/3 hrs/PXL_20260827_140734877.jpg,ok,10
346,0.6 BACK/BSA/3 hrs/PXL_20260827_140755390.jpg,ok,9
347,0.6 BACK/BSA/3 hrs/PXL_20260827_140819355.jpg,ok,10
348,0.6 BACK/BSA/3 hrs/PXL_20260827_141649696.jpg,ok,6
349,0.6 BACK/BSA/3 hrs/PXL_20260827_141701856.jpg,ok,6
350,0.6 BACK/BSA/3 hrs/PXL_20260827_141715388.jpg,ok,7
351,0.6 BACK/BSA/3 hrs/PXL_20260827_141754017.jpg,ok,7
352,0.6 BACK/BSA/3 hrs/PXL_20260827_141828121.jpg,ok,8
353,0.6 BACK/BSA/3 hrs/PXL_20260827_141848981.jpg,ok,8
354,0.6 BACK/BSA/4 hrs/PXL_20260827_150314744.jpg,ok,10
355,0.6 BACK/BSA/4 hrs/PXL_20260827_150334569.jpg,ok,7
356,0.6 BACK/BSA/4 hrs/PXL_20260827_150348378.jpg,ok,8
357,0.6 BACK/BSA/4 hrs/PXL_20260827_150414044.jpg,ok,6
358,0.6 BACK/BSA/4 hrs/PXL_20260827_150422378.jpg,ok,8
359,0.6 BACK/BSA/4 hrs/PXL_20260827_150436900.jpg,ok,4
360,0.6 BACK/BSA/4 hrs/PXL_20260827_151522132.jpg,ok,12
361,0.6 BACK/BSA/4 hrs/PXL_20260827_151539889.jpg,ok,12
362,0.6 BACK/BSA/4 hrs/PXL_20260827_151555290.jpg,ok,14
363,0.6 BACK/BSA/4 hrs/PXL_20260827_151712131.jpg,ok,12
364,0.6 BACK/BSA/4 hrs/PXL_20260827_151728764.jpg,ok,14
365,0.6 BACK/BSA/4 hrs/PXL_20260827_152937207.jpg,ok,10
366,0.6 BACK/BSA/5 hrs/PXL_20260827_160545935.jpg,ok,9
367,0.6 BACK/BSA/5 hrs/PXL_20260827_160556728.jpg,ok,9
368,0.6 BACK/BSA/5 hrs/PXL_20260827_160620482.jpg,ok,8
369,0.6 BACK/BSA/5 hrs/PXL_20260827_160647426.jpg,ok,6
370,0.6 BACK/BSA/5 hrs/PXL_20260827_160700003.jpg,ok,7
371,0.6 BACK/BSA/5 hrs/PXL_20260827_160719359.jpg,ok,6
372,0.6 BACK/BSA/5 hrs/PXL_20260827_162054615.jpg,ok,11
373,0.6 BACK/BSA/5 hrs/PXL_20260827_162107706.jpg,ok,15
374,0.6 BACK/BSA/5 hrs/PXL_20260827_162309920.jpg,ok,14
375,0.6 BACK/BSA/5 hrs/PXL_20260827_162358250.jpg,ok,13
376,0.6 BACK/BSA/5 hrs/PXL_20260827_162415010.jpg,ok,11
377,0.6 BACK/BSA/5 hrs/PXL_20260827_162434351.jpg,ok,11
378,0.6 BACK/BSA/6 hrs/PXL_20260827_170414491.jpg,ok,8
379,0.6 BACK/BSA/6 hrs/PXL_20260827_170426866.jpg,ok,9
380,0.6 BACK/BSA/6 hrs/PXL_20260827_170441670.jpg,ok,8
381,0.6 BACK/BSA/6 hrs/PXL_20260827_170508886.jpg,ok,9
382,0.6 BACK/BSA/6 hrs/PXL_20260827_170517201.jpg,ok,6
383,0.6 BACK/BSA/6 hrs/PXL_20260827_170534342.jpg,ok,6
384,0.6 BACK/BSA/6 hrs/PXL_20260827_171658036.jpg,ok,13
385,0.6 BACK/BSA/6 hrs/PXL_20260827_171722746.jpg,ok,13
386,0.6 BACK/BSA/6 hrs/PXL_20260827_171739868.jpg,ok,15
387,0.6 BACK/BSA/6 hrs/PXL_20260827_171834252.jpg,ok,10
388,0.6 BACK/BSA/6 hrs/PXL_20260827_171900683.jpg,ok,10
389,0.6 BACK/BSA/6 hrs/PXL_20260827_171923448.jpg,ok,12
390,0.6 BACK/BSA/7.5 hrs/PXL_20260827_183735151.jpg,ok,8
391,0.6 BACK/BSA/7.5 hrs/PXL_20260827_183756833.jpg,ok,9
392,0.6 BACK/BSA/7.5 hrs/PXL_20260827_183821749.jpg,ok,8
393,0.6 BACK/BSA/7.5 hrs/PXL_20260827_183856374.jpg,ok,7
394,0.6 BACK/BSA/7.5 hrs/PXL_20260827_183916189.jpg,ok,8
395,0.6 BACK/BSA/7.5 hrs/PXL_20260827_183926299.jpg,ok,8
396,0.6 BACK/BSA/7.5 hrs/PXL_20260827_185057116.jpg,ok,14
397,0.6 BACK/BSA/7.5 hrs/PXL_20260827_185112846.jpg,ok,13
398,0.6 BACK/BSA/7.5 hrs/PXL_20260827_185129607.jpg,ok,15
399,0.6 BACK/BSA/7.5 hrs/PXL_20260827_185224090.jpg,ok,8
400,0.6 BACK/BSA/7.5 hrs/PXL_20260827_185240007.jpg,ok,9
401,0.6 BACK/BSA/7.5 hrs/PXL_20260827_185301146.jpg,ok,12
402,0.6 BACK/BSA/9 hrs/PXL_20260827_200527860.jpg,ok,9
403,0.6 BACK/BSA/9 hrs/PXL_20260827_200543526.jpg,ok,7
404,0.6 BACK/BSA/9 hrs/PXL_20260827_200554417.jpg,ok,7
405,0.6 BACK/BSA/9 hrs/PXL_20260827_200653928.jpg,ok,5
406,0.6 BACK/BSA/9 hrs/PXL_20260827_200713087.jpg,ok,6
407,0.6 BACK/BSA/9 hrs/PXL_20260827_200722614.jpg,ok,7
408,0.6 BACK/BSA/9 hrs/PXL_20260827_201638697.jpg,ok,13
409,0.6 BACK/BSA/9 hrs/PXL_20260827_201656196.jpg,ok,13
410,0.6 BACK/BSA/9 hrs/PXL_20260827_201711499.jpg,ok,14
411,0.6 BACK/BSA/9 hrs/PXL_20260827_201803743.jpg,ok,9
412,0.6 BACK/BSA/9 hrs/PXL_20260827_201832393.jpg,ok,9
413,0.6 BACK/BSA/9 hrs/PXL_20260827_201908588.jpg,ok,11
414,0.6 BACK/BSA/10.5 hrs/PXL_20260827_213400683.jpg,ok,9
415,0.6 BACK/BSA/10.5 hrs/PXL_20260827_213411865.jpg,ok,7
416,0.6 BACK/BSA/10.5 hrs/PXL_20260827_213424339.jpg,ok,9
417,0.6 BACK/BSA/10.5 hrs/PXL_20260827_213446676.jpg,ok,5
418,0.6 BACK/BSA/10.5 hrs/PXL_20260827_213525211.jpg,ok,4
419,0.6 BACK/BSA/10.5 hrs/PXL_20260827_213610316.jpg,ok,8
420,0.6 BACK/BSA/10.5 hrs/PXL_20260827_214447427.jpg,ok,12
421,0.6 BACK/BSA/10.5 hrs/PXL_20260827_214505733.jpg,ok,12
422,0.6 BACK/BSA/10.5 hrs/PXL_20260827_214520684.jpg,ok,15
423,0.6 BACK/BSA/10.5 hrs/PXL_20260827_214554803.jpg,ok,8
424,0.6 BACK/BSA/10.5 hrs/PXL_20260827_214608647.jpg,ok,9
425,0.6 BACK/BSA/10.5 hrs/PXL_20260827_214628600.jpg,ok,11
426,0.6 BACK/BSA/12 hrs/PXL_20260827_225518964.jpg,ok,8
427,0.6 BACK/BSA/12 hrs/PXL_20260827_225525811.jpg,ok,9
428,0.6 BACK/BSA/12 hrs/PXL_20260827_225543865.jpg,ok,12
429,0.6 BACK/BSA/12 hrs/PXL_20260827_225611121.jpg,ok,6
430,0.6 BACK/BSA/12 hrs/PXL_20260827_225619144.jpg,ok,6
431,0.6 BACK/BSA/12 hrs/PXL_20260827_225636662.jpg,ok,9
432,0.6 BACK/BSA/12 hrs/PXL_20260827_230735375.jpg,ok,13
433,0.6 BACK/BSA/12 hrs/PXL_20260827_230748327.jpg,ok,13
434,0.6 BACK/BSA/12 hrs/PXL_20260827_230802688.jpg,ok,14
435,0.6 BACK/BSA/12 hrs/PXL_20260827_230830499.jpg,ok,9
436,0.6 BACK/BSA/12 hrs/PXL_20260827_230843627.jpg,ok,10
437,0.6 BACK/BSA/12 hrs/PXL_20260827_230859853.jpg,ok,12
438,0.6 BACK/BSA/21.5 hrs/PXL_20260828_083506576.jpg,ok,6
439,0.6 BACK/BSA/21.5 hrs/PXL_20260828_083536172.jpg,ok,5
440,0.6 BACK/BSA/21.5 hrs/PXL_20260828_083555150.jpg,ok,6
441,0.6 BACK/BSA/21.5 hrs/PXL_20260828_083710785.jpg,ok,7
442,0.6 BACK/BSA/21.5 hrs/PXL_20260828_083726802.jpg,ok,9
443,0.6 BACK/BSA/21.5 hrs/PXL_20260828_083750174.jpg,ok,5
444,0.6 BACK/BSA/21.5 hrs/PXL_20260828_085508060.jpg,ok,10
445,0.6 BACK/BSA/21.5 hrs/PXL_20260828_085521309.jpg,ok,11
446,0.6 BACK/BSA/21.5 hrs/PXL_20260828_085538300.jpg,ok,14
447,0.6 BACK/BSA/21.5 hrs/PXL_20260828_085618734.jpg,ok,8
448,0.6 BACK/BSA/21.5 hrs/PXL_20260828_085632100.jpg,ok,10
449,0.6 BACK/BSA/21.5 hrs/PXL_20260828_085648500.jpg,ok,11
450,0.6 BACK/NON BSA/0 hrs/PXL_20260827_111419374.jpg,ok,1
451,0.6 BACK/NON BSA/0 hrs/PXL_20260827_111433063.jpg,ok,5
452,0.6 BACK/NON BSA/0 hrs/PXL_20260827_111449187.jpg,ok,1
453,0.6 BACK/NON BSA/0 hrs/PXL_20260827_111507327.jpg,ok,6
454,0.6 BACK/NON BSA/0 hrs/PXL_20260827_111526950.jpg,ok,2
455,0.6 BACK/NON BSA/0 hrs/PXL_20260827_111541319.jpg,ok,5
456,0.6 BACK/NON BSA/0 hrs/PXL_20260827_111605929.jpg,ok,1
457,0.6 BACK/NON BSA/0 hrs/PXL_20260827_111623022.jpg,ok,4
458,0.6 BACK/NON BSA/0 hrs/PXL_20260827_111641350.jpg,ok,2
459,0.6 BACK/NON BSA/0 hrs/PXL_20260827_111654296.jpg,ok,5
460,0.6 BACK/NON BSA/0 hrs/PXL_20260827_111707877.jpg,ok,1
461,0.6 BACK/NON BSA/0 hrs/PXL_20260827_111719081.jpg,ok,4
462,0.6 BACK/NON BSA/0 hrs/PXL_20260827_112255829.jpg,ok,2
463,0.6 BACK/NON BSA/0 hrs/PXL_20260827_112306362.jpg,ok,3
464,0.6 BACK/NON BSA/0 hrs/PXL_20260827_112317339.jpg,ok,5
465,0.6 BACK/NON BSA/0 hrs/PXL_20260827_112401783.jpg,ok,2
466,0.6 BACK/NON BSA/0 hrs/PXL_20260827_112419511.jpg,ok,3
467,0.6 BACK/NON BSA/0 hrs/PXL_20260827_112431496.jpg,ok,4
468,0.6 BACK/NON BSA/1 hr/PXL_20260827_121050829.jpg,ok,5
469,0.6 BACK/NON BSA/1 hr/PXL_20260827_121115229.jpg,ok,6
470,0.6 BACK/NON BSA/1 hr/PXL_20260827_121134416.jpg,ok,5
471,0.6 BACK/NON BSA/1 hr/PXL_20260827_121202233.jpg,ok,4
472,0.6 BACK/NON BSA/1 hr/PXL_20260827_121217844.jpg,ok,4
473,0.6 BACK/NON BSA/1 hr/PXL_20260827_121238034.jpg,ok,6
474,0.6 BACK/NON BSA/1 hr/PXL_20260827_123429210.jpg,ok,3
475,0.6 BACK/NON BSA/1 hr/PXL_20260827_123439206.jpg,ok,5
476,0.6 BACK/NON BSA/1 hr/PXL_20260827_123449412.jpg,ok,5
477,0.6 BACK/NON BSA/1 hr/PXL_20260827_123516256.jpg,ok,2
478,0.6 BACK/NON BSA/1 hr/PXL_20260827_123525410.jpg,ok,3
479,0.6 BACK/NON BSA/1 hr/PXL_20260827_123535901.jpg,ok,5
480,0.6 BACK/NON BSA/2 hrs/PXL_20260827_130648683.jpg,ok,5
481,0.6 BACK/NON BSA/2 hrs/PXL_20260827_130703438.jpg,ok,7
482,0.6 BACK/NON BSA/2 hrs/PXL_20260827_130722115.jpg,ok,6
483,0.6 BACK/NON BSA/2 hrs/PXL_20260827_130822441.jpg,ok,4
484,0.6 BACK/NON BSA/2 hrs/PXL_20260827_130839787.jpg,ok,5
485,0.6 BACK/NON BSA/2 hrs/PXL_20260827_130856687.jpg,ok,5
486,0.6 BACK/NON BSA/2 hrs/PXL_20260827_131544349.jpg,ok,2
487,0.6 BACK/NON BSA/2 hrs/PXL_20260827_131555266.jpg,ok,4
488,0.6 BACK/NON BSA/2 hrs/PXL_20260827_131611716.jpg,ok,5
489,0.6 BACK/NON BSA/2 hrs/PXL_20260827_131640131.jpg,ok,3
490,0.6 BACK/NON BSA/2 hrs/PXL_20260827_131651302.jpg,ok,5
491,0.6 BACK/NON BSA/2 hrs/PXL_20260827_131704155.jpg,ok,5
492,0.6 BACK/NON BSA/3 hrs/PXL_20260827_140907264.jpg,ok,7
493,0.6 BACK/NON BSA/3 hrs/PXL_20260827_140921966.jpg,ok,7
494,0.6 BACK/NON BSA/3 hrs/PXL_20260827_140939933.jpg,ok,5
495,0.6 BACK/NON BSA/3 hrs/PXL_20260827_141017208.jpg,ok,5
496,0.6 BACK/NON BSA/3 hrs/PXL_20260827_141035059.jpg,ok,5
497,0.6 BACK/NON BSA/3 hrs/PXL_20260827_141101190.jpg,ok,5
498,0.6 BACK/NON BSA/3 hrs/PXL_20260827_141944612.jpg,ok,2
499,0.6 BACK/NON BSA/3 hrs/PXL_20260827_141956269.jpg,ok,4
500,0.6 BACK/NON BSA/3 hrs/PXL_20260827_142009125.jpg,ok,6
501,0.6 BACK/NON BSA/3 hrs/PXL_20260827_142119948.jpg,ok,6
502,0.6 BACK/NON BSA/3 hrs/PXL_20260827_142151810.jpg,ok,9
503,0.6 BACK/NON BSA/3 hrs/PXL_20260827_142202560.jpg,ok,10
504,0.6 BACK/NON BSA/4 hrs/PXL_20260827_150529702.jpg,ok,8
505,0.6 BACK/NON BSA/4 hrs/PXL_20260827_150545801.jpg,ok,6
506,0.6 BACK/NON BSA/4 hrs/PXL_20260827_150555841.jpg,ok,5
507,0.6 BACK/NON BSA/4 hrs/PXL_20260827_150627118.jpg,ok,6
508,0.6 BACK/NON BSA/4 hrs/PXL_20260827_150638029.jpg,ok,7
509,0.6 BACK/NON BSA/4 hrs/PXL_20260827_150658610.jpg,ok,5
510,0.6 BACK/NON BSA/4 hrs/PXL_20260827_151811623.jpg,ok,9
511,0.6 BACK/NON BSA/4 hrs/PXL_20260827_151845399.jpg,ok,9
512,0.6 BACK/NON BSA/4 hrs/PXL_20260827_151905702.jpg,ok,12
513,0.6 BACK/NON BSA/4 hrs/PXL_20260827_152013333.jpg,ok,10
514,0.6 BACK/NON BSA/4 hrs/PXL_20260827_152032153.jpg,ok,12
515,0.6 BACK/NON BSA/4 hrs/PXL_20260827_152120708.jpg,ok,6
516,0.6 BACK/NON BSA/5 hrs/PXL_20260827_160751781.jpg,ok,7
517,0.6 BACK/NON BSA/5 hrs/PXL_20260827_160805233.jpg,ok,7
518,0.6 BACK/NON BSA/5 hrs/PXL_20260827_160815315.jpg,ok,8
519,0.6 BACK/NON BSA/5 hrs/PXL_20260827_160845906.jpg,ok,4
520,0.6 BACK/NON BSA/5 hrs/PXL_20260827_160902972.jpg,ok,5
521,0.6 BACK/NON BSA/5 hrs/PXL_20260827_160922440.jpg,ok,4
522,0.6 BACK/NON BSA/5 hrs/PXL_20260827_162524285.jpg,ok,8
523,0.6 BACK/NON BSA/5 hrs/PXL_20260827_162536880.jpg,ok,6
524,0.6 BACK/NON BSA/5 hrs/PXL_20260827_162549596.jpg,ok,12
525,0.6 BACK/NON BSA/5 hrs/PXL_20260827_162614485.jpg,ok,6
526,0.6 BACK/NON BSA/5 hrs/PXL_20260827_162628101.jpg,ok,8
527,0.6 BACK/NON BSA/5 hrs/PXL_20260827_162641528.jpg,ok,11
528,0.6 BACK/NON BSA/6 hrs/PXL_20260827_170607708.jpg,ok,4
529,0.6 BACK/NON BSA/6 hrs/PXL_20260827_170623820.jpg,ok,5
530,0.6 BACK/NON BSA/6 hrs/PXL_20260827_170632814.jpg,ok,6
531,0.6 BACK/NON BSA/6 hrs/PXL_20260827_170713722.jpg,ok,4
532,0.6 BACK/NON BSA/6 hrs/PXL_20260827_170728483.jpg,ok,5
533,0.6 BACK/NON BSA/6 hrs/PXL_20260827_170817720.jpg,ok,5
534,0.6 BACK/NON BSA/6 hrs/PXL_20260827_172011585.jpg,ok,9
535,0.6 BACK/NON BSA/6 hrs/PXL_20260827_172030214.jpg,ok,8
536,0.6 BACK/NON BSA/6 hrs/PXL_20260827_172053476.jpg,ok,12
537,0.6 BACK/NON BSA/6 hrs/PXL_20260827_172136542.jpg,ok,6
538,0.6 BACK/NON BSA/6 hrs/PXL_20260827_172153918.jpg,ok,10
539,0.6 BACK/NON BSA/6 hrs/PXL_20260827_172208411.jpg,ok,11
540,0.6 BACK/NON BSA/7.5 hrs/PXL_20260827_183958875.jpg,ok,5
541,0.6 BACK/NON BSA/7.5 hrs/PXL_20260827_184030941.jpg,ok,6
542,0.6 BACK/NON BSA/7.5 hrs/PXL_20260827_184053030.jpg,ok,6
543,0.6 BACK/NON BSA/7.5 hrs/PXL_20260827_184130274.jpg,ok,4
544,0.6 BACK/NON BSA/7.5 hrs/PXL_20260827_184155173.jpg,ok,5
545,0.6 BACK/NON BSA/7.5 hrs/PXL_20260827_184211163.jpg,ok,5
546,0.6 BACK/NON BSA/7.5 hrs/PXL_20260827_185342484.jpg,ok,8
547,0.6 BACK/NON BSA/7.5 hrs/PXL_20260827_185358682.jpg,ok,8
548,0.6 BACK/NON BSA/7.5 hrs/PXL_20260827_185412956.jpg,ok,13
549,0.6 BACK/NON BSA/7.5 hrs/PXL_20260827_185453614.jpg,ok,6
550,0.6 BACK/NON BSA/7.5 hrs/PXL_20260827_185509964.jpg,ok,8
551,0.6 BACK/NON BSA/7.5 hrs/PXL_20260827_185524974.jpg,ok,11
552,0.6 BACK/NON BSA/9 hrs/PXL_20260827_200750256.jpg,ok,7
553,0.6 BACK/NON BSA/9 hrs/PXL_20260827_200800276.jpg,ok,7
554,0.6 BACK/NON BSA/9 hrs/PXL_20260827_200812542.jpg,ok,4
555,0.6 BACK/NON BSA/9 hrs/PXL_20260827_200838211.jpg,ok,5
556,0.6 BACK/NON BSA/9 hrs/PXL_20260827_200854136.jpg,ok,7
557,0.6 BACK/NON BSA/9 hrs/PXL_20260827_200915546.jpg,ok,4
558,0.6 BACK/NON BSA/9 hrs/PXL_20260827_201949812.jpg,ok,8
559,0.6 BACK/NON BSA/9 hrs/PXL_20260827_202008369.jpg,ok,8
560,0.6 BACK/NON BSA/9 hrs/PXL_20260827_202022101.jpg,ok,13
561,0.6 BACK/NON BSA/9 hrs/PXL_20260827_202056814.jpg,ok,6
562,0.6 BACK/NON BSA/9 hrs/PXL_20260827_202112888.jpg,ok,8
563,0.6 BACK/NON BSA/9 hrs/PXL_20260827_202131901.jpg,ok,10
564,0.6 BACK/NON BSA/10.5 hrs/PXL_20260827_213653405.jpg,ok,9
565,0.6 BACK/NON BSA/10.5 hrs/PXL_20260827_213707939.jpg,ok,7
566,0.6 BACK/NON BSA/10.5 hrs/PXL_20260827_213719214.jpg,ok,6
567,0.6 BACK/NON BSA/10.5 hrs/PXL_20260827_213742710.jpg,ok,5
568,0.6 BACK/NON BSA/10.5 hrs/PXL_20260827_213804509.jpg,ok,5
569,0.6 BACK/NON BSA/10.5 hrs/PXL_20260827_213813658.jpg,ok,4
570,0.6 BACK/NON BSA/10.5 hrs/PXL_20260827_214659787.jpg,ok,8
571,0.6 BACK/NON BSA/10.5 hrs/PXL_20260827_214717529.jpg,ok,13
572,0.6 BACK/NON BSA/10.5 hrs/PXL_20260827_214741580.jpg,ok,12
573,0.6 BACK/NON BSA/10.5 hrs/PXL_20260827_214833692.jpg,ok,7
574,0.6 BACK/NON BSA/10.5 hrs/PXL_20260827_214846845.jpg,ok,8
575,0.6 BACK/NON BSA/10.5 hrs/PXL_20260827_214857761.jpg,ok,10
576,0.6 BACK/NON BSA/12 hrs/PXL_20260827_225710934.jpg,ok,8
577,0.6 BACK/NON BSA/12 hrs/PXL_20260827_225741485.jpg,ok,7
578,0.6 BACK/NON BSA/12 hrs/PXL_20260827_225825698.jpg,ok,5
579,0.6 BACK/NON BSA/12 hrs/PXL_20260827_225855047.jpg,ok,4
580,0.6 BACK/NON BSA/12 hrs/PXL_20260827_225905696.jpg,ok,5
581,0.6 BACK/NON BSA/12 hrs/PXL_20260827_225925599.jpg,ok,5
582,0.6 BACK/NON BSA/12 hrs/PXL_20260827_231002599.jpg,ok,8
583,0.6 BACK/NON BSA/12 hrs/PXL_20260827_231041431.jpg,ok,8
584,0.6 BACK/NON BSA/12 hrs/PXL_20260827_231103164.jpg,ok,12
585,0.6 BACK/NON BSA/12 hrs/PXL_20260827_231147704.jpg,ok,6
586,0.6 BACK/NON BSA/12 hrs/PXL_20260827_231211243.jpg,ok,8
587,0.6 BACK/NON BSA/12 hrs/PXL_20260827_231232825.jpg,ok,11
588,0.6 BACK/NON BSA/21.5 hrs/PXL_20260828_084153934.jpg,ok,9
589,0.6 BACK/NON BSA/21.5 hrs/PXL_20260828_084231375.jpg,ok,8
590,0.6 BACK/NON BSA/21.5 hrs/PXL_20260828_084249640.jpg,ok,5
591,0.6 BACK/NON BSA/21.5 hrs/PXL_20260828_084327210.jpg,ok,7
592,0.6 BACK/NON BSA/21.5 hrs/PXL_20260828_084402659.jpg,ok,7
593,0.6 BACK/NON BSA/21.5 hrs/PXL_20260828_084427580.jpg,ok,4
594,0.6 BACK/NON BSA/21.5 hrs/PXL_20260828_085720753.jpg,ok,8
595,0.6 BACK/NON BSA/21.5 hrs/PXL_20260828_085734553.jpg,ok,8
596,0.6 BACK/NON BSA/21.5 hrs/PXL_20260828_085758291.jpg,ok,13
597,0.6 BACK/NON BSA/21.5 hrs/PXL_20260828_085932728.jpg,ok,6
598,0.6 BACK/NON BSA/21.5 hrs/PXL_20260828_085941905.jpg,ok,8
599,0.6 BACK/NON BSA/21.5 hrs/PXL_20260828_085953523.jpg,ok,11
