idx,path,status
0,0 hrs (After injection and after initial magnet placement)/PXL_20260823_150444727.jpg,ok
1,0 hrs (After injection and after initial magnet placement)/PXL_20260823_150530620.jpg,ok
2,0 hrs (After injection and after initial magnet placement)/PXL_20260823_150647433.jpg,ok
3,0 hrs (After injection and after initial magnet placement)/PXL_20260823_150805441.jpg,ok
4,0 hrs (After injection and after initial magnet placement)/PXL_20260823_150916073.jpg,ok
5,0 hrs (After injection and after initial magnet placement)/PXL_20260823_151002650.jpg,ok
6,0 hrs (After injection and after initial magnet placement)/PXL_20260823_151105130.jpg,ok
7,0 hrs (After injection and after initial magnet placement)/PXL_20260823_151137798.jpg,ok
8,0 hrs (After injection and after initial magnet placement)/PXL_20260823_151318216.jpg,ok
9,0 hrs (After injection and after initial magnet placement)/PXL_20260823_151409432.jpg,ok
10,0 hrs (After injection and after initial magnet placement)/PXL_20260823_151455298.jpg,ok
11,0 hrs (After injection and after initial magnet placement)/PXL_20260823_151537196.jpg,ok
12,0 hrs (After injection and after initial magnet placement)/PXL_20260823_151619099.jpg,ok
13,0 hrs (After injection and after initial magnet placement)/PXL_20260823_151656225.jpg,ok
14,0 hrs (After injection and after initial magnet placement)/PXL_20260823_151736594.jpg,ok
15,0 hrs (After injection and after initial magnet placement)/PXL_20260823_151815806.jpg,ok
16,0 hrs (After injection and after initial magnet placement)/PXL_20260825_180522149.jpg,ok
17,0 hrs (After injection and after initial magnet placement)/PXL_20260825_180606440.jpg,ok
18,0 hrs (After injection and after initial magnet placement)/PXL_20260825_180702735.jpg,ok
19,0 hrs (After injection and after initial magnet placement)/PXL_20260825_180758849.jpg,ok
20,0 hrs (After injection and after initial magnet placement)/PXL_20260825_180842914.jpg,ok
21,0 hrs (After injection and after initial magnet placement)/PXL_20260825_180924477.jpg,ok
22,0 hrs (After injection and after initial magnet placement)/PXL_20260825_183231004.jpg,ok
23,0 hrs (After injection and after initial magnet placement)/PXL_20260825_183315626.jpg,ok
24,0 hrs (After injection and after initial magnet placement)/PXL_20260825_183414148.jpg,ok
25,0 hrs (After injection and after initial magnet placement)/PXL_20260825_183527772.jpg,ok
26,0 hrs (After injection and after initial magnet placement)/PXL_20260825_183601175.jpg,ok
27,0 hrs (After injection and after initial magnet placement)/PXL_20260825_184006099.jpg,ok
28,0.5 hrs/PXL_20260823_154333567.jpg,ok
29,0.5 hrs/PXL_20260823_154418195.jpg,ok
30,0.5 hrs/PXL_20260823_154450646.jpg,ok
31,0.5 hrs/PXL_20260823_154538764.jpg,ok
32,0.5 hrs/PXL_20260823_154622360.jpg,ok
33,0.5 hrs/PXL_20260823_154712965.jpg,ok
34,0.5 hrs/PXL_20260823_154749627.jpg,ok
35,0.5 hrs/PXL_20260823_154831549.jpg,ok
36,0.5 hrs/PXL_20260825_190300770.jpg,ok
37,0.5 hrs/PXL_20260825_190337556.jpg,ok
38,0.5 hrs/PXL_20260825_190410124.jpg,ok
39,0.5 hrs/PXL_20260825_190446939.jpg,ok
40,0.5 hrs/PXL_20260825_190539214.jpg,ok
41,0.5 hrs/PXL_20260825_190620095.jpg,ok
42,1 hr/PXL_20260823_161318092.jpg,ok
43,1 hr/PXL_20260823_161358210.jpg,ok
44,1 hr/PXL_20260823_161438871.jpg,ok
45,1 hr/PXL_20260823_161517790.jpg,ok
46,1 hr/PXL_20260823_161552157.jpg,ok
47,1 hr/PXL_20260823_161627543.jpg,ok
48,1 hr/PXL_20260823_161711990.jpg,ok
49,1 hr/PXL_20260823_161802562.jpg,ok
50,1 hr/PXL_20260825_193228111.jpg,ok
51,1 hr/PXL_20260825_193321981.jpg,ok
52,1 hr/PXL_20260825_193408367.jpg,ok
53,1 hr/PXL_20260825_193507715.jpg,ok
54,1 hr/PXL_20260825_193547231.jpg,ok
55,1 hr/PXL_20260825_193632913.jpg,ok
56,1.5 hrs/PXL_20260823_164332023.jpg,ok
57,1.5 hrs/PXL_20260823_164410925.jpg,ok
58,1.5 hrs/PXL_20260823_164450331.jpg,ok
59,1.5 hrs/PXL_20260823_164534097.jpg,ok
60,1.5 hrs/PXL_20260823_164614834.jpg,ok
61,1.5 hrs/PXL_20260823_164705937.jpg,ok
62,1.5 hrs/PXL_20260823_164738020.jpg,ok
63,1.5 hrs/PXL_20260823_164811229.jpg,ok
64,1.5 hrs/PXL_20260825_200201564.jpg,ok
65,1.5 hrs/PXL_20260825_200300689.jpg,ok
66,1.5 hrs/PXL_20260825_200336768.jpg,ok
67,1.5 hrs/PXL_20260825_200414652.jpg,ok
68,1.5 hrs/PXL_20260825_200519528.jpg,ok
69,1.5 hrs/PXL_20260825_200554849.jpg,ok
70,2 hrs/PXL_20260823_171306163.jpg,ok
71,2 hrs/PXL_20260823_171349560.jpg,ok
72,2 hrs/PXL_20260823_171421987.jpg,ok
73,2 hrs/PXL_20260823_171507582.jpg,ok
74,2 hrs/PXL_20260823_171553129.jpg,ok
75,2 hrs/PXL_20260823_171631281.jpg,ok
76,2 hrs/PXL_20260823_171708809.jpg,ok
77,2 hrs/PXL_20260823_171758020.jpg,ok
78,2 hrs/PXL_20260825_203407620.jpg,ok
79,2 hrs/PXL_20260825_203537898.jpg,ok
80,2 hrs/PXL_20260825_203709544.jpg,ok
81,2 hrs/PXL_20260825_203834662.jpg,ok
82,2 hrs/PXL_20260825_204003392.jpg,ok
83,2 hrs/PXL_20260825_204100186.jpg,ok
84,2.5 hrs/PXL_20260823_174334319.jpg,ok
85,2.5 hrs/PXL_20260823_174411202.jpg,ok
86,2.5 hrs/PXL_20260823_174451400.jpg,ok
87,2.5 hrs/PXL_20260823_174536846.jpg,ok
88,2.5 hrs/PXL_20260823_174614849.jpg,ok
89,2.5 hrs/PXL_20260823_174648816.jpg,ok
90,2.5 hrs/PXL_20260823_174734796.jpg,ok
91,2.5 hrs/PXL_20260823_174824838.jpg,ok
92,2.5 hrs/PXL_20260825_210124330.jpg,ok
93,2.5 hrs/PXL_20260825_210158161.jpg,ok
94,2.5 hrs/PXL_20260825_210228982.jpg,ok
95,2.5 hrs/PXL_20260825_210317264.jpg,ok
96,2.5 hrs/PXL_20260825_210350885.jpg,ok
97,2.5 hrs/PXL_20260825_210426988.jpg,ok
98,3 hrs/PXL_20260823_181311181.jpg,ok
99,3 hrs/PXL_20260823_181358774.jpg,ok
100,3 hrs/PXL_20260823_181435351.jpg,ok
101,3 hrs/PXL_20260823_181521250.jpg,ok
102,3 hrs/PXL_20260823_181610715.jpg,ok
103,3 hrs/PXL_20260823_181702166.jpg,ok
104,3 hrs/PXL_20260823_181739773.jpg,ok
105,3 hrs/PXL_20260823_181811812.jpg,ok
106,3 hrs/PXL_20260825_213050614.jpg,ok
107,3 hrs/PXL_20260825_213144442.jpg,ok
108,3 hrs/PXL_20260825_213221181.jpg,ok
109,3 hrs/PXL_20260825_213328285.jpg,ok
110,3 hrs/PXL_20260825_213355570.jpg,ok
111,3 hrs/PXL_20260825_213431870.jpg,ok
112,3.5 hrs/PXL_20260823_184259676.jpg,ok
113,3.5 hrs/PXL_20260823_184407442.jpg,ok
114,3.5 hrs/PXL_20260823_184445379.jpg,ok
115,3.5 hrs/PXL_20260823_184532607.jpg,ok
116,3.5 hrs/PXL_20260823_184617190.jpg,ok
117,3.5 hrs/PXL_20260823_184655115.jpg,ok
118,3.5 hrs/PXL_20260823_184741158.jpg,ok
119,3.5 hrs/PXL_20260823_184828427.jpg,ok
120,3.5 hrs/PXL_20260825_220423371.jpg,ok
121,3.5 hrs/PXL_20260825_220543899.jpg,ok
122,3.5 hrs/PXL_20260825_220707790.jpg,ok
123,3.5 hrs/PXL_20260825_220908353.jpg,ok
124,3.5 hrs/PXL_20260825_221019426.jpg,ok
125,3.5 hrs/PXL_20260825_221109664.jpg,ok
126,4 hrs/PXL_20260823_191313997.jpg,ok
127,4 hrs/PXL_20260823_191409516.jpg,ok
128,4 hrs/PXL_20260823_191447874.jpg,ok
129,4 hrs/PXL_20260823_191521136.jpg,ok
130,4 hrs/PXL_20260823_191603140.jpg,ok
131,4 hrs/PXL_20260823_191644137.jpg,ok
132,4 hrs/PXL_20260823_191724851.jpg,ok
133,4 hrs/PXL_20260823_191809378.jpg,ok
134,4 hrs/PXL_20260825_223414743.jpg,ok
135,4 hrs/PXL_20260825_223530021.jpg,ok
136,4 hrs/PXL_20260825_223630923.jpg,ok
137,4 hrs/PXL_20260825_223731635.jpg,ok
138,4 hrs/PXL_20260825_223834124.jpg,ok
139,4 hrs/PXL_20260825_224022794.jpg,ok
140,4.5 hrs /PXL_20260823_194330941.jpg,ok
141,4.5 hrs /PXL_20260823_194401935.jpg,ok
142,4.5 hrs /PXL_20260823_194449573.jpg,ok
143,4.5 hrs /PXL_20260823_194526797.jpg,ok
144,4.5 hrs /PXL_20260823_194626347.jpg,ok
145,4.5 hrs /PXL_20260823_194714124.jpg,ok
146,4.5 hrs /PXL_20260823_194821127.jpg,ok
147,4.5 hrs /PXL_20260823_194857068.jpg,ok
148,4.5 hrs /PXL_20260825_230402647.jpg,ok
149,4.5 hrs /PXL_20260825_230526729.jpg,ok
150,4.5 hrs /PXL_20260825_230623543.jpg,ok
151,4.5 hrs /PXL_20260825_230725193.jpg,ok
152,4.5 hrs /PXL_20260825_230826628.jpg,ok
153,4.5 hrs /PXL_20260825_230942641.jpg,ok
154,5 hrs/PXL_20260823_201208958.jpg,ok
155,5 hrs/PXL_20260823_201245183.jpg,ok
156,5 hrs/PXL_20260823_201345739.jpg,ok
157,5 hrs/PXL_20260823_201454726.jpg,ok
158,5 hrs/PXL_20260823_201541954.jpg,ok
159,5 hrs/PXL_20260823_201621378.jpg,ok
160,5 hrs/PXL_20260823_201720651.jpg,ok
161,5 hrs/PXL_20260823_201818171.jpg,ok
162,5 hrs/PXL_20260825_233057391.jpg,ok
163,5 hrs/PXL_20260825_233148894.jpg,ok
164,5 hrs/PXL_20260825_233301938.jpg,ok
165,5 hrs/PXL_20260825_233411028.jpg,ok
166,5 hrs/PXL_20260825_233505708.jpg,ok
167,5 hrs/PXL_20260825_233941678.jpg,ok
168,5.5 hrs/PXL_20260823_204302359.jpg,ok
169,5.5 hrs/PXL_20260823_204341105.jpg,ok
170,5.5 hrs/PXL_20260823_204427978.jpg,ok
171,5.5 hrs/PXL_20260823_204520988.jpg,ok
172,5.5 hrs/PXL_20260823_204607136.jpg,ok
173,5.5 hrs/PXL_20260823_204643680.jpg,ok
174,5.5 hrs/PXL_20260823_204723794.jpg,ok
175,5.5 hrs/PXL_20260823_204836846.jpg,ok
176,5.5 hrs/PXL_20260826_000422112.jpg,ok
177,5.5 hrs/PXL_20260826_000531554.jpg,ok
178,5.5 hrs/PXL_20260826_000612985.jpg,ok
179,5.5 hrs/PXL_20260826_000718562.jpg,ok
180,5.5 hrs/PXL_20260826_000906602.jpg,ok
181,5.5 hrs/PXL_20260826_001008777.jpg,ok
182,6 hrs/PXL_20260823_211237541.jpg,ok
183,6 hrs/PXL_20260823_211320215.jpg,ok
184,6 hrs/PXL_20260823_211401085.jpg,ok
185,6 hrs/PXL_20260823_211437731.jpg,ok
186,6 hrs/PXL_20260823_211516087.jpg,ok
187,6 hrs/PXL_20260823_211552028.jpg,ok
188,6 hrs/PXL_20260823_211633548.jpg,ok
189,6 hrs/PXL_20260823_211722633.jpg,ok
190,6 hrs/PXL_20260826_003845200.jpg,ok
191,6 hrs/PXL_20260826_003946096.jpg,ok
192,6 hrs/PXL_20260826_004044034.jpg,ok
193,6 hrs/PXL_20260826_004237890.jpg,ok
194,6 hrs/PXL_20260826_004432729.jpg,ok
195,6 hrs/PXL_20260826_004600641.jpg,ok
