idx,series,timepoint_hr,elapsed_h,front_mm,centroid_mm,mass,magnet
15,0.4_BSA_COOH_control_r1,0.0,0.0,,,0.0,none
27,0.4_BSA_COOH_control_r1,1.0,1.1429091666666666,1.40625,1.1511775544730334,3125.314956665039,none
39,0.4_BSA_COOH_control_r1,2.0,1.840116388888889,1.4291666666666667,1.2052412829977879,3523.7644386291504,none
51,0.4_BSA_COOH_control_r1,3.0,2.8800966666666667,1.5208333333333335,1.338472789367166,3175.206916809082,none
63,0.4_BSA_COOH_control_r1,4.0,3.8431369444444443,1.40625,1.184603296608357,2742.796802520752,none
77,0.4_BSA_COOH_control_r1,5.0,4.919361388888889,1.4979166666666668,1.245435830762486,2451.4656143188477,none
87,0.4_BSA_COOH_control_r1,6.0,5.862299444444444,1.1770833333333335,1.2379404550686395,2014.816562652588,none
99,0.4_BSA_COOH_control_r1,7.5,7.427652222222222,1.4979166666666668,1.6104127520913232,2130.18692779541,none
111,0.4_BSA_COOH_control_r1,9.0,8.862749722222222,1.4979166666666668,1.5512209622952227,2318.118362426758,none
123,0.4_BSA_COOH_control_r1,10.5,10.354296388888889,1.2458333333333331,1.670953971218572,2057.249336242676,none
135,0.4_BSA_COOH_control_r1,12.0,11.7438625,1.2687499999999998,1.9379258827273618,2288.2394943237305,none
147,0.4_BSA_COOH_control_r1,21.5,21.488733611111112,1.475,1.8217166863630903,2717.9940490722656,none
16,0.4_BSA_COOH_control_r2,0.0,0.0,,,0.0,none
28,0.4_BSA_COOH_control_r2,1.0,1.1423019444444444,2.3916666666666666,1.6642739553605468,5185.1471519470215,none
40,0.4_BSA_COOH_control_r2,2.0,1.8452899999999999,1.9333333333333331,1.1997138079500327,5207.511344909668,none
52,0.4_BSA_COOH_control_r2,3.0,2.881184722222222,2.3229166666666665,1.5174848206590845,3755.215980529785,none
64,0.4_BSA_COOH_control_r2,4.0,3.844661388888889,2.4375,1.4915813048427553,5208.180282592773,none
76,0.4_BSA_COOH_control_r2,5.0,4.9111472222222226,1.9562499999999998,1.1396038416385403,4155.980415344238,none
88,0.4_BSA_COOH_control_r2,6.0,5.866148611111111,1.9104166666666669,1.0610174080180428,3608.8030853271484,none
100,0.4_BSA_COOH_control_r2,7.5,7.429875,1.9562499999999998,1.0995870833270207,3069.655605316162,none
112,0.4_BSA_COOH_control_r2,9.0,8.864139166666668,2.575,2.0429051446462836,2040.3763275146484,none
125,0.4_BSA_COOH_control_r2,10.5,10.358306944444443,1.7270833333333333,0.9632097043958037,2452.9048233032227,none
136,0.4_BSA_COOH_control_r2,12.0,11.742915,1.4291666666666667,1.2435935623102132,2064.127696990967,none
17,0.4_BSA_COOH_control_r3,0.0,0.0,,,0.0,none
29,0.4_BSA_COOH_control_r3,1.0,1.1421030555555556,1.4520833333333334,0.970566417565234,3171.11616897583,none
41,0.4_BSA_COOH_control_r3,2.0,1.845735,1.4291666666666667,1.0280591422604726,3043.0933952331543,none
53,0.4_BSA_COOH_control_r3,3.0,2.881164444444444,1.40625,1.4552914707302822,3357.211483001709,none
65,0.4_BSA_COOH_control_r3,4.0,3.850156388888889,1.3833333333333333,1.284796521869168,4250.3720626831055,none
75,0.4_BSA_COOH_control_r3,5.0,4.9045175,1.2916666666666665,1.6506157993325203,3139.4327239990234,none
89,0.4_BSA_COOH_control_r3,6.0,5.867227777777778,1.2687499999999998,1.4513255414854396,3479.075206756592,none
101,0.4_BSA_COOH_control_r3,7.5,7.435737777777778,1.2000000000000002,0.88024034700313,2311.816511154175,none
113,0.4_BSA_COOH_control_r3,9.0,8.865294166666667,1.40625,2.0925324269879506,3467.739170074463,none
124,0.4_BSA_COOH_control_r3,10.5,10.349655,1.2916666666666665,1.1923664774260339,2424.895133972168,none
137,0.4_BSA_COOH_control_r3,12.0,11.742490277777776,1.2229166666666669,1.1263619386561805,2466.4948863983154,none
149,0.4_BSA_COOH_control_r3,21.5,21.491167777777775,1.40625,3.6335896696553633,967.1699638366699,none
8,0.4_BSA_COOH_magnet_r1,0.0,0.0,,,0.0,none
9,0.4_BSA_COOH_magnet_r1,0.0,0.0098025,3.8125,6.481059687024145,676.3124389648438,present
21,0.4_BSA_COOH_magnet_r1,1.0,0.9711094444444445,2.1625,1.8091702538370473,3951.5489616394043,present
33,0.4_BSA_COOH_magnet_r1,2.0,1.9744291666666667,2.575,2.2538603852303485,3537.791191101074,present
45,0.4_BSA_COOH_magnet_r1,3.0,2.9917519444444447,2.6666666666666665,2.4361232173264944,3732.5058403015137,present
57,0.4_BSA_COOH_magnet_r1,4.0,3.9731258333333335,1.8645833333333335,4.860018404667367,6308.5711669921875,present
69,0.4_BSA_COOH_magnet_r1,5.0,4.994363888888889,0.5125,2.6819519052640395,5057.848159790039,present
81,0.4_BSA_COOH_magnet_r1,6.0,5.976625277777777,1.2000000000000002,3.4778336610283582,5134.793960571289,present
93,0.4_BSA_COOH_magnet_r1,7.5,7.531824444444444,2.277083333333333,2.2530685090291493,4421.11962890625,present
105,0.4_BSA_COOH_magnet_r1,9.0,9.002157777777779,2.941666666666667,4.406637991144799,6224.975494384766,present
117,0.4_BSA_COOH_magnet_r1,10.5,10.481448888888888,3.0791666666666666,4.338308031346659,5316.380802154541,present
129,0.4_BSA_COOH_magnet_r1,12.0,11.826818055555554,2.36875,4.235383251815576,5565.7856521606445,present
141,0.4_BSA_COOH_magnet_r1,21.5,21.460700000000003,2.345833333333333,3.9255040069347893,3973.9946098327637,present
6,0.4_BSA_COOH_magnet_r2,0.0,0.0,,,0.0,none
7,0.4_BSA_COOH_magnet_r2,0.0,0.003590833333333333,9.289583333333333,6.697618402989409,1584.5126113891602,present
22,0.4_BSA_COOH_magnet_r2,1.0,0.9903388888888889,1.68125,3.2666500536700993,4942.90242767334,present
34,0.4_BSA_COOH_magnet_r2,2.0,1.9990786111111112,1.6583333333333332,3.160907205948802,4680.356609344482,present
46,0.4_BSA_COOH_magnet_r2,3.0,3.007703333333333,8.372916666666667,5.9011243753296485,1877.1522903442383,present
58,0.4_BSA_COOH_magnet_r2,4.0,3.9866800000000002,1.68125,3.5161533421138045,4793.618068695068,present
70,0.4_BSA_COOH_magnet_r2,5.0,5.010067777777778,1.6583333333333332,3.1511987904037317,3712.103527069092,present
82,0.4_BSA_COOH_magnet_r2,6.0,5.9922441666666675,1.68125,3.0879956145646257,4341.980377197266,present
94,0.4_BSA_COOH_magnet_r2,7.5,7.546325277777778,1.6354166666666665,5.702729851789755,1601.7661094665527,present
106,0.4_BSA_COOH_magnet_r2,9.0,9.01643111111111,1.68125,3.246329139457699,3638.0837326049805,present
118,0.4_BSA_COOH_magnet_r2,10.5,10.495712222222222,1.6124999999999998,2.777892724419814,4517.463821411133,present
130,0.4_BSA_COOH_magnet_r2,12.0,11.841568055555555,1.6583333333333332,3.5827987391265674,2910.6460456848145,present
142,0.4_BSA_COOH_magnet_r2,21.5,21.490722777777776,1.6124999999999998,4.448239909783212,3582.8978424072266,present
10,0.4_BSA_COOH_magnet_r3,0.0,0.0,,,0.0,none
11,0.4_BSA_COOH_magnet_r3,0.0,0.003365277777777778,2.4145833333333333,6.036237649065409,1868.327772140503,present
23,0.4_BSA_COOH_magnet_r3,1.0,0.9722002777777777,0.6499999999999999,5.61532401288812,2166.226396560669,present
35,0.4_BSA_COOH_magnet_r3,2.0,1.9780955555555557,2.1395833333333334,3.1874215550930156,4346.518394470215,present
47,0.4_BSA_COOH_magnet_r3,3.0,2.9858119444444444,2.1625,3.490845270043921,4456.19016456604,present
59,0.4_BSA_COOH_magnet_r3,4.0,3.9628508333333334,2.185416666666667,3.8045764745266077,4596.2879638671875,present
71,0.4_BSA_COOH_magnet_r3,5.0,4.989804722222222,2.1395833333333334,4.425474766091687,4600.77557182312,present
83,0.4_BSA_COOH_magnet_r3,6.0,5.970963888888889,2.1395833333333334,3.28884500940222,4054.485258102417,present
95,0.4_BSA_COOH_magnet_r3,7.5,7.524082222222222,2.1395833333333334,3.2060653866212516,3691.9774494171143,present
107,0.4_BSA_COOH_magnet_r3,9.0,8.99281,2.1625,3.2632504471467483,4034.078447341919,present
119,0.4_BSA_COOH_magnet_r3,10.5,10.472267777777777,2.1625,3.8439370552371943,4087.918312072754,present
131,0.4_BSA_COOH_magnet_r3,12.0,11.819709722222223,2.1395833333333334,4.631437934075226,3980.994451522827,present
143,0.4_BSA_COOH_magnet_r3,21.5,21.472598055555558,1.5208333333333335,3.57074801457299,3063.0188694000244,present
12,0.4_BSA_PEG_control_r1,0.0,0.0,,,0.0,none
25,0.4_BSA_PEG_control_r1,1.0,1.1437197222222222,2.8270833333333334,2.2701564168307296,3781.3836250305176,none
36,0.4_BSA_PEG_control_r1,2.0,1.839868888888889,2.1166666666666667,1.4721377817467904,3689.3609352111816,none
48,0.4_BSA_PEG_control_r1,3.0,2.8766522222222224,2.1166666666666667,1.632965526347306,3149.3937759399414,none
60,0.4_BSA_PEG_control_r1,4.0,3.8206422222222223,2.5520833333333335,2.270068837183183,3090.9441833496094,none
72,0.4_BSA_PEG_control_r1,5.0,4.8898069444444445,2.78125,2.368916680589502,2909.301528930664,none
84,0.4_BSA_PEG_control_r1,6.0,5.843908333333333,1.7270833333333333,2.161096269005051,1266.3670349121094,none
96,0.4_BSA_PEG_control_r1,7.5,7.411200555555555,1.6583333333333332,3.537867690783363,912.4359893798828,none
108,0.4_BSA_PEG_control_r1,9.0,8.857456944444445,2.0708333333333333,2.0501281529398625,1941.2624206542969,none
120,0.4_BSA_PEG_control_r1,10.5,10.338038888888889,2.025,2.28695306578376,1704.8460311889648,none
132,0.4_BSA_PEG_control_r1,12.0,11.716944444444444,2.002083333333333,2.4704805641690966,1736.7673416137695,none
144,0.4_BSA_PEG_control_r1,21.5,21.484715555555553,2.3229166666666665,2.29043536895468,2491.061923980713,none
24,0.4_BSA_PEG_control_r2,1.0,1.1317730555555554,2.277083333333333,2.7776420729200777,7736.671005249023,none
37,0.4_BSA_PEG_control_r2,2.0,1.8397400000000002,2.3,2.4070917317620495,6680.674551010132,none
49,0.4_BSA_PEG_control_r2,3.0,2.8773519444444444,2.254166666666667,2.7758379413350673,6615.162441253662,none
61,0.4_BSA_PEG_control_r2,4.0,3.8242352777777775,2.0708333333333333,3.0178601972535204,4834.093112945557,none
73,0.4_BSA_PEG_control_r2,5.0,4.890094444444444,2.254166666666667,3.376163841182089,4887.857036590576,none
85,0.4_BSA_PEG_control_r2,6.0,5.843514444444444,3.0562500000000004,4.494477776371143,4095.3666038513184,none
97,0.4_BSA_PEG_control_r2,7.5,7.415744166666666,1.6354166666666665,2.878498877808728,4431.772274017334,none
109,0.4_BSA_PEG_control_r2,9.0,8.86184861111111,1.68125,2.9655798191259093,5134.030963897705,none
121,0.4_BSA_PEG_control_r2,10.5,10.340594444444445,2.0708333333333333,2.5158066604399365,5223.284225463867,none
133,0.4_BSA_PEG_control_r2,12.0,11.718636666666665,1.6583333333333332,3.04286377265827,5223.305320739746,none
145,0.4_BSA_PEG_control_r2,21.5,21.4852825,2.689583333333333,2.6176643780183304,5346.1042137146,none
14,0.4_BSA_PEG_control_r3,0.0,0.0,,,0.0,none
26,0.4_BSA_PEG_control_r3,1.0,1.1394597222222222,2.345833333333333,2.0451871886855635,4221.373435974121,none
38,0.4_BSA_PEG_control_r3,2.0,1.84029,3.010416666666667,3.03954594792829,5166.639274597168,none
50,0.4_BSA_PEG_control_r3,3.0,2.878693611111111,2.3229166666666665,2.3892406889033877,4763.695468902588,none
62,0.4_BSA_PEG_control_r3,4.0,3.8328933333333333,2.3,2.5771792097293895,3430.049491882324,none
74,0.4_BSA_PEG_control_r3,5.0,4.891120555555555,1.1770833333333335,3.282398819217559,427.8162498474121,none
86,0.4_BSA_PEG_control_r3,6.0,5.844399444444444,1.0395833333333333,4.297584132304531,1516.6291847229004,none
98,0.4_BSA_PEG_control_r3,7.5,7.420378333333334,1.8875000000000002,3.3801563334225966,1964.5080451965332,none
110,0.4_BSA_PEG_control_r3,9.0,8.862799444444445,1.8416666666666668,3.10947579340293,2331.439136505127,none
122,0.4_BSA_PEG_control_r3,10.5,10.344313055555556,1.9333333333333331,3.0988576687800666,2324.1669578552246,none
134,0.4_BSA_PEG_control_r3,12.0,11.720556111111112,1.9562499999999998,3.4537991496046376,2389.343921661377,none
146,0.4_BSA_PEG_control_r3,21.5,21.48616388888889,2.185416666666667,2.866012225432936,2634.799587249756,none
0,0.4_BSA_PEG_magnet_r1,0.0,0.0,,,0.0,none
1,0.4_BSA_PEG_magnet_r1,0.0,0.002725,0.48958333333333326,7.455038478003841,480.3526039123535,present
18,0.4_BSA_PEG_magnet_r1,1.0,0.9922913888888888,0.6041666666666667,5.368656498205962,684.7770385742188,present
30,0.4_BSA_PEG_magnet_r1,2.0,2.004700833333333,2.254166666666667,3.1499990181700515,3013.635799407959,present
42,0.4_BSA_PEG_magnet_r1,3.0,3.0122180555555556,2.3,3.2853357602869013,3042.574378967285,present
54,0.4_BSA_PEG_magnet_r1,4.0,4.003454444444444,3.1708333333333334,3.6492621069652698,3504.958465576172,present
66,0.4_BSA_PEG_magnet_r1,5.0,5.004398611111111,3.2854166666666664,3.3440652914054367,3821.2673873901367,present
78,0.4_BSA_PEG_magnet_r1,6.0,6.0040563888888885,2.64375,2.7706908565253836,3395.3361282348633,present
90,0.4_BSA_PEG_magnet_r1,7.5,7.561906666666667,3.0791666666666666,2.143781816372217,4606.183917999268,present
102,0.4_BSA_PEG_magnet_r1,9.0,9.033332222222223,3.2625,2.910157131758615,3473.7581062316895,present
114,0.4_BSA_PEG_magnet_r1,10.5,10.514729166666667,3.60625,2.9617769677106542,3362.5781898498535,present
126,0.4_BSA_PEG_magnet_r1,12.0,11.8551,3.583333333333333,2.413321862806732,5059.0619468688965,present
138,0.4_BSA_PEG_magnet_r1,21.5,21.470295833333335,3.7895833333333337,3.843317902464048,1628.5784759521484,present
2,0.4_BSA_PEG_magnet_r2,0.0,0.0,,,0.0,none
3,0.4_BSA_PEG_magnet_r2,0.0,0.004429444444444444,1.7270833333333333,3.0401059975380473,3697.4252700805664,present
19,0.4_BSA_PEG_magnet_r2,1.0,0.9905477777777778,2.09375,6.338152698201585,1355.507526397705,present
31,0.4_BSA_PEG_magnet_r2,2.0,2.002050833333333,1.75,7.675578448556056,889.4442481994629,present
43,0.4_BSA_PEG_magnet_r2,3.0,3.0123269444444447,1.7270833333333333,3.002600611493235,3366.0121536254883,present
55,0.4_BSA_PEG_magnet_r2,4.0,3.999629166666667,9.289583333333333,7.992208055467577,825.2038383483887,present
67,0.4_BSA_PEG_magnet_r2,5.0,5.007968333333333,9.289583333333333,6.911203591393429,1010.605411529541,present
79,0.4_BSA_PEG_magnet_r2,6.0,5.999799722222222,1.7041666666666666,2.372156322292204,4401.097278594971,present
91,0.4_BSA_PEG_magnet_r2,7.5,7.558867222222222,1.7041666666666666,2.7032695062659653,4705.044326782227,present
103,0.4_BSA_PEG_magnet_r2,9.0,9.028573333333334,1.7041666666666666,3.0095004979687596,2320.908214569092,present
115,0.4_BSA_PEG_magnet_r2,10.5,10.510195833333334,1.68125,2.777561368589809,2152.592575073242,present
127,0.4_BSA_PEG_magnet_r2,12.0,11.85252388888889,1.7270833333333333,3.790300989626393,4556.429962158203,present
139,0.4_BSA_PEG_magnet_r2,21.5,21.47313611111111,1.5437500000000002,4.795521213925444,1495.7494812011719,present
4,0.4_BSA_PEG_magnet_r3,0.0,0.0,,,0.0,none
5,0.4_BSA_PEG_magnet_r3,0.0,0.003930833333333333,,7.27330123628966,149.6475601196289,present
20,0.4_BSA_PEG_magnet_r3,1.0,0.9833680555555555,2.50625,2.6552932879213853,4250.285087585449,present
32,0.4_BSA_PEG_magnet_r3,2.0,1.9933469444444445,2.1166666666666667,3.693092793773921,2558.938087463379,present
44,0.4_BSA_PEG_magnet_r3,3.0,3.0049952777777778,3.010416666666667,3.939422709723377,2462.0357780456543,present
56,0.4_BSA_PEG_magnet_r3,4.0,3.990617777777778,2.8041666666666667,3.2310332271190374,2226.8225173950195,present
68,0.4_BSA_PEG_magnet_r3,5.0,5.009196944444445,3.7895833333333337,3.6932827183805226,2842.4667434692383,present
80,0.4_BSA_PEG_magnet_r3,6.0,5.991146111111111,1.6583333333333332,3.3270106649829048,2350.6225776672363,present
92,0.4_BSA_PEG_magnet_r3,7.5,7.551198888888889,1.2229166666666669,3.1511920131134836,2433.6829566955566,present
104,0.4_BSA_PEG_magnet_r3,9.0,9.019939166666667,3.4458333333333337,3.1452453500780626,2283.9027214050293,present
116,0.4_BSA_PEG_magnet_r3,10.5,10.500663055555556,3.7437500000000004,2.854709256981774,2058.380569458008,present
128,0.4_BSA_PEG_magnet_r3,12.0,11.842707500000001,2.78125,2.10111081377282,2545.3093223571777,present
140,0.4_BSA_PEG_magnet_r3,21.5,21.47202,3.560416666666667,2.8207945326110866,2697.1181411743164,present
165,0.4_non-BSA_COOH_control_r1,0.0,0.0,,,0.0,none
178,0.4_non-BSA_COOH_control_r1,1.0,1.0713133333333333,1.7958333333333334,4.558857881029267,2513.525930404663,none
189,0.4_non-BSA_COOH_control_r1,2.0,1.7737677777777778,2.8270833333333334,2.8577901942707453,3681.3969764709473,none
201,0.4_non-BSA_COOH_control_r1,3.0,2.819283611111111,0.7875000000000001,1.594420912437161,1695.8001384735107,none
213,0.4_non-BSA_COOH_control_r1,4.0,3.7920080555555553,2.345833333333333,2.1373373687560555,1916.009630203247,none
225,0.4_non-BSA_COOH_control_r1,5.0,4.855335277777777,2.91875,3.0483844522293198,3953.769989013672,none
237,0.4_non-BSA_COOH_control_r1,6.0,5.81421,2.597916666666667,3.4600335567875713,2710.3753662109375,none
249,0.4_non-BSA_COOH_control_r1,7.5,7.3893636111111105,3.0791666666666666,3.241154680202666,3927.87486076355,none
261,0.4_non-BSA_COOH_control_r1,9.0,8.819874722222222,0.5125,3.0773501640803995,2081.009590148926,none
273,0.4_non-BSA_COOH_control_r1,10.5,10.28707,2.689583333333333,3.5640999182910824,2765.921314239502,none
285,0.4_non-BSA_COOH_control_r1,12.0,11.671375277777779,0.6958333333333333,2.000018890827341,1668.3834686279297,none
297,0.4_non-BSA_COOH_control_r1,21.5,21.460735833333334,0.7875000000000001,3.080391081397459,2893.564012527466,none
166,0.4_non-BSA_COOH_control_r2,0.0,0.0,,,0.0,none
177,0.4_non-BSA_COOH_control_r2,1.0,1.0604019444444446,1.81875,1.4733541688387433,2716.7999534606934,none
190,0.4_non-BSA_COOH_control_r2,2.0,1.7706272222222221,1.81875,2.8456086847508786,3053.6900901794434,none
202,0.4_non-BSA_COOH_control_r2,3.0,2.8187308333333334,1.8416666666666668,2.6011823789993587,3175.0212326049805,none
214,0.4_non-BSA_COOH_control_r2,4.0,3.7901080555555553,1.9104166666666669,3.3195148094491045,3534.391498565674,none
226,0.4_non-BSA_COOH_control_r2,5.0,4.856204166666666,1.9791666666666665,3.599510380401918,3627.33939743042,none
238,0.4_non-BSA_COOH_control_r2,6.0,5.813453055555556,2.09375,3.9124089046152326,3480.601589202881,none
250,0.4_non-BSA_COOH_control_r2,7.5,7.386910277777778,2.0708333333333333,3.6871344983969996,3643.9756469726562,none
262,0.4_non-BSA_COOH_control_r2,9.0,8.819223611111111,2.09375,3.6974862484483757,3343.581344604492,none
274,0.4_non-BSA_COOH_control_r2,10.5,10.28375388888889,2.23125,3.8856386020302334,3448.1538429260254,none
286,0.4_non-BSA_COOH_control_r2,12.0,11.667248055555556,2.2083333333333335,3.8820359799826485,3660.795036315918,none
298,0.4_non-BSA_COOH_control_r2,21.5,21.457260555555557,2.3229166666666665,3.1134973670326125,3344.0228385925293,none
167,0.4_non-BSA_COOH_control_r3,0.0,0.0,,,0.0,none
179,0.4_non-BSA_COOH_control_r3,1.0,1.0638144444444444,2.50625,2.0229134223182856,865.1984672546387,none
191,0.4_non-BSA_COOH_control_r3,2.0,1.7714672222222223,1.3145833333333332,1.0680381983241671,3692.9013710021973,none
203,0.4_non-BSA_COOH_control_r3,3.0,2.819856388888889,2.185416666666667,2.4025681098796956,1965.5885467529297,none
215,0.4_non-BSA_COOH_control_r3,4.0,3.791086111111111,2.1395833333333334,2.7223933863937537,2407.231300354004,none
227,0.4_non-BSA_COOH_control_r3,5.0,4.881884444444444,1.4520833333333334,1.3362847539066711,3990.2457237243652,none
239,0.4_non-BSA_COOH_control_r3,6.0,5.814955277777778,2.185416666666667,3.0058570937368367,1931.1488647460938,none
251,0.4_non-BSA_COOH_control_r3,7.5,7.387715,2.2083333333333335,2.9728172230194896,2093.270477294922,none
263,0.4_non-BSA_COOH_control_r3,9.0,8.81830361111111,2.2083333333333335,2.702947182735086,2262.1750869750977,none
275,0.4_non-BSA_COOH_control_r3,10.5,10.284294444444445,1.4979166666666668,1.347449259895957,4006.7470092773438,none
287,0.4_non-BSA_COOH_control_r3,12.0,11.667027777777779,1.4520833333333334,1.1679174723438854,3525.767078399658,none
299,0.4_non-BSA_COOH_control_r3,21.5,21.456968055555556,2.4145833333333333,1.5003530513060137,4103.953884124756,none
156,0.4_non-BSA_COOH_magnet_r1,0.0,0.0,,,0.0,none
158,0.4_non-BSA_COOH_magnet_r1,0.0,0.02009722222222222,1.2687499999999998,4.405034973901403,1989.9962005615234,present
171,0.4_non-BSA_COOH_magnet_r1,1.0,0.9823577777777778,1.1541666666666668,3.9154199689336777,2623.166763305664,present
183,0.4_non-BSA_COOH_magnet_r1,2.0,1.9323780555555554,1.81875,4.1477435499711435,2227.789993286133,present
195,0.4_non-BSA_COOH_magnet_r1,3.0,2.955236944444444,2.09375,3.726956684722442,2528.236038208008,present
207,0.4_non-BSA_COOH_magnet_r1,4.0,3.9134116666666663,2.1166666666666667,3.703782782822059,2568.0066871643066,present
219,0.4_non-BSA_COOH_magnet_r1,5.0,4.942044444444445,1.8416666666666668,4.993696316132524,2099.3600311279297,present
231,0.4_non-BSA_COOH_magnet_r1,6.0,5.9254147222222215,2.09375,3.690952710754886,2389.5998573303223,present
243,0.4_non-BSA_COOH_magnet_r1,7.5,7.476616111111111,1.8416666666666668,4.975315633995915,2779.4212074279785,present
255,0.4_non-BSA_COOH_magnet_r1,9.0,8.943709444444444,1.7958333333333334,4.9617578942012655,2354.88138961792,present
267,0.4_non-BSA_COOH_magnet_r1,10.5,10.419192222222222,1.7729166666666667,5.038622435732368,2631.2355766296387,present
279,0.4_non-BSA_COOH_magnet_r1,12.0,11.773728611111112,1.1770833333333335,4.863120590113081,1707.4888000488281,present
291,0.4_non-BSA_COOH_magnet_r1,21.5,21.437309444444445,1.13125,4.826582055607385,1320.8000373840332,present
157,0.4_non-BSA_COOH_magnet_r2,0.0,0.0,,,0.0,none
159,0.4_non-BSA_COOH_magnet_r2,0.0,0.01948527777777778,2.254166666666667,6.319065483638045,1414.0573501586914,present
172,0.4_non-BSA_COOH_magnet_r2,1.0,0.9817763888888889,2.23125,6.526746380542919,1804.1886749267578,present
184,0.4_non-BSA_COOH_magnet_r2,2.0,1.9291,1.6354166666666665,5.630631579706725,2059.7359199523926,present
196,0.4_non-BSA_COOH_magnet_r2,3.0,2.9518691666666665,2.529166666666667,3.9501799037229093,3061.9815216064453,present
208,0.4_non-BSA_COOH_magnet_r2,4.0,3.9087247222222223,2.529166666666667,3.8770896072409036,3133.3998260498047,present
220,0.4_non-BSA_COOH_magnet_r2,5.0,4.940291388888888,0.7645833333333334,4.103844118240811,2882.2911949157715,present
232,0.4_non-BSA_COOH_magnet_r2,6.0,5.921491666666666,1.5437500000000002,3.5879198305889592,3262.199878692627,present
244,0.4_non-BSA_COOH_magnet_r2,7.5,7.4755025,1.5208333333333335,3.5201459325646702,3097.7379417419434,present
256,0.4_non-BSA_COOH_magnet_r2,9.0,8.939815555555555,1.5437500000000002,3.3290501701860955,2847.713264465332,present
268,0.4_non-BSA_COOH_magnet_r2,10.5,10.415666111111111,1.5666666666666669,4.747777774743868,2903.439422607422,present
280,0.4_non-BSA_COOH_magnet_r2,12.0,11.769388611111111,1.5437500000000002,3.4544907895177084,2701.9048500061035,present
293,0.4_non-BSA_COOH_magnet_r2,21.5,21.540373055555555,1.5666666666666669,2.6907786300606396,1998.7141380310059,present
160,0.4_non-BSA_COOH_magnet_r3,0.0,0.0,,,0.0,none
161,0.4_non-BSA_COOH_magnet_r3,0.0,0.0057308333333333334,1.6583333333333332,6.017397598823409,4157.062522888184,present
173,0.4_non-BSA_COOH_magnet_r3,1.0,0.9620480555555556,1.7729166666666667,6.685493908977033,1815.8572120666504,present
185,0.4_non-BSA_COOH_magnet_r3,2.0,1.9068488888888888,2.3,6.4740210559056495,1904.2487411499023,present
197,0.4_non-BSA_COOH_magnet_r3,3.0,2.933236388888889,1.4291666666666667,6.197319280218596,2226.052558898926,present
209,0.4_non-BSA_COOH_magnet_r3,4.0,3.886476111111111,2.597916666666667,5.723389030810081,2243.1601028442383,present
221,0.4_non-BSA_COOH_magnet_r3,5.0,4.9214938888888895,0.8104166666666666,4.818174803473534,3866.4037132263184,present
233,0.4_non-BSA_COOH_magnet_r3,6.0,5.900121666666666,2.7125,5.733319438755104,2365.2693214416504,present
245,0.4_non-BSA_COOH_magnet_r3,7.5,7.456574722222222,3.1020833333333337,5.4204866920786134,2149.186252593994,present
257,0.4_non-BSA_COOH_magnet_r3,9.0,8.91737111111111,3.2625,5.735915149486984,2178.5072288513184,present
269,0.4_non-BSA_COOH_magnet_r3,10.5,10.394478333333334,4.339583333333334,4.795128601721457,4252.031887054443,present
281,0.4_non-BSA_COOH_magnet_r3,12.0,11.750004722222222,3.354166666666667,5.263476801040136,2314.7073516845703,present
292,0.4_non-BSA_COOH_magnet_r3,21.5,21.411106666666665,3.9958333333333336,5.356376256189736,2689.324836730957,present
162,0.4_non-BSA_PEG_control_r1,0.0,0.0,,,0.0,none
174,0.4_non-BSA_PEG_control_r1,1.0,1.064535277777778,2.7125,3.9241373913244915,2424.733943939209,none
186,0.4_non-BSA_PEG_control_r1,2.0,1.7706291666666667,2.7354166666666666,4.630611965229781,2569.5829219818115,none
198,0.4_non-BSA_PEG_control_r1,3.0,2.8124008333333332,2.7125,3.6919261756090505,2115.6718940734863,none
210,0.4_non-BSA_PEG_control_r1,4.0,3.781645277777778,0.8333333333333333,4.4395639908807265,1571.8835430145264,none
222,0.4_non-BSA_PEG_control_r1,5.0,4.842811666666666,2.7125,6.310950691107219,1478.078420639038,none
234,0.4_non-BSA_PEG_control_r1,6.0,5.793860555555556,0.6958333333333333,5.845812938209699,2031.2327346801758,none
246,0.4_non-BSA_PEG_control_r1,7.5,7.369033055555556,0.71875,5.337834304550399,2333.3207836151123,none
258,0.4_non-BSA_PEG_control_r1,9.0,8.806048333333333,2.7583333333333333,6.506645048005881,1554.4719867706299,none
270,0.4_non-BSA_PEG_control_r1,10.5,10.281145833333333,2.8041666666666667,6.814545241337691,2107.389856338501,none
282,0.4_non-BSA_PEG_control_r1,12.0,11.665580833333333,0.7416666666666667,5.438150149982094,2256.399368286133,none
294,0.4_non-BSA_PEG_control_r1,21.5,21.436220277777778,0.8333333333333333,4.661363355733485,2478.385227203369,none
163,0.4_non-BSA_PEG_control_r2,0.0,0.0,,,0.0,none
175,0.4_non-BSA_PEG_control_r2,1.0,1.064583611111111,0.71875,2.4427897612659666,8362.064615249634,none
187,0.4_non-BSA_PEG_control_r2,2.0,1.7703408333333333,2.09375,1.4192516000685071,1666.7962665557861,none
199,0.4_non-BSA_PEG_control_r2,3.0,2.812955833333333,0.7645833333333334,2.4561656499768,8953.376699447632,none
211,0.4_non-BSA_PEG_control_r2,4.0,3.784238333333333,1.13125,2.7991795896955147,900.3684825897217,none
223,0.4_non-BSA_PEG_control_r2,5.0,4.848487777777778,3.239583333333333,3.9855830892891424,3084.134229660034,none
235,0.4_non-BSA_PEG_control_r2,6.0,5.799760277777778,2.689583333333333,3.9982416789905195,1171.782075881958,none
247,0.4_non-BSA_PEG_control_r2,7.5,7.378000833333333,0.71875,2.575947642927359,7742.619455337524,none
259,0.4_non-BSA_PEG_control_r2,9.0,8.812120555555556,3.33125,3.9061382505597035,2992.9632778167725,none
271,0.4_non-BSA_PEG_control_r2,10.5,10.282797500000001,1.75,4.123250381190195,1037.950584411621,none
283,0.4_non-BSA_PEG_control_r2,12.0,11.66596111111111,0.3979166666666667,6.341137539419164,945.2130374908447,none
295,0.4_non-BSA_PEG_control_r2,21.5,21.435987777777775,3.33125,4.357935409519031,2805.9746379852295,none
164,0.4_non-BSA_PEG_control_r3,0.0,0.0,,,0.0,none
176,0.4_non-BSA_PEG_control_r3,1.0,1.0642058333333333,2.345833333333333,1.9084380278638635,4307.698280334473,none
188,0.4_non-BSA_PEG_control_r3,2.0,1.7697119444444445,2.941666666666667,2.476703948495589,5054.240459442139,none
200,0.4_non-BSA_PEG_control_r3,3.0,2.8147219444444445,3.033333333333333,2.613032139237077,5410.4121952056885,none
212,0.4_non-BSA_PEG_control_r3,4.0,3.786111111111111,3.1020833333333337,2.6463834873247003,5713.55729675293,none
224,0.4_non-BSA_PEG_control_r3,5.0,4.850515555555556,3.125,2.686882054230618,5371.2903175354,none
236,0.4_non-BSA_PEG_control_r3,6.0,5.8013119444444445,2.09375,1.9371317650356346,2972.8539505004883,none
248,0.4_non-BSA_PEG_control_r3,7.5,7.380157222222222,2.09375,1.9435813602843854,2795.543846130371,none
260,0.4_non-BSA_PEG_control_r3,9.0,8.816872777777776,2.4375,2.0535499076909196,3926.124771118164,none
272,0.4_non-BSA_PEG_control_r3,10.5,10.283478333333333,2.025,2.030005715195087,2291.8164138793945,none
284,0.4_non-BSA_PEG_control_r3,12.0,11.666114444444446,2.3916666666666666,2.0154357244831744,3169.593479156494,none
296,0.4_non-BSA_PEG_control_r3,21.5,21.4377675,2.254166666666667,1.8398063994718417,2783.2310485839844,none
150,0.4_non-BSA_PEG_magnet_r1,0.0,0.0,,,0.0,none
151,0.4_non-BSA_PEG_magnet_r1,0.0,0.0025166666666666666,1.40625,3.927455431836324,2865.126335144043,present
168,0.4_non-BSA_PEG_magnet_r1,1.0,0.9950441666666667,1.8416666666666668,5.968434014124022,2051.5888328552246,present
180,0.4_non-BSA_PEG_magnet_r1,2.0,1.949658611111111,2.345833333333333,3.6012188475676385,2655.225067138672,present
192,0.4_non-BSA_PEG_magnet_r1,3.0,2.9697155555555557,2.8958333333333335,5.166264632623963,1944.798267364502,present
204,0.4_non-BSA_PEG_magnet_r1,4.0,3.9363925,2.941666666666667,5.341257303358839,1924.2706108093262,present
216,0.4_non-BSA_PEG_magnet_r1,5.0,4.96174861111111,1.3145833333333332,3.3713024518004557,2801.427780151367,present
228,0.4_non-BSA_PEG_magnet_r1,6.0,5.944714722222223,1.3145833333333332,3.4250666531348597,2685.436305999756,present
240,0.4_non-BSA_PEG_magnet_r1,7.5,7.49820638888889,2.8958333333333335,4.61092212117834,2089.447437286377,present
252,0.4_non-BSA_PEG_magnet_r1,9.0,8.966922777777777,2.8041666666666667,4.434881033257945,2294.9413833618164,present
264,0.4_non-BSA_PEG_magnet_r1,10.5,10.44233,1.4520833333333334,3.601592653693268,2623.1904525756836,present
276,0.4_non-BSA_PEG_magnet_r1,12.0,11.793772222222223,1.40625,3.194689157897072,2474.452423095703,present
290,0.4_non-BSA_PEG_magnet_r1,21.5,21.460854722222223,2.4145833333333333,2.2970055712733872,3477.2655487060547,present
152,0.4_non-BSA_PEG_magnet_r2,0.0,0.0,,,0.0,none
153,0.4_non-BSA_PEG_magnet_r2,0.0,0.015191111111111112,1.7958333333333334,4.948592135906316,2240.0931301116943,present
169,0.4_non-BSA_PEG_magnet_r2,1.0,0.9963336111111111,0.5354166666666667,5.032404461074195,2828.5805644989014,present
181,0.4_non-BSA_PEG_magnet_r2,2.0,1.9455522222222223,2.23125,3.963084764004644,4422.389982223511,present
193,0.4_non-BSA_PEG_magnet_r2,3.0,2.9685047222222223,2.36875,3.201467561393572,3976.6362285614014,present
205,0.4_non-BSA_PEG_magnet_r2,4.0,3.9333405555555556,2.3916666666666666,3.2319362324405203,3988.3133640289307,present
217,0.4_non-BSA_PEG_magnet_r2,5.0,4.960262222222222,2.3229166666666665,4.136284287452685,4436.149488449097,present
229,0.4_non-BSA_PEG_magnet_r2,6.0,5.9395138888888885,2.4375,3.7031096839117827,3613.1325092315674,present
241,0.4_non-BSA_PEG_magnet_r2,7.5,7.493477222222222,2.36875,4.164903769108508,3847.9244327545166,present
253,0.4_non-BSA_PEG_magnet_r2,9.0,8.9620275,2.4145833333333333,4.1077957704944446,3635.999876022339,present
265,0.4_non-BSA_PEG_magnet_r2,10.5,10.440211944444444,2.4833333333333334,3.474396267629091,2943.5837078094482,present
277,0.4_non-BSA_PEG_magnet_r2,12.0,11.788889166666666,2.4145833333333333,4.310852618520908,3293.6015186309814,present
288,0.4_non-BSA_PEG_magnet_r2,21.5,21.439158333333335,1.4979166666666668,3.550115489189476,2724.8563232421875,present
154,0.4_non-BSA_PEG_magnet_r3,0.0,0.0,,,0.0,present
155,0.4_non-BSA_PEG_magnet_r3,0.0,0.003415,1.3833333333333333,4.567513137213768,2659.721866607666,present
170,0.4_non-BSA_PEG_magnet_r3,1.0,0.9834502777777777,1.40625,5.705519056377834,1891.797950744629,present
182,0.4_non-BSA_PEG_magnet_r3,2.0,1.93061,1.3375,4.30249482937301,2622.7243995666504,present
194,0.4_non-BSA_PEG_magnet_r3,3.0,2.9543661111111112,1.3145833333333332,5.811924441479008,1875.1317329406738,present
206,0.4_non-BSA_PEG_magnet_r3,4.0,3.917243333333333,1.3145833333333332,5.238341331410917,2081.2490043640137,present
218,0.4_non-BSA_PEG_magnet_r3,5.0,4.944280277777778,1.2916666666666665,5.305905851919325,2209.6979064941406,present
230,0.4_non-BSA_PEG_magnet_r3,6.0,5.925221666666666,1.2916666666666665,5.060735213096067,1748.9573593139648,present
242,0.4_non-BSA_PEG_magnet_r3,7.5,7.478892777777777,1.2687499999999998,3.170236880694198,3537.000072479248,present
254,0.4_non-BSA_PEG_magnet_r3,9.0,8.94751861111111,1.3145833333333332,4.866046657840319,1561.7082138061523,present
266,0.4_non-BSA_PEG_magnet_r3,10.5,10.423108055555556,1.2687499999999998,5.73777172820925,1366.9897804260254,present
278,0.4_non-BSA_PEG_magnet_r3,12.0,11.775558055555555,1.2916666666666665,5.500602419583877,1264.5001640319824,present
289,0.4_non-BSA_PEG_magnet_r3,21.5,21.426291111111112,1.1541666666666668,4.98917492832416,2546.9252433776855,present
315,0.6_BSA_COOH_control_r1,0.0,0.0,,,0.0,none
327,0.6_BSA_COOH_control_r1,1.0,1.1954872222222221,0.8104166666666666,3.208280006923908,1063.3968505859375,none
339,0.6_BSA_COOH_control_r1,2.0,1.8816875,0.6270833333333334,2.8588549187367174,2326.1425590515137,none
351,0.6_BSA_COOH_control_r1,3.0,2.9328844444444444,0.7416666666666667,2.012910405787595,1955.9048385620117,none
365,0.6_BSA_COOH_control_r1,4.0,4.128215,3.033333333333333,3.717257301631882,2694.625560760498,none
375,0.6_BSA_COOH_control_r1,5.0,5.034060277777777,2.50625,4.148462007831861,1481.7969245910645,none
388,0.6_BSA_COOH_control_r1,6.0,5.951402777777777,2.50625,4.031819689242852,1036.0625114440918,none
399,0.6_BSA_COOH_control_r1,7.5,7.5079047222222215,0.7416666666666667,3.0046182129003727,2176.5404739379883,none
411,0.6_BSA_COOH_control_r1,9.0,8.935586111111112,0.71875,3.9660589600901415,2921.9487113952637,none
423,0.6_BSA_COOH_control_r1,10.5,10.399769444444445,3.1479166666666663,3.9520108156869567,2827.167453765869,none
435,0.6_BSA_COOH_control_r1,12.0,11.776351666666667,0.7645833333333334,2.515191994358404,1891.3083190917969,none
447,0.6_BSA_COOH_control_r1,21.5,21.57308361111111,1.5895833333333331,4.43746938484902,1421.0258712768555,none
316,0.6_BSA_COOH_control_r2,0.0,0.0,,,0.0,none
328,0.6_BSA_COOH_control_r2,1.0,1.1944927777777778,2.2083333333333335,2.8160407685681594,1245.9154624938965,none
340,0.6_BSA_COOH_control_r2,2.0,1.8803916666666667,1.4520833333333334,1.4550211364550532,2521.8261222839355,none
352,0.6_BSA_COOH_control_r2,3.0,2.9382347222222225,1.68125,3.188853129312631,3393.168399810791,none
363,0.6_BSA_COOH_control_r2,4.0,3.917126388888889,3.125,2.937311621061048,1367.068546295166,none
376,0.6_BSA_COOH_control_r2,5.0,5.034592777777777,3.216666666666667,3.191204637035432,1287.7217750549316,none
387,0.6_BSA_COOH_control_r2,6.0,5.939937777777779,3.1479166666666663,3.370576949039191,984.0088233947754,none
400,0.6_BSA_COOH_control_r2,7.5,7.508203055555556,3.125,3.296128851053116,928.7867279052734,none
412,0.6_BSA_COOH_control_r2,9.0,8.939421388888888,1.475,1.8910837073802957,2065.429817199707,none
424,0.6_BSA_COOH_control_r2,10.5,10.399491944444446,2.3,3.7000158432785435,1086.036750793457,none
436,0.6_BSA_COOH_control_r2,12.0,11.775875277777777,1.3833333333333333,1.2044407342871783,1614.6265602111816,none
448,0.6_BSA_COOH_control_r2,21.5,21.57267333333333,1.5208333333333335,2.120478037903972,1879.9018020629883,none
317,0.6_BSA_COOH_control_r3,0.0,0.0,,,0.0,none
329,0.6_BSA_COOH_control_r3,1.0,1.1940580555555556,3.4916666666666663,3.7183262021268524,4088.848726272583,none
341,0.6_BSA_COOH_control_r3,2.0,1.8804055555555557,3.7437500000000004,3.5677721314610755,3971.8991870880127,none
353,0.6_BSA_COOH_control_r3,3.0,2.9404672222222223,3.1937499999999996,3.092239271425623,2922.4590435028076,none
364,0.6_BSA_COOH_control_r3,4.0,3.918184722222222,4.064583333333333,3.5886461165488464,4832.4056606292725,none
377,0.6_BSA_COOH_control_r3,5.0,5.036403333333333,4.064583333333333,4.110332904677759,4408.052000045776,none
389,0.6_BSA_COOH_control_r3,6.0,5.95004138888889,3.5145833333333334,3.2645557207286826,3265.7596225738525,none
401,0.6_BSA_COOH_control_r3,7.5,7.510513055555556,1.7729166666666667,4.019735628436904,4114.101926803589,none
413,0.6_BSA_COOH_control_r3,9.0,8.945913611111111,1.7958333333333334,4.039074147210567,4232.157506942749,none
425,0.6_BSA_COOH_control_r3,10.5,10.4014725,3.354166666666667,3.804214262427787,2312.054769515991,none
437,0.6_BSA_COOH_control_r3,12.0,11.776820555555554,1.75,4.004797254043322,4112.260683059692,none
449,0.6_BSA_COOH_control_r3,21.5,21.573666944444444,3.4916666666666663,3.589650131126531,3118.0988330841064,none
310,0.6_BSA_COOH_magnet_r1,0.0,0.0,,,0.0,present
321,0.6_BSA_COOH_magnet_r1,1.0,0.9253588888888888,1.3833333333333333,4.324798395212066,2298.3169174194336,present
333,0.6_BSA_COOH_magnet_r1,2.0,1.8595558333333333,2.23125,5.347327739739106,1437.8326568603516,present
345,0.6_BSA_COOH_magnet_r1,3.0,2.8978538888888887,2.36875,5.589242787250536,1349.366455078125,present
357,0.6_BSA_COOH_magnet_r1,4.0,3.842066944444445,3.1020833333333337,4.98789885667575,1932.7278327941895,present
369,0.6_BSA_COOH_magnet_r1,5.0,4.884673055555556,2.575,5.492804641914871,1709.6549758911133,present
381,0.6_BSA_COOH_magnet_r1,6.0,5.857300833333333,2.4604166666666667,4.8844366067114295,1332.39310836792,present
393,0.6_BSA_COOH_magnet_r1,7.5,7.420491944444445,2.345833333333333,5.750954752969709,1367.855770111084,present
417,0.6_BSA_COOH_magnet_r1,10.5,10.351131388888888,2.5520833333333335,5.062553678104812,1309.510829925537,present
429,0.6_BSA_COOH_magnet_r1,12.0,11.707921666666666,2.36875,5.489323151491663,1328.058937072754,present
441,0.6_BSA_COOH_magnet_r1,21.5,21.391161666666665,3.033333333333333,6.557811268233008,1243.5048599243164,present
306,0.6_BSA_COOH_magnet_r2,0.0,0.0,,,0.0,present
307,0.6_BSA_COOH_magnet_r2,0.0,0.0036088888888888893,1.3833333333333333,3.390896066917593,4084.1143074035645,present
311,0.6_BSA_COOH_magnet_r2,0.0,0.021250833333333333,1.0166666666666666,3.0405284926413967,3729.1552181243896,present
322,0.6_BSA_COOH_magnet_r2,1.0,0.9489297222222222,1.2687499999999998,3.88844859636107,3391.930690765381,present
334,0.6_BSA_COOH_magnet_r2,2.0,1.8807272222222224,1.3604166666666666,5.934940641417036,2677.0654945373535,present
346,0.6_BSA_COOH_magnet_r2,3.0,2.9204994444444448,1.3375,4.970722538113033,1908.8128204345703,present
358,0.6_BSA_COOH_magnet_r2,4.0,3.8613294444444444,0.4437500000000001,3.9679233537505625,4513.877841949463,present
370,0.6_BSA_COOH_magnet_r2,5.0,4.905114166666666,1.3833333333333333,5.458841090774058,3009.3272094726562,present
382,0.6_BSA_COOH_magnet_r2,6.0,5.876558055555556,1.40625,4.231629099427718,2673.4179248809814,present
394,0.6_BSA_COOH_magnet_r2,7.5,7.442943611111112,1.3833333333333333,4.492715976406516,2552.9348526000977,present
406,0.6_BSA_COOH_magnet_r2,9.0,8.908748611111111,1.3833333333333333,4.218892164895853,2531.799629211426,present
418,0.6_BSA_COOH_magnet_r2,10.5,10.378783055555555,1.40625,4.335242960853342,2292.33699798584,present
430,0.6_BSA_COOH_magnet_r2,12.0,11.727097777777779,1.4291666666666667,3.7493490125459688,2427.429880142212,present
442,0.6_BSA_COOH_magnet_r2,21.5,21.412558333333337,1.4291666666666667,4.905622036862821,3158.332134246826,present
308,0.6_BSA_COOH_magnet_r3,0.0,0.0,,,0.0,present
309,0.6_BSA_COOH_magnet_r3,0.0,0.0038391666666666665,1.2458333333333331,4.030737436619022,2830.9604148864746,present
323,0.6_BSA_COOH_magnet_r3,1.0,0.9508916666666667,0.9708333333333334,2.9059886049346324,3090.3207511901855,present
335,0.6_BSA_COOH_magnet_r3,2.0,1.87903,2.1625,3.5274080437399826,3043.991500854492,present
347,0.6_BSA_COOH_magnet_r3,3.0,2.9201372222222224,2.85,4.921353397983899,1333.632453918457,present
359,0.6_BSA_COOH_magnet_r3,4.0,3.858344166666667,2.8958333333333335,4.9584382199127335,2014.6195755004883,present
371,0.6_BSA_COOH_magnet_r3,5.0,4.9034716666666665,2.3,3.6507501986119797,2799.5855445861816,present
383,0.6_BSA_COOH_magnet_r3,6.0,5.8743002777777775,1.1541666666666668,3.361152730965036,2719.137985229492,present
395,0.6_BSA_COOH_magnet_r3,7.5,7.438732777777777,1.1541666666666668,3.495383226526872,2612.127368927002,present
407,0.6_BSA_COOH_magnet_r3,9.0,8.904375833333333,2.7583333333333333,2.6391845383656936,2478.616138458252,present
419,0.6_BSA_COOH_magnet_r3,10.5,10.384293055555556,1.1541666666666668,2.715305779088898,4552.911540985107,present
431,0.6_BSA_COOH_magnet_r3,12.0,11.724944722222222,1.1541666666666668,2.6534092490056005,4574.842319488525,present
443,0.6_BSA_COOH_magnet_r3,21.5,21.412031388888888,1.1770833333333335,4.690727702397295,1622.5576057434082,present
312,0.6_BSA_PEG_control_r1,0.0,0.0,,,0.0,none
324,0.6_BSA_PEG_control_r1,1.0,1.171736111111111,1.2000000000000002,1.1826973556202116,2631.9146003723145,none
336,0.6_BSA_PEG_control_r1,2.0,1.8818758333333332,1.475,3.0486778058265407,4027.708427429199,none
348,0.6_BSA_PEG_control_r1,3.0,2.9299583333333334,1.4520833333333334,1.474397225131296,2689.4165573120117,none
360,0.6_BSA_PEG_control_r1,4.0,3.905635,1.5208333333333335,3.047145216604528,1276.0948791503906,none
374,0.6_BSA_PEG_control_r1,5.0,5.035576111111111,1.3375,3.970148071579154,1254.1476249694824,none
384,0.6_BSA_PEG_control_r1,6.0,5.932275,2.277083333333333,3.157429079763648,4603.203525543213,none
396,0.6_BSA_PEG_control_r1,7.5,7.498686111111112,2.277083333333333,3.2632968936580555,4295.295623779297,none
408,0.6_BSA_PEG_control_r1,9.0,8.926903055555556,2.3229166666666665,3.187609455382698,4495.540431976318,none
420,0.6_BSA_PEG_control_r1,10.5,10.395994722222222,2.185416666666667,3.321004003243566,4153.532897949219,none
432,0.6_BSA_PEG_control_r1,12.0,11.775980277777778,1.5208333333333335,2.3151013518246475,3818.0855140686035,none
444,0.6_BSA_PEG_control_r1,21.5,21.56839277777778,1.5208333333333335,1.8670740962098407,3741.068820953369,none
313,0.6_BSA_PEG_control_r2,0.0,0.0,,,0.0,none
325,0.6_BSA_PEG_control_r2,1.0,1.1720133333333331,3.0562500000000004,2.6465730521576876,3280.6720008850098,none
337,0.6_BSA_PEG_control_r2,2.0,1.8817300000000001,2.4604166666666667,1.744368079087232,2872.586681365967,none
349,0.6_BSA_PEG_control_r2,3.0,2.930559722222222,2.597916666666667,1.886566844304478,3075.3533782958984,none
361,0.6_BSA_PEG_control_r2,4.0,3.9077911111111114,2.4604166666666667,1.938679334893592,2845.570125579834,none
372,0.6_BSA_PEG_control_r2,5.0,4.995215,2.23125,1.8622613612155883,2401.4064750671387,none
385,0.6_BSA_PEG_control_r2,6.0,5.9363624999999995,2.941666666666667,2.7964559943829093,2892.12589263916,none
397,0.6_BSA_PEG_control_r2,7.5,7.500279166666667,1.9562499999999998,1.7569096172865493,1648.5996894836426,none
409,0.6_BSA_PEG_control_r2,9.0,8.9289875,2.964583333333333,2.7313171808198806,2862.386184692383,none
421,0.6_BSA_PEG_control_r2,10.5,10.398303333333333,1.9562499999999998,2.062646507995056,1633.5406341552734,none
433,0.6_BSA_PEG_control_r2,12.0,11.776801666666666,2.4833333333333334,2.481676362798144,1959.1051597595215,none
314,0.6_BSA_PEG_control_r3,0.0,0.0,,,0.0,none
326,0.6_BSA_PEG_control_r3,1.0,1.1718875,3.033333333333333,2.7077506605167247,3999.66463470459,none
338,0.6_BSA_PEG_control_r3,2.0,1.8815477777777778,2.4145833333333333,1.753978723207912,3793.4515342712402,none
350,0.6_BSA_PEG_control_r3,3.0,2.9308022222222223,3.1708333333333334,2.727016811254024,4108.038040161133,none
362,0.6_BSA_PEG_control_r3,4.0,3.908552777777778,2.91875,2.6211613593510736,4279.513397216797,none
373,0.6_BSA_PEG_control_r3,5.0,4.995335,2.9875,2.758226285676492,4071.511932373047,none
386,0.6_BSA_PEG_control_r3,6.0,5.937602222222222,2.345833333333333,1.9878961324241156,3727.9465370178223,none
398,0.6_BSA_PEG_control_r3,7.5,7.501418611111111,2.0708333333333333,1.765406483369151,3153.9598693847656,none
410,0.6_BSA_PEG_control_r3,9.0,8.929721944444445,2.964583333333333,2.592924946230566,4679.622272491455,none
422,0.6_BSA_PEG_control_r3,10.5,10.39894,1.5666666666666669,1.401123351049832,1626.9475708007812,none
434,0.6_BSA_PEG_control_r3,12.0,11.777274444444444,1.9333333333333331,1.757993146552581,2780.6881828308105,none
446,0.6_BSA_PEG_control_r3,21.5,21.5705,2.4604166666666667,1.9496330059605205,3660.9680137634277,none
300,0.6_BSA_PEG_magnet_r1,0.0,0.0,,,0.0,present
301,0.6_BSA_PEG_magnet_r1,0.0,0.007480555555555555,0.23750000000000004,4.493844667205226,3323.239070892334,present
318,0.6_BSA_PEG_magnet_r1,1.0,0.9585533333333333,8.41875,6.484662387594644,1232.1469078063965,present
330,0.6_BSA_PEG_magnet_r1,2.0,1.9004555555555556,2.09375,5.035161531005801,2595.028305053711,present
342,0.6_BSA_PEG_magnet_r1,3.0,2.9305688888888892,2.23125,4.1261338638802405,1774.8783912658691,present
354,0.6_BSA_PEG_magnet_r1,4.0,3.8787588888888886,2.23125,4.302741012474581,1455.0985565185547,present
366,0.6_BSA_PEG_magnet_r1,5.0,4.920756388888889,0.9020833333333333,5.2197429878704265,3112.1117820739746,present
378,0.6_BSA_PEG_magnet_r1,6.0,5.895355277777777,0.85625,4.904255006870047,2116.8984146118164,present
390,0.6_BSA_PEG_magnet_r1,7.5,7.451094166666667,0.85625,4.158079372248716,2720.946765899658,present
402,0.6_BSA_PEG_magnet_r1,9.0,8.915735555555555,0.9020833333333333,4.061098078328884,2624.1275482177734,present
414,0.6_BSA_PEG_magnet_r1,10.5,10.391519722222222,0.8333333333333333,3.0713610606358253,3028.891502380371,present
426,0.6_BSA_PEG_magnet_r1,12.0,11.746597777777778,0.8333333333333333,3.811327757625284,2834.853717803955,present
438,0.6_BSA_PEG_magnet_r1,21.5,21.409823333333335,1.7729166666666667,4.956402620997042,1552.946865081787,present
302,0.6_BSA_PEG_magnet_r2,0.0,0.0,,,0.0,none
303,0.6_BSA_PEG_magnet_r2,0.0,0.005716111111111111,1.3833333333333333,2.325556042053874,2446.073627471924,present
305,0.6_BSA_PEG_magnet_r2,0.0,0.013640833333333333,2.025,6.635345889381198,867.7002868652344,present
319,0.6_BSA_PEG_magnet_r2,1.0,0.949606111111111,1.3604166666666666,2.175192353442022,2260.3411712646484,present
331,0.6_BSA_PEG_magnet_r2,2.0,1.8901597222222222,2.09375,7.587144341910591,1510.538028717041,present
343,0.6_BSA_PEG_magnet_r2,3.0,2.9221508333333333,2.4833333333333334,7.727449545663271,3351.461757659912,present
355,0.6_BSA_PEG_magnet_r2,4.0,3.8702708333333335,2.50625,7.392732821113876,3068.69877243042,present
367,0.6_BSA_PEG_magnet_r2,5.0,4.909759444444444,1.3833333333333333,5.737708591572309,3244.3052520751953,present
379,0.6_BSA_PEG_magnet_r2,6.0,5.884797777777778,1.4520833333333334,5.844869806517544,4220.488666534424,present
391,0.6_BSA_PEG_magnet_r2,7.5,7.443121944444445,2.3,5.590585870381362,1302.3883476257324,present
403,0.6_BSA_PEG_magnet_r2,9.0,8.906092222222222,1.3833333333333333,3.491439801328108,2496.3178100585938,present
415,0.6_BSA_PEG_magnet_r2,10.5,10.380630833333333,1.0854166666666667,2.81623828351346,2131.12410736084,present
427,0.6_BSA_PEG_magnet_r2,12.0,11.734504722222221,1.2916666666666665,2.6093818860110147,2264.0969009399414,present
439,0.6_BSA_PEG_magnet_r2,21.5,21.404049444444443,1.40625,4.592075968783313,3236.6420707702637,present
304,0.6_BSA_PEG_magnet_r3,0.0,0.0,,,0.0,present
320,0.6_BSA_PEG_magnet_r3,1.0,0.9463691666666667,8.304166666666667,6.754580089738004,1803.044448852539,present
332,0.6_BSA_PEG_magnet_r3,2.0,1.883767777777778,1.5437500000000002,3.4571114463350368,2771.56689453125,present
344,0.6_BSA_PEG_magnet_r3,3.0,2.9186380555555553,1.5437500000000002,3.541311397995449,2584.705011367798,present
356,0.6_BSA_PEG_magnet_r3,4.0,3.864452777777778,1.4979166666666668,3.57360344933174,2921.000228881836,present
368,0.6_BSA_PEG_magnet_r3,5.0,4.906703888888888,1.4979166666666668,3.2540020647654755,3034.331293106079,present
380,0.6_BSA_PEG_magnet_r3,6.0,5.879256111111111,1.4979166666666668,3.5043509927452727,3095.514638900757,present
392,0.6_BSA_PEG_magnet_r3,7.5,7.440389166666667,1.4979166666666668,3.640717309796521,3245.1412620544434,present
404,0.6_BSA_PEG_magnet_r3,9.0,8.899463611111111,1.5666666666666669,3.230897011678433,4974.445999145508,present
416,0.6_BSA_PEG_magnet_r3,10.5,10.374441944444445,1.6354166666666665,4.576067329428571,3647.452705383301,present
428,0.6_BSA_PEG_magnet_r3,12.0,11.729865833333333,1.475,4.178420387318832,4082.622652053833,present
440,0.6_BSA_PEG_magnet_r3,21.5,21.39966722222222,1.5208333333333335,4.202701935385798,2374.885091781616,present
465,0.6_non-BSA_COOH_control_r1,0.0,0.0,,,0.0,none
477,0.6_non-BSA_COOH_control_r1,1.0,1.1873536111111112,3.2854166666666664,3.538972813665621,3131.6403369903564,none
489,0.6_non-BSA_COOH_control_r1,2.0,1.877318888888889,1.81875,3.296093742667646,3197.741876602173,none
501,0.6_non-BSA_COOH_control_r1,3.0,2.9550458333333336,1.7270833333333333,3.498367860273795,4643.693838119507,none
515,0.6_non-BSA_COOH_control_r1,4.0,3.9552569444444443,3.4229166666666666,3.1720581146610525,4646.936971664429,none
525,0.6_non-BSA_COOH_control_r1,5.0,5.036861666666667,2.941666666666667,3.0517560290202397,3247.390821456909,none
537,0.6_non-BSA_COOH_control_r1,6.0,5.959655277777777,2.941666666666667,3.0482250262583857,3322.922212600708,none
549,0.6_non-BSA_COOH_control_r1,7.5,7.514397499999999,2.9875,2.7347170413572264,3106.5614223480225,none
561,0.6_non-BSA_COOH_control_r1,9.0,8.948619722222222,2.872916666666667,2.2168059686703376,2741.000556945801,none
573,0.6_non-BSA_COOH_control_r1,10.5,10.40886361111111,3.033333333333333,2.5058268603233156,3261.6903972625732,none
585,0.6_non-BSA_COOH_control_r1,12.0,11.796089166666667,2.8270833333333334,2.808435671499023,3608.794023513794,none
597,0.6_non-BSA_COOH_control_r1,21.5,21.59192916666667,2.9875,2.257806604757585,3252.9739933013916,none
466,0.6_non-BSA_COOH_control_r2,0.0,0.0,,,0.0,none
478,0.6_non-BSA_COOH_control_r2,1.0,1.1849719444444446,1.6124999999999998,2.851584752895446,840.276050567627,none
490,0.6_non-BSA_COOH_control_r2,2.0,1.8754975,3.8812499999999996,2.7357954864952134,1287.110496520996,none
502,0.6_non-BSA_COOH_control_r2,3.0,2.958971944444445,5.279166666666667,4.097444006043438,4268.577808380127,none
513,0.6_non-BSA_COOH_control_r2,4.0,3.931617222222222,5.210416666666666,3.9264568357247787,4374.057521820068,none
526,0.6_non-BSA_COOH_control_r2,5.0,5.035719444444444,4.041666666666667,2.6257258757304593,2141.7908935546875,none
538,0.6_non-BSA_COOH_control_r2,6.0,5.9595575,4.041666666666667,2.6824168787835116,1932.71337890625,none
550,0.6_non-BSA_COOH_control_r2,7.5,7.514014722222223,0.8333333333333333,3.055535969648822,2107.6741523742676,none
562,0.6_non-BSA_COOH_control_r2,9.0,8.948160277777777,3.927083333333333,2.5914476642556727,2190.599464416504,none
574,0.6_non-BSA_COOH_control_r2,10.5,10.40759277777778,0.85625,2.994968707618326,2379.7665061950684,none
586,0.6_non-BSA_COOH_control_r2,12.0,11.797703333333335,1.13125,3.1932860749812226,2131.460880279541,none
598,0.6_non-BSA_COOH_control_r2,21.5,21.58955388888889,4.797916666666667,3.547174214584801,3625.11678314209,none
467,0.6_non-BSA_COOH_control_r3,0.0,0.0,,,0.0,none
479,0.6_non-BSA_COOH_control_r3,1.0,1.1845569444444444,2.4604166666666667,1.7707227397883296,5525.647701263428,none
491,0.6_non-BSA_COOH_control_r3,2.0,1.875738611111111,3.1020833333333337,2.51810658993126,6144.5329246521,none
503,0.6_non-BSA_COOH_control_r3,3.0,2.9586288888888888,2.50625,1.895887086269065,5684.638221740723,none
514,0.6_non-BSA_COOH_control_r3,4.0,3.9335158333333333,2.9875,2.4378750632700457,6073.15901184082,none
527,0.6_non-BSA_COOH_control_r3,5.0,5.0361199999999995,3.0791666666666666,2.564629946513531,5841.874347686768,none
539,0.6_non-BSA_COOH_control_r3,6.0,5.960254166666667,3.010416666666667,2.420188571117045,5432.864318847656,none
551,0.6_non-BSA_COOH_control_r3,7.5,7.514855,3.010416666666667,2.469017331353637,5684.610080718994,none
563,0.6_non-BSA_COOH_control_r3,9.0,8.9501125,2.36875,1.7826699445844025,5282.398448944092,none
575,0.6_non-BSA_COOH_control_r3,10.5,10.407295833333333,3.033333333333333,2.4923631198572394,5551.385623931885,none
587,0.6_non-BSA_COOH_control_r3,12.0,11.800369166666666,3.033333333333333,2.4556309058426167,5405.910041809082,none
599,0.6_non-BSA_COOH_control_r3,21.5,21.589451944444445,2.3,1.7915310139345373,4881.93567276001,none
456,0.6_non-BSA_COOH_magnet_r1,0.0,0.0,,,0.0,none
457,0.6_non-BSA_COOH_magnet_r1,0.0,0.004748055555555556,8.029166666666667,8.068987043767422,630.7672424316406,present
471,0.6_non-BSA_COOH_magnet_r1,1.0,0.9323066666666667,8.075,7.997995589185688,619.7312698364258,present
483,0.6_non-BSA_COOH_magnet_r1,2.0,1.8712533333333332,2.50625,2.9796995602702685,4023.4780502319336,present
495,0.6_non-BSA_COOH_magnet_r1,3.0,2.9031330555555557,2.78125,2.5954152162604514,4482.560211181641,present
507,0.6_non-BSA_COOH_magnet_r1,4.0,3.8392191666666666,2.85,2.9965747488674506,4940.979774475098,present
519,0.6_non-BSA_COOH_magnet_r1,5.0,4.877771388888888,3.4458333333333337,3.038478141122571,5477.839527130127,present
531,0.6_non-BSA_COOH_magnet_r1,6.0,5.852164722222223,3.125,2.671240722389925,5625.084888458252,present
543,0.6_non-BSA_COOH_magnet_r1,7.5,7.423429166666667,3.33125,2.752696927868264,5211.953895568848,present
555,0.6_non-BSA_COOH_magnet_r1,9.0,8.875633888888888,3.4916666666666663,2.6983216843526714,5125.147804260254,present
567,0.6_non-BSA_COOH_magnet_r1,10.5,10.360216944444446,3.6520833333333336,2.73019322401428,5634.455749511719,present
579,0.6_non-BSA_COOH_magnet_r1,12.0,11.713643888888889,3.8125,2.7624537316075206,5634.3646240234375,present
591,0.6_non-BSA_COOH_magnet_r1,21.5,21.45591138888889,3.5145833333333334,2.739775269399892,3943.891632080078,present
458,0.6_non-BSA_COOH_magnet_r2,0.0,0.0,,,0.0,none
459,0.6_non-BSA_COOH_magnet_r2,0.0,0.003596111111111111,9.289583333333333,7.830831421242125,1023.7461471557617,present
472,0.6_non-BSA_COOH_magnet_r2,1.0,0.926803888888889,1.475,3.1377991673094483,2542.1170043945312,present
484,0.6_non-BSA_COOH_magnet_r2,2.0,1.8662325,2.2083333333333335,5.421222310645015,1405.6994361877441,present
496,0.6_non-BSA_COOH_magnet_r2,3.0,2.8982525000000003,2.1625,2.5691461923085392,2508.2226753234863,present
508,0.6_non-BSA_COOH_magnet_r2,4.0,3.8324108333333333,2.1395833333333334,4.041205848281489,1580.8145370483398,present
520,0.6_non-BSA_COOH_magnet_r2,5.0,4.872672777777778,2.1625,2.796533145585192,2720.3493576049805,present
532,0.6_non-BSA_COOH_magnet_r2,6.0,5.846425833333334,3.1479166666666663,4.847237359600364,1488.699779510498,present
544,0.6_non-BSA_COOH_magnet_r2,7.5,7.420506388888889,2.185416666666667,2.434518559724289,2598.734592437744,present
556,0.6_non-BSA_COOH_magnet_r2,9.0,8.870218333333334,1.5895833333333331,1.9260428198272153,4178.701457977295,present
568,0.6_non-BSA_COOH_magnet_r2,10.5,10.356433055555556,2.185416666666667,2.8189252233469024,2267.9249114990234,present
580,0.6_non-BSA_COOH_magnet_r2,12.0,11.706762777777778,1.5895833333333331,2.013056007284975,3768.0407791137695,present
592,0.6_non-BSA_COOH_magnet_r2,21.5,21.455919166666664,1.5437500000000002,2.002573354107214,2394.5640983581543,present
460,0.6_non-BSA_COOH_magnet_r3,0.0,0.0,,,0.0,none
461,0.6_non-BSA_COOH_magnet_r3,0.0,0.0031122222222222224,9.289583333333333,7.799137393875055,1082.8298606872559,present
473,0.6_non-BSA_COOH_magnet_r3,1.0,0.9250436111111111,1.6354166666666665,6.036522629048503,1839.740577697754,present
485,0.6_non-BSA_COOH_magnet_r3,2.0,1.8635583333333334,2.689583333333333,5.044522081171369,2458.476760864258,present
497,0.6_non-BSA_COOH_magnet_r3,3.0,2.8981425,2.689583333333333,4.757057250777666,2604.1651916503906,present
509,0.6_non-BSA_COOH_magnet_r3,4.0,3.8307591666666667,2.91875,5.012371065670422,2320.886833190918,present
521,0.6_non-BSA_COOH_magnet_r3,5.0,4.8707119444444436,2.254166666666667,2.8974002653797823,3109.983200073242,present
533,0.6_non-BSA_COOH_magnet_r3,6.0,5.852734166666667,2.1395833333333334,2.404357307426228,4408.91487121582,present
545,0.6_non-BSA_COOH_magnet_r3,7.5,7.417579444444445,2.277083333333333,2.822950072712322,3025.626552581787,present
557,0.6_non-BSA_COOH_magnet_r3,9.0,8.868796944444444,2.277083333333333,2.8372261649549095,3040.3640785217285,present
569,0.6_non-BSA_COOH_magnet_r3,10.5,10.351605833333334,2.277083333333333,2.641762539616527,3092.239086151123,present
581,0.6_non-BSA_COOH_magnet_r3,12.0,11.704922777777778,2.277083333333333,2.8155099895216003,2978.0068283081055,present
593,0.6_non-BSA_COOH_magnet_r3,21.5,21.455473055555554,2.277083333333333,4.770071058239154,2710.570510864258,present
462,0.6_non-BSA_PEG_control_r1,0.0,0.0,,,0.0,none
474,0.6_non-BSA_PEG_control_r1,1.0,1.1926058333333334,1.5666666666666669,2.610676400004559,1114.9443016052246,none
486,0.6_non-BSA_PEG_control_r1,2.0,1.8801444444444446,1.6583333333333332,2.866242488409193,1646.3054313659668,none
498,0.6_non-BSA_PEG_control_r1,3.0,2.9468841666666665,0.8791666666666667,2.659484923232087,1000.3919258117676,none
510,0.6_non-BSA_PEG_control_r1,4.0,3.921053888888889,2.8041666666666667,2.5737863703876296,1168.0510177612305,none
522,0.6_non-BSA_PEG_control_r1,5.0,5.041237777777777,1.0166666666666666,3.322496972349443,1896.357292175293,none
534,0.6_non-BSA_PEG_control_r1,6.0,5.954376666666667,2.0479166666666666,1.6724533632328915,2979.2856101989746,none
546,0.6_non-BSA_PEG_control_r1,7.5,7.512959722222222,1.9104166666666669,2.6399327517011875,3035.4460067749023,none
558,0.6_non-BSA_PEG_control_r1,9.0,8.948328611111112,3.2854166666666664,2.7064124728526946,3340.012928009033,none
570,0.6_non-BSA_PEG_control_r1,10.5,10.401099444444444,0.6499999999999999,2.561358626238023,1455.0185661315918,none
582,0.6_non-BSA_PEG_control_r1,12.0,11.785213888888888,2.1395833333333334,1.6448460760242183,2685.4823722839355,none
594,0.6_non-BSA_PEG_control_r1,21.5,21.57359,2.1166666666666667,1.277842225646396,2776.724998474121,none
463,0.6_non-BSA_PEG_control_r2,0.0,0.0,,,0.0,none
475,0.6_non-BSA_PEG_control_r2,1.0,1.1924566666666667,1.3833333333333333,1.184351786219817,2126.5754165649414,none
487,0.6_non-BSA_PEG_control_r2,2.0,1.8802511111111113,1.40625,2.8644904902830133,839.2537612915039,none
499,0.6_non-BSA_PEG_control_r2,3.0,2.9471963888888886,2.78125,2.871347130799316,1037.2985076904297,none
511,0.6_non-BSA_PEG_control_r2,4.0,3.927510277777778,1.4979166666666668,1.4197165412272994,3665.4279136657715,none
523,0.6_non-BSA_PEG_control_r2,5.0,5.041810555555555,2.0479166666666666,1.7631069057934805,2659.2312812805176,none
535,0.6_non-BSA_PEG_control_r2,6.0,5.956625555555555,1.4520833333333334,2.6762272084586334,799.7802963256836,none
547,0.6_non-BSA_PEG_control_r2,7.5,7.5145333333333335,2.872916666666667,3.5016469330159916,1472.570686340332,none
559,0.6_non-BSA_PEG_control_r2,9.0,8.9505575,1.3833333333333333,1.0298905636580888,3124.460590362549,none
571,0.6_non-BSA_PEG_control_r2,10.5,10.403101944444444,1.3375,0.8988628181008219,2304.9818954467773,none
583,0.6_non-BSA_PEG_control_r2,12.0,11.793074722222222,2.964583333333333,3.149421038825551,1394.2118034362793,none
595,0.6_non-BSA_PEG_control_r2,21.5,21.574497500000003,2.185416666666667,1.5380250768735997,2502.477066040039,none
464,0.6_non-BSA_PEG_control_r3,0.0,0.0,,,0.0,none
476,0.6_non-BSA_PEG_control_r3,1.0,1.1922425,3.3083333333333336,2.7104644723379003,4180.634815216064,none
488,0.6_non-BSA_PEG_control_r3,2.0,1.881771388888889,3.2854166666666664,2.6116761573714444,4385.249179840088,none
500,0.6_non-BSA_PEG_control_r3,3.0,2.9477183333333334,2.7354166666666666,2.020456963052153,4111.747344970703,none
512,0.6_non-BSA_PEG_control_r3,4.0,3.9301008333333334,0.26041666666666674,1.638452183269262,3639.5705070495605,none
524,0.6_non-BSA_PEG_control_r3,5.0,5.042293611111112,2.620833333333333,2.000353624343772,4737.541038513184,none
536,0.6_non-BSA_PEG_control_r3,6.0,5.960038055555556,2.4833333333333334,1.9518884202729663,4642.602844238281,none
548,0.6_non-BSA_PEG_control_r3,7.5,7.5154491666666665,2.4833333333333334,1.9950061568330357,4213.842479705811,none
560,0.6_non-BSA_PEG_control_r3,9.0,8.951322777777778,2.50625,2.0523109609535637,4618.4201583862305,none
572,0.6_non-BSA_PEG_control_r3,10.5,10.406733611111111,3.2625,2.707744173833349,5095.914268493652,none
584,0.6_non-BSA_PEG_control_r3,12.0,11.7960625,3.1479166666666663,2.7027575478557524,4729.851303100586,none
596,0.6_non-BSA_PEG_control_r3,21.5,21.578042222222223,2.3229166666666665,1.9734717145295235,4125.816844940186,none
450,0.6_non-BSA_PEG_magnet_r1,0.0,0.0,,,0.0,none
451,0.6_non-BSA_PEG_magnet_r1,0.0,0.0038025,1.8645833333333335,3.837230489748009,2166.891502380371,present
468,0.6_non-BSA_PEG_magnet_r1,1.0,0.9420708333333333,1.3833333333333333,7.3832807427048,1103.7820167541504,present
480,0.6_non-BSA_PEG_magnet_r1,2.0,1.8748080555555555,1.3833333333333333,4.311639054498838,2036.3984870910645,present
492,0.6_non-BSA_PEG_magnet_r1,3.0,2.9133027777777776,1.3604166666666666,4.209956785336031,1926.2510261535645,present
504,0.6_non-BSA_PEG_magnet_r1,4.0,3.8528688888888887,1.3375,5.682634940499613,1533.4871101379395,present
516,0.6_non-BSA_PEG_magnet_r1,5.0,4.892335277777778,1.3375,4.834332957086423,1827.2989311218262,present
528,0.6_non-BSA_PEG_magnet_r1,6.0,5.863426111111111,1.3604166666666666,4.187102602158836,1710.3217468261719,present
540,0.6_non-BSA_PEG_magnet_r1,7.5,7.427639166666666,1.3604166666666666,3.7736676444647874,2104.804615020752,present
552,0.6_non-BSA_PEG_magnet_r1,9.0,8.891911666666667,2.002083333333333,3.4116504575247624,2084.271125793457,present
564,0.6_non-BSA_PEG_magnet_r1,10.5,10.376119722222223,1.3375,4.4566032626314245,1264.1637382507324,present
576,0.6_non-BSA_PEG_magnet_r1,12.0,11.714322222222222,2.91875,3.384786923962962,2440.867385864258,present
588,0.6_non-BSA_PEG_magnet_r1,21.5,21.4596,1.3604166666666666,4.604665605880547,1883.5523986816406,present
452,0.6_non-BSA_PEG_magnet_r2,0.0,0.0,,,0.0,none
453,0.6_non-BSA_PEG_magnet_r2,0.0,0.005038888888888889,1.2916666666666665,5.3083691848124595,3380.5293464660645,present
469,0.6_non-BSA_PEG_magnet_r2,1.0,0.9405672222222222,2.36875,5.040194689329496,2742.68310546875,present
481,0.6_non-BSA_PEG_magnet_r2,2.0,1.8706252777777779,2.002083333333333,6.697085525497037,1692.053123474121,present
493,0.6_non-BSA_PEG_magnet_r2,3.0,2.909105277777778,1.4979166666666668,5.297965978544778,2020.2437019348145,present
505,0.6_non-BSA_PEG_magnet_r2,4.0,3.8490594444444444,2.50625,5.373720865050066,2039.9547119140625,present
517,0.6_non-BSA_PEG_magnet_r2,5.0,4.887790555555555,2.185416666666667,6.513511411294076,1488.285846710205,present
529,0.6_non-BSA_PEG_magnet_r2,6.0,5.859620277777778,2.1625,5.7288140860485885,1359.1640892028809,present
541,0.6_non-BSA_PEG_magnet_r2,7.5,7.428265000000001,2.2083333333333335,5.046466619025454,1693.501522064209,present
553,0.6_non-BSA_PEG_magnet_r2,9.0,8.886413611111111,1.5437500000000002,4.460088034975867,2180.083564758301,present
565,0.6_non-BSA_PEG_magnet_r2,10.5,10.371875555555556,1.6354166666666665,4.318583314377837,2211.312660217285,present
577,0.6_non-BSA_PEG_magnet_r2,12.0,11.714527222222223,2.345833333333333,3.009711319442351,2664.5487632751465,present
589,0.6_non-BSA_PEG_magnet_r2,21.5,21.46171888888889,1.4520833333333334,5.090670613273045,1808.3039932250977,present
454,0.6_non-BSA_PEG_magnet_r3,0.0,0.0,,,0.0,none
455,0.6_non-BSA_PEG_magnet_r3,0.0,0.003991388888888889,0.7875000000000001,4.725779695495441,3274.5604286193848,present
470,0.6_non-BSA_PEG_magnet_r3,1.0,0.9354072222222222,2.09375,5.65600733912597,3354.708381652832,present
482,0.6_non-BSA_PEG_magnet_r3,2.0,1.8653236111111111,0.7645833333333334,6.201268639283622,2326.529815673828,present
494,0.6_non-BSA_PEG_magnet_r3,3.0,2.903606388888889,1.81875,5.503633343991601,3646.586902618408,present
506,0.6_non-BSA_PEG_magnet_r3,4.0,3.841358611111111,1.7729166666666667,5.731929296744216,3395.9529571533203,present
518,0.6_non-BSA_PEG_magnet_r3,5.0,4.880101388888889,1.7958333333333334,5.262347953873847,3391.839157104492,present
530,0.6_non-BSA_PEG_magnet_r3,6.0,5.851628888888889,1.7958333333333334,5.1215541338517045,3632.853759765625,present
542,0.6_non-BSA_PEG_magnet_r3,7.5,7.423911111111112,0.7875000000000001,4.655568222750895,2881.0783500671387,present
554,0.6_non-BSA_PEG_magnet_r3,9.0,8.879331111111112,0.7416666666666667,4.931720448460042,2552.8684463500977,present
566,0.6_non-BSA_PEG_magnet_r3,10.5,10.36451777777778,0.7645833333333334,3.947534325679077,3395.0254859924316,present
578,0.6_non-BSA_PEG_magnet_r3,12.0,11.716318888888889,0.7416666666666667,3.721442401198617,4430.091655731201,present
590,0.6_non-BSA_PEG_magnet_r3,21.5,21.45630277777778,0.8333333333333333,5.5569106905060925,2568.6250915527344,present
