idx,series,timepoint_hr,elapsed_h,mass,x50_mm,x90_mm,magnet
15,0.4_BSA_COOH_control_r1,0.0,0.0,0.0,,,none
27,0.4_BSA_COOH_control_r1,1.0,1.1429091666666666,2614.41641998291,1.1541666666666668,1.3604166666666666,none
39,0.4_BSA_COOH_control_r1,2.0,1.840116388888889,2926.324508666992,1.1083333333333334,1.3604166666666666,none
51,0.4_BSA_COOH_control_r1,3.0,2.8800966666666667,2577.534507751465,1.1770833333333335,1.4520833333333334,none
63,0.4_BSA_COOH_control_r1,4.0,3.8431369444444443,2099.465383529663,1.0395833333333333,1.3375,none
77,0.4_BSA_COOH_control_r1,5.0,4.919361388888889,1564.1212844848633,0.7645833333333334,1.4520833333333334,none
87,0.4_BSA_COOH_control_r1,6.0,5.862299444444444,6298.262115478516,3.8125,5.920833333333333,none
99,0.4_BSA_COOH_control_r1,7.5,7.427652222222222,1175.7935409545898,0.7416666666666667,7.6395833333333325,none
111,0.4_BSA_COOH_control_r1,9.0,8.862749722222222,1359.272029876709,0.7645833333333334,7.6395833333333325,none
123,0.4_BSA_COOH_control_r1,10.5,10.354296388888889,1171.2720565795898,0.8333333333333333,7.685416666666667,none
135,0.4_BSA_COOH_control_r1,12.0,11.7438625,1255.330924987793,0.8333333333333333,7.800000000000001,none
147,0.4_BSA_COOH_control_r1,21.5,21.488733611111112,1922.9706840515137,1.0395833333333333,7.525,none
16,0.4_BSA_COOH_control_r2,0.0,0.0,0.0,,,none
28,0.4_BSA_COOH_control_r2,1.0,1.1423019444444444,5117.33434677124,1.3833333333333333,2.85,none
40,0.4_BSA_COOH_control_r2,2.0,1.8452899999999999,4830.50154876709,0.9708333333333334,2.1166666666666667,none
52,0.4_BSA_COOH_control_r2,3.0,2.881184722222222,3590.626449584961,1.3833333333333333,2.4833333333333334,none
64,0.4_BSA_COOH_control_r2,4.0,3.844661388888889,4966.26208114624,1.3833333333333333,2.3229166666666665,none
76,0.4_BSA_COOH_control_r2,5.0,4.9111472222222226,3729.882064819336,0.9937499999999999,1.9104166666666669,none
88,0.4_BSA_COOH_control_r2,6.0,5.866148611111111,3162.934638977051,0.9479166666666667,1.75,none
100,0.4_BSA_COOH_control_r2,7.5,7.429875,2679.780490875244,1.0166666666666666,1.7958333333333334,none
112,0.4_BSA_COOH_control_r2,9.0,8.864139166666668,6037.609752655029,2.64375,5.783333333333333,none
125,0.4_BSA_COOH_control_r2,10.5,10.358306944444443,2098.18705368042,0.85625,1.5437500000000002,none
136,0.4_BSA_COOH_control_r2,12.0,11.742915,8104.078639984131,2.64375,5.439583333333333,none
17,0.4_BSA_COOH_control_r3,0.0,0.0,0.0,,,none
29,0.4_BSA_COOH_control_r3,1.0,1.1421030555555556,2579.9375038146973,0.9937499999999999,1.3604166666666666,none
41,0.4_BSA_COOH_control_r3,2.0,1.845735,2441.8295135498047,0.9708333333333334,1.3145833333333332,none
53,0.4_BSA_COOH_control_r3,3.0,2.881164444444444,2500.9703063964844,1.0625,1.3375,none
65,0.4_BSA_COOH_control_r3,4.0,3.850156388888889,3098.213088989258,0.71875,1.2687499999999998,none
75,0.4_BSA_COOH_control_r3,5.0,4.9045175,2051.9374771118164,0.9479166666666667,1.2916666666666665,none
89,0.4_BSA_COOH_control_r3,6.0,5.867227777777778,2326.0294075012207,0.7416666666666667,1.2458333333333331,none
101,0.4_BSA_COOH_control_r3,7.5,7.435737777777778,5344.019500732422,3.4229166666666666,5.897916666666666,none
113,0.4_BSA_COOH_control_r3,9.0,8.865294166666667,1989.2522773742676,0.7416666666666667,1.2687499999999998,none
124,0.4_BSA_COOH_control_r3,10.5,10.349655,5226.556940078735,2.941666666666667,5.53125,none
137,0.4_BSA_COOH_control_r3,12.0,11.742490277777776,6021.7605628967285,3.354166666666667,5.645833333333333,none
149,0.4_BSA_COOH_control_r3,21.5,21.491167777777775,530.2654075622559,1.3375,7.59375,none
8,0.4_BSA_COOH_magnet_r1,0.0,0.0,0.0,,,none
9,0.4_BSA_COOH_magnet_r1,0.0,0.0098025,278.4416847229004,2.91875,4.614583333333333,present
21,0.4_BSA_COOH_magnet_r1,1.0,0.9711094444444445,4019.2693099975586,1.5208333333333335,2.4375,present
33,0.4_BSA_COOH_magnet_r1,2.0,1.9744291666666667,3330.1313095092773,1.9333333333333331,2.620833333333333,present
45,0.4_BSA_COOH_magnet_r1,3.0,2.9917519444444447,3474.0557594299316,2.025,2.7354166666666666,present
57,0.4_BSA_COOH_magnet_r1,4.0,3.9731258333333335,3675.465675354004,1.4520833333333334,2.1395833333333334,present
69,0.4_BSA_COOH_magnet_r1,5.0,4.994363888888889,4541.557888031006,2.4145833333333333,3.1020833333333337,present
81,0.4_BSA_COOH_magnet_r1,6.0,5.976625277777777,3925.0065994262695,1.13125,6.8375,present
93,0.4_BSA_COOH_magnet_r1,7.5,7.531824444444444,4170.239711761475,1.5895833333333331,2.7125,present
105,0.4_BSA_COOH_magnet_r1,9.0,9.002157777777779,4323.704429626465,2.1166666666666667,3.0562500000000004,present
117,0.4_BSA_COOH_magnet_r1,10.5,10.481448888888888,3882.535259246826,2.0479166666666666,3.216666666666667,present
129,0.4_BSA_COOH_magnet_r1,12.0,11.826818055555554,4334.26895904541,1.5208333333333335,3.216666666666667,present
141,0.4_BSA_COOH_magnet_r1,21.5,21.460700000000003,2827.236297607422,1.5208333333333335,2.9875,present
6,0.4_BSA_COOH_magnet_r2,0.0,0.0,0.0,,,none
7,0.4_BSA_COOH_magnet_r2,0.0,0.003590833333333333,142.68223571777344,7.6395833333333325,7.960416666666667,present
22,0.4_BSA_COOH_magnet_r2,1.0,0.9903388888888889,3060.586528778076,1.2916666666666665,1.6354166666666665,present
34,0.4_BSA_COOH_magnet_r2,2.0,1.9990786111111112,2856.5051078796387,1.2687499999999998,1.6124999999999998,present
46,0.4_BSA_COOH_magnet_r2,3.0,3.007703333333333,140.49838638305664,2.5520833333333335,7.914583333333333,present
58,0.4_BSA_COOH_magnet_r2,4.0,3.9866800000000002,2823.206531524658,1.3145833333333332,1.6354166666666665,present
70,0.4_BSA_COOH_magnet_r2,5.0,5.010067777777778,2223.6265602111816,1.3145833333333332,1.6124999999999998,present
82,0.4_BSA_COOH_magnet_r2,6.0,5.9922441666666675,2668.18705368042,1.2916666666666665,1.6124999999999998,present
94,0.4_BSA_COOH_magnet_r2,7.5,7.546325277777778,322.54770278930664,2.8270833333333334,7.86875,present
106,0.4_BSA_COOH_magnet_r2,9.0,9.01643111111111,2228.823043823242,1.3604166666666666,1.6354166666666665,present
118,0.4_BSA_COOH_magnet_r2,10.5,10.495712222222222,2955.708053588867,1.13125,1.5208333333333335,present
130,0.4_BSA_COOH_magnet_r2,12.0,11.841568055555555,1594.0362396240234,1.40625,1.6354166666666665,present
142,0.4_BSA_COOH_magnet_r2,21.5,21.490722777777776,2011.3087539672852,1.2687499999999998,3.8125,present
10,0.4_BSA_COOH_magnet_r3,0.0,0.0,0.0,,,none
11,0.4_BSA_COOH_magnet_r3,0.0,0.003365277777777778,634.1505260467529,2.3916666666666666,7.685416666666667,present
23,0.4_BSA_COOH_magnet_r3,1.0,0.9722002777777777,510.9836711883545,2.50625,7.777083333333334,present
35,0.4_BSA_COOH_magnet_r3,2.0,1.9780955555555557,2621.1051597595215,1.2916666666666665,2.09375,present
47,0.4_BSA_COOH_magnet_r3,3.0,2.9858119444444444,2339.1210956573486,1.2458333333333331,2.1166666666666667,present
59,0.4_BSA_COOH_magnet_r3,4.0,3.9628508333333334,2415.747512817383,1.2916666666666665,2.1625,present
71,0.4_BSA_COOH_magnet_r3,5.0,4.989804722222222,2005.809404373169,1.2916666666666665,2.1625,present
83,0.4_BSA_COOH_magnet_r3,6.0,5.970963888888889,2265.999952316284,1.2458333333333331,2.2083333333333335,present
95,0.4_BSA_COOH_magnet_r3,7.5,7.524082222222222,2143.5241928100586,1.3145833333333332,3.0562500000000004,present
107,0.4_BSA_COOH_magnet_r3,9.0,8.99281,2652.468729019165,1.5208333333333335,3.377083333333333,present
119,0.4_BSA_COOH_magnet_r3,10.5,10.472267777777777,2233.534038543701,1.3833333333333333,3.4229166666666666,present
131,0.4_BSA_COOH_magnet_r3,12.0,11.819709722222223,2057.7870121002197,1.4291666666666667,3.60625,present
143,0.4_BSA_COOH_magnet_r3,21.5,21.472598055555558,2030.7611255645752,1.5208333333333335,3.904166666666667,present
12,0.4_BSA_PEG_control_r1,0.0,0.0,0.0,,,none
25,0.4_BSA_PEG_control_r1,1.0,1.1437197222222222,3829.6854095458984,2.002083333333333,2.8958333333333335,none
36,0.4_BSA_PEG_control_r1,2.0,1.839868888888889,3787.425712585449,1.2687499999999998,2.1395833333333334,none
48,0.4_BSA_PEG_control_r1,3.0,2.8766522222222224,3043.6754608154297,1.2458333333333331,2.0479166666666666,none
60,0.4_BSA_PEG_control_r1,4.0,3.8206422222222223,2735.1210136413574,1.68125,2.4375,none
72,0.4_BSA_PEG_control_r1,5.0,4.8898069444444445,2568.587001800537,1.7958333333333334,2.597916666666667,none
84,0.4_BSA_PEG_control_r1,6.0,5.843908333333333,1074.9704475402832,0.9479166666666667,1.7270833333333333,none
96,0.4_BSA_PEG_control_r1,7.5,7.411200555555555,595.1375350952148,0.9708333333333334,7.777083333333334,none
108,0.4_BSA_PEG_control_r1,9.0,8.857456944444445,1672.711280822754,1.1770833333333335,2.002083333333333,none
120,0.4_BSA_PEG_control_r1,10.5,10.338038888888889,1397.498233795166,1.1541666666666668,1.9791666666666665,none
132,0.4_BSA_PEG_control_r1,12.0,11.716944444444444,1336.806541442871,1.1083333333333334,2.025,none
144,0.4_BSA_PEG_control_r1,21.5,21.484715555555553,2125.9635314941406,1.2458333333333331,2.4604166666666667,none
24,0.4_BSA_PEG_control_r2,1.0,1.1317730555555554,5268.544658660889,1.3833333333333333,2.4375,none
37,0.4_BSA_PEG_control_r2,2.0,1.8397400000000002,4868.167324066162,1.4520833333333334,2.3,none
49,0.4_BSA_PEG_control_r2,3.0,2.8773519444444444,4383.475574493408,1.3833333333333333,2.23125,none
61,0.4_BSA_PEG_control_r2,4.0,3.8242352777777775,2695.895191192627,1.2000000000000002,2.0708333333333333,none
73,0.4_BSA_PEG_control_r2,5.0,4.890094444444444,2762.157180786133,1.3604166666666666,2.185416666666667,none
85,0.4_BSA_PEG_control_r2,6.0,5.843514444444444,2090.6032524108887,2.1625,2.964583333333333,none
97,0.4_BSA_PEG_control_r2,7.5,7.415744166666666,2175.281982421875,0.7416666666666667,1.6354166666666665,none
109,0.4_BSA_PEG_control_r2,9.0,8.86184861111111,2518.57368850708,0.8333333333333333,1.7729166666666667,none
121,0.4_BSA_PEG_control_r2,10.5,10.340594444444445,3035.600040435791,1.0395833333333333,2.025,none
133,0.4_BSA_PEG_control_r2,12.0,11.718636666666665,2444.419589996338,0.8333333333333333,1.75,none
145,0.4_BSA_PEG_control_r2,21.5,21.4852825,3466.0457878112793,1.5208333333333335,2.4604166666666667,none
14,0.4_BSA_PEG_control_r3,0.0,0.0,0.0,,,none
26,0.4_BSA_PEG_control_r3,1.0,1.1394597222222222,4107.229808807373,1.5437500000000002,2.7583333333333333,none
38,0.4_BSA_PEG_control_r3,2.0,1.84029,4392.816699981689,2.3,3.4916666666666663,none
50,0.4_BSA_PEG_control_r3,3.0,2.878693611111111,4130.472606658936,1.5666666666666669,2.7354166666666666,none
62,0.4_BSA_PEG_control_r3,4.0,3.8328933333333333,2645.419853210449,1.4520833333333334,2.185416666666667,none
74,0.4_BSA_PEG_control_r3,5.0,4.891120555555555,5701.236120223999,3.216666666666667,4.9125,none
86,0.4_BSA_PEG_control_r3,6.0,5.844399444444444,891.1345634460449,1.68125,7.8916666666666675,none
98,0.4_BSA_PEG_control_r3,7.5,7.420378333333334,1416.7442245483398,1.4291666666666667,7.845833333333333,none
110,0.4_BSA_PEG_control_r3,9.0,8.862799444444445,1771.4656867980957,1.13125,7.777083333333334,none
122,0.4_BSA_PEG_control_r3,10.5,10.344313055555556,1813.4359130859375,1.2000000000000002,7.822916666666666,none
134,0.4_BSA_PEG_control_r3,12.0,11.720556111111112,1690.2064666748047,1.2000000000000002,7.845833333333333,none
146,0.4_BSA_PEG_control_r3,21.5,21.48616388888889,2103.255630493164,1.3375,7.800000000000001,none
0,0.4_BSA_PEG_magnet_r1,0.0,0.0,0.0,,,none
1,0.4_BSA_PEG_magnet_r1,0.0,0.002725,158.19681549072266,7.570833333333333,7.9375,present
18,0.4_BSA_PEG_magnet_r1,1.0,0.9922913888888888,323.5244903564453,0.58125,7.8916666666666675,present
30,0.4_BSA_PEG_magnet_r1,2.0,2.004700833333333,2520.835906982422,1.7729166666666667,2.23125,present
42,0.4_BSA_PEG_magnet_r1,3.0,3.0122180555555556,2600.452308654785,1.81875,2.3,present
54,0.4_BSA_PEG_magnet_r1,4.0,4.003454444444444,2997.311550140381,2.64375,3.560416666666667,present
66,0.4_BSA_PEG_magnet_r1,5.0,5.004398611111111,3471.343536376953,2.7125,3.5145833333333334,present
78,0.4_BSA_PEG_magnet_r1,6.0,6.0040563888888885,3250.353900909424,2.025,2.78125,present
90,0.4_BSA_PEG_magnet_r1,7.5,7.561906666666667,5371.252479553223,2.1625,3.6291666666666664,present
102,0.4_BSA_PEG_magnet_r1,9.0,9.033332222222223,3507.4060249328613,2.254166666666667,3.5145833333333334,present
114,0.4_BSA_PEG_magnet_r1,10.5,10.514729166666667,3585.6095008850098,2.3916666666666666,3.8354166666666663,present
126,0.4_BSA_PEG_magnet_r1,12.0,11.8551,6358.363441467285,2.3916666666666666,4.179166666666666,present
138,0.4_BSA_PEG_magnet_r1,21.5,21.470295833333335,2470.3578186035156,3.1479166666666663,4.775,present
2,0.4_BSA_PEG_magnet_r2,0.0,0.0,0.0,,,none
3,0.4_BSA_PEG_magnet_r2,0.0,0.004429444444444444,2558.6097259521484,1.3145833333333332,1.68125,present
19,0.4_BSA_PEG_magnet_r2,1.0,0.9905477777777778,541.3447723388672,2.85,7.5479166666666675,present
31,0.4_BSA_PEG_magnet_r2,2.0,2.002050833333333,211.30492401123047,1.7729166666666667,7.822916666666666,present
43,0.4_BSA_PEG_magnet_r2,3.0,3.0123269444444447,2292.4624786376953,1.2916666666666665,1.68125,present
55,0.4_BSA_PEG_magnet_r2,4.0,3.999629166666667,193.331298828125,3.0562500000000004,7.845833333333333,present
67,0.4_BSA_PEG_magnet_r2,5.0,5.007968333333333,392.0391845703125,2.689583333333333,7.685416666666667,present
79,0.4_BSA_PEG_magnet_r2,6.0,5.999799722222222,3466.1176986694336,1.2000000000000002,1.6124999999999998,present
91,0.4_BSA_PEG_magnet_r2,7.5,7.558867222222222,3475.07234954834,1.2000000000000002,1.6124999999999998,present
103,0.4_BSA_PEG_magnet_r2,9.0,9.028573333333334,1527.639144897461,1.3375,1.68125,present
115,0.4_BSA_PEG_magnet_r2,10.5,10.510195833333334,1582.3115234375,1.4291666666666667,3.4000000000000004,present
127,0.4_BSA_PEG_magnet_r2,12.0,11.85252388888889,3234.6161880493164,1.3833333333333333,3.2625,present
139,0.4_BSA_PEG_magnet_r2,21.5,21.47313611111111,1277.3277893066406,3.4000000000000004,7.754166666666666,present
4,0.4_BSA_PEG_magnet_r3,0.0,0.0,0.0,,,none
5,0.4_BSA_PEG_magnet_r3,0.0,0.003930833333333333,19.314655303955078,6.952083333333333,7.456250000000001,present
20,0.4_BSA_PEG_magnet_r3,1.0,0.9833680555555555,4303.589832305908,1.9562499999999998,3.0791666666666666,present
32,0.4_BSA_PEG_magnet_r3,2.0,1.9933469444444445,2285.1867141723633,2.0479166666666666,3.720833333333333,present
44,0.4_BSA_PEG_magnet_r3,3.0,3.0049952777777778,2301.527732849121,2.575,4.225,present
56,0.4_BSA_PEG_magnet_r3,4.0,3.990617777777778,2287.8167839050293,2.3229166666666665,4.316666666666666,present
68,0.4_BSA_PEG_magnet_r3,5.0,5.009196944444445,2970.5272254943848,2.8041666666666667,4.5,present
80,0.4_BSA_PEG_magnet_r3,6.0,5.991146111111111,2650.0914916992188,2.3,4.064583333333333,present
92,0.4_BSA_PEG_magnet_r3,7.5,7.551198888888889,2434.236499786377,1.75,3.1708333333333334,present
104,0.4_BSA_PEG_magnet_r3,9.0,9.019939166666667,2829.5794677734375,2.345833333333333,4.339583333333334,present
116,0.4_BSA_PEG_magnet_r3,10.5,10.500663055555556,2614.111125946045,2.3916666666666666,4.29375,present
128,0.4_BSA_PEG_magnet_r3,12.0,11.842707500000001,3351.8663444519043,1.6354166666666665,3.720833333333333,present
140,0.4_BSA_PEG_magnet_r3,21.5,21.47202,3620.131637573242,2.4604166666666667,4.202083333333333,present
165,0.4_non-BSA_COOH_control_r1,0.0,0.0,0.0,,,none
178,0.4_non-BSA_COOH_control_r1,1.0,1.0713133333333333,2110.7340049743652,2.597916666666667,4.5,none
189,0.4_non-BSA_COOH_control_r1,2.0,1.7737677777777778,3331.2786083221436,2.1625,2.8270833333333334,none
201,0.4_non-BSA_COOH_control_r1,3.0,2.819283611111111,1622.898530960083,1.4979166666666668,2.2083333333333335,none
213,0.4_non-BSA_COOH_control_r1,4.0,3.7920080555555553,1922.6394786834717,1.5895833333333331,2.3229166666666665,none
225,0.4_non-BSA_COOH_control_r1,5.0,4.855335277777777,3313.3246631622314,2.4145833333333333,2.85,none
237,0.4_non-BSA_COOH_control_r1,6.0,5.81421,2353.822217941284,2.23125,2.7583333333333333,none
249,0.4_non-BSA_COOH_control_r1,7.5,7.3893636111111105,3494.268566131592,2.620833333333333,3.560416666666667,none
261,0.4_non-BSA_COOH_control_r1,9.0,8.819874722222222,3647.731014251709,2.4375,5.370833333333334,none
273,0.4_non-BSA_COOH_control_r1,10.5,10.28707,2560.461654663086,2.36875,3.904166666666667,none
285,0.4_non-BSA_COOH_control_r1,12.0,11.671375277777779,2074.3699378967285,2.254166666666667,4.247916666666667,none
297,0.4_non-BSA_COOH_control_r1,21.5,21.460735833333334,2903.0589141845703,2.1395833333333334,3.6291666666666664,none
166,0.4_non-BSA_COOH_control_r2,0.0,0.0,0.0,,,none
177,0.4_non-BSA_COOH_control_r2,1.0,1.0604019444444446,3050.675468444824,1.3833333333333333,2.1395833333333334,none
190,0.4_non-BSA_COOH_control_r2,2.0,1.7706272222222221,3498.750804901123,2.4145833333333333,4.545833333333333,none
202,0.4_non-BSA_COOH_control_r2,3.0,2.8187308333333334,4649.531719207764,2.6666666666666665,4.866666666666666,none
214,0.4_non-BSA_COOH_control_r2,4.0,3.7901080555555553,4238.0752601623535,2.9875,5.027083333333334,none
226,0.4_non-BSA_COOH_control_r2,5.0,4.856204166666666,3906.5408897399902,3.0791666666666666,5.027083333333334,none
238,0.4_non-BSA_COOH_control_r2,6.0,5.813453055555556,3405.45560836792,3.125,5.095833333333333,none
250,0.4_non-BSA_COOH_control_r2,7.5,7.386910277777778,4028.2820358276367,3.1937499999999996,5.141666666666667,none
262,0.4_non-BSA_COOH_control_r2,9.0,8.819223611111111,3411.3476600646973,3.1479166666666663,5.095833333333333,none
274,0.4_non-BSA_COOH_control_r2,10.5,10.28375388888889,3699.734764099121,3.354166666666667,5.1875,none
286,0.4_non-BSA_COOH_control_r2,12.0,11.667248055555556,3428.6823806762695,3.2625,5.072916666666667,none
298,0.4_non-BSA_COOH_control_r2,21.5,21.457260555555557,4147.908344268799,3.239583333333333,5.11875,none
167,0.4_non-BSA_COOH_control_r3,0.0,0.0,0.0,,,none
179,0.4_non-BSA_COOH_control_r3,1.0,1.0638144444444444,967.1476974487305,1.7270833333333333,4.316666666666666,none
191,0.4_non-BSA_COOH_control_r3,2.0,1.7714672222222223,3294.197006225586,1.0625,1.40625,none
203,0.4_non-BSA_COOH_control_r3,3.0,2.819856388888889,2184.6819343566895,2.09375,4.316666666666666,none
215,0.4_non-BSA_COOH_control_r3,4.0,3.791086111111111,2846.3379402160645,2.8270833333333334,4.545833333333333,none
227,0.4_non-BSA_COOH_control_r3,5.0,4.881884444444444,3894.324504852295,1.1770833333333335,3.927083333333333,none
239,0.4_non-BSA_COOH_control_r3,6.0,5.814955277777778,1990.5379753112793,2.85,4.5,none
251,0.4_non-BSA_COOH_control_r3,7.5,7.387715,2316.048957824707,2.964583333333333,4.591666666666667,none
263,0.4_non-BSA_COOH_control_r3,9.0,8.81830361111111,2650.9801177978516,2.8270833333333334,4.591666666666667,none
275,0.4_non-BSA_COOH_control_r3,10.5,10.284294444444445,3985.668483734131,1.2000000000000002,3.9958333333333336,none
287,0.4_non-BSA_COOH_control_r3,12.0,11.667027777777779,3384.5704193115234,1.1083333333333334,2.2083333333333335,none
299,0.4_non-BSA_COOH_control_r3,21.5,21.456968055555556,3968.2754440307617,1.3145833333333332,3.5145833333333334,none
156,0.4_non-BSA_COOH_magnet_r1,0.0,0.0,0.0,,,none
158,0.4_non-BSA_COOH_magnet_r1,0.0,0.02009722222222222,1148.7540893554688,1.2458333333333331,2.1395833333333334,present
171,0.4_non-BSA_COOH_magnet_r1,1.0,0.9823577777777778,1644.87837600708,1.7729166666666667,2.09375,present
183,0.4_non-BSA_COOH_magnet_r1,2.0,1.9323780555555554,1328.6591262817383,1.0854166666666667,1.8416666666666668,present
195,0.4_non-BSA_COOH_magnet_r1,3.0,2.955236944444444,1735.8885192871094,1.68125,2.025,present
207,0.4_non-BSA_COOH_magnet_r1,4.0,3.9134116666666663,1871.6947555541992,1.7270833333333333,2.0708333333333333,present
219,0.4_non-BSA_COOH_magnet_r1,5.0,4.942044444444445,1467.4681854248047,2.78125,4.01875,present
231,0.4_non-BSA_COOH_magnet_r1,6.0,5.9254147222222215,1768.4754219055176,1.7270833333333333,2.09375,present
243,0.4_non-BSA_COOH_magnet_r1,7.5,7.476616111111111,1814.242733001709,2.9875,4.133333333333334,present
255,0.4_non-BSA_COOH_magnet_r1,9.0,8.943709444444444,1780.046287536621,3.0562500000000004,4.247916666666667,present
267,0.4_non-BSA_COOH_magnet_r1,10.5,10.419192222222222,1985.1501579284668,3.1708333333333334,4.591666666666667,present
279,0.4_non-BSA_COOH_magnet_r1,12.0,11.773728611111112,1464.1503601074219,2.025,4.43125,present
291,0.4_non-BSA_COOH_magnet_r1,21.5,21.437309444444445,1208.7991676330566,2.09375,4.56875,present
157,0.4_non-BSA_COOH_magnet_r2,0.0,0.0,0.0,,,none
159,0.4_non-BSA_COOH_magnet_r2,0.0,0.01948527777777778,709.8558692932129,2.254166666666667,7.800000000000001,present
172,0.4_non-BSA_COOH_magnet_r2,1.0,0.9817763888888889,599.2033233642578,2.872916666666667,7.845833333333333,present
184,0.4_non-BSA_COOH_magnet_r2,2.0,1.9291,1028.8230628967285,2.78125,7.777083333333334,present
196,0.4_non-BSA_COOH_magnet_r2,3.0,2.9518691666666665,2184.354248046875,2.185416666666667,2.5520833333333335,present
208,0.4_non-BSA_COOH_magnet_r2,4.0,3.9087247222222223,2507.151393890381,2.254166666666667,3.354166666666667,present
220,0.4_non-BSA_COOH_magnet_r2,5.0,4.940291388888888,1720.4949913024902,3.033333333333333,3.697916666666667,present
232,0.4_non-BSA_COOH_magnet_r2,6.0,5.921491666666666,2474.705089569092,1.475,3.3083333333333336,present
244,0.4_non-BSA_COOH_magnet_r2,7.5,7.4755025,2483.974063873291,2.1625,3.46875,present
256,0.4_non-BSA_COOH_magnet_r2,9.0,8.939815555555555,2495.0788955688477,2.23125,3.6291666666666664,present
268,0.4_non-BSA_COOH_magnet_r2,10.5,10.415666111111111,2762.4331283569336,3.4916666666666663,4.683333333333334,present
280,0.4_non-BSA_COOH_magnet_r2,12.0,11.769388611111111,2574.353935241699,2.3,4.133333333333334,present
293,0.4_non-BSA_COOH_magnet_r2,21.5,21.540373055555555,2408.5286026000977,2.254166666666667,4.98125,present
160,0.4_non-BSA_COOH_magnet_r3,0.0,0.0,0.0,,,none
161,0.4_non-BSA_COOH_magnet_r3,0.0,0.0057308333333333334,2121.081943511963,7.227083333333333,7.86875,present
173,0.4_non-BSA_COOH_magnet_r3,1.0,0.9620480555555556,461.1772804260254,1.68125,7.822916666666666,present
185,0.4_non-BSA_COOH_magnet_r3,2.0,1.9068488888888888,613.6852493286133,1.7041666666666666,7.822916666666666,present
197,0.4_non-BSA_COOH_magnet_r3,3.0,2.933236388888889,639.0001258850098,2.23125,7.708333333333334,present
209,0.4_non-BSA_COOH_magnet_r3,4.0,3.886476111111111,914.6953773498535,2.3,3.216666666666667,present
221,0.4_non-BSA_COOH_magnet_r3,5.0,4.9214938888888895,2216.370750427246,2.9875,3.675,present
233,0.4_non-BSA_COOH_magnet_r3,6.0,5.900121666666666,1066.6062965393066,2.50625,3.2854166666666664,present
245,0.4_non-BSA_COOH_magnet_r3,7.5,7.456574722222222,1128.5706367492676,2.4833333333333334,3.1937499999999996,present
257,0.4_non-BSA_COOH_magnet_r3,9.0,8.91737111111111,1026.0884399414062,2.8041666666666667,3.720833333333333,present
269,0.4_non-BSA_COOH_magnet_r3,10.5,10.394478333333334,2968.7930450439453,3.354166666666667,4.316666666666666,present
281,0.4_non-BSA_COOH_magnet_r3,12.0,11.750004722222222,1385.8161354064941,2.941666666666667,3.95,present
292,0.4_non-BSA_COOH_magnet_r3,21.5,21.411106666666665,1719.2524223327637,3.4916666666666663,4.454166666666667,present
162,0.4_non-BSA_PEG_control_r1,0.0,0.0,0.0,,,none
174,0.4_non-BSA_PEG_control_r1,1.0,1.064535277777778,2047.5340366363525,2.36875,3.60625,none
186,0.4_non-BSA_PEG_control_r1,2.0,1.7706291666666667,1793.1801109313965,2.36875,2.8041666666666667,none
198,0.4_non-BSA_PEG_control_r1,3.0,2.8124008333333332,1884.8848915100098,2.36875,3.377083333333333,none
210,0.4_non-BSA_PEG_control_r1,4.0,3.781645277777778,728.8393402099609,0.6499999999999999,7.845833333333333,none
222,0.4_non-BSA_PEG_control_r1,5.0,4.842811666666666,517.7768459320068,2.4604166666666667,2.7354166666666666,none
234,0.4_non-BSA_PEG_control_r1,6.0,5.793860555555556,611.613187789917,0.5125,7.822916666666666,none
246,0.4_non-BSA_PEG_control_r1,7.5,7.369033055555556,919.2654685974121,0.5583333333333333,7.914583333333333,none
258,0.4_non-BSA_PEG_control_r1,9.0,8.806048333333333,400.7900047302246,2.575,2.85,none
270,0.4_non-BSA_PEG_control_r1,10.5,10.281145833333333,471.3606700897217,2.597916666666667,2.85,none
282,0.4_non-BSA_PEG_control_r1,12.0,11.665580833333333,758.7901611328125,0.5354166666666667,4.408333333333333,none
294,0.4_non-BSA_PEG_control_r1,21.5,21.436220277777778,1098.7474384307861,0.58125,0.85625,none
163,0.4_non-BSA_PEG_control_r2,0.0,0.0,0.0,,,none
175,0.4_non-BSA_PEG_control_r2,1.0,1.064583611111111,6543.649505615234,2.4833333333333334,3.560416666666667,none
187,0.4_non-BSA_PEG_control_r2,2.0,1.7703408333333333,1425.7149276733398,1.1770833333333335,1.9562499999999998,none
199,0.4_non-BSA_PEG_control_r2,3.0,2.812955833333333,6560.692081451416,0.7645833333333334,3.46875,none
211,0.4_non-BSA_PEG_control_r2,4.0,3.784238333333333,541.0428810119629,1.8875000000000002,2.09375,none
223,0.4_non-BSA_PEG_control_r2,5.0,4.848487777777778,2115.4693450927734,2.64375,3.125,none
235,0.4_non-BSA_PEG_control_r2,6.0,5.799760277777778,575.003246307373,2.0479166666666666,2.689583333333333,none
247,0.4_non-BSA_PEG_control_r2,7.5,7.378000833333333,5509.521327972412,0.7645833333333334,3.560416666666667,none
259,0.4_non-BSA_PEG_control_r2,9.0,8.812120555555556,2192.0363807678223,2.7583333333333333,3.354166666666667,none
271,0.4_non-BSA_PEG_control_r2,10.5,10.282797500000001,627.482063293457,2.4145833333333333,2.7125,none
283,0.4_non-BSA_PEG_control_r2,12.0,11.66596111111111,143.7115592956543,1.5437500000000002,1.6124999999999998,none
295,0.4_non-BSA_PEG_control_r2,21.5,21.435987777777775,1855.9542922973633,2.941666666666667,3.354166666666667,none
164,0.4_non-BSA_PEG_control_r3,0.0,0.0,0.0,,,none
176,0.4_non-BSA_PEG_control_r3,1.0,1.0642058333333333,4541.035663604736,1.81875,3.2625,none
188,0.4_non-BSA_PEG_control_r3,2.0,1.7697119444444445,5060.315132141113,2.3229166666666665,3.6291666666666664,none
200,0.4_non-BSA_PEG_control_r3,3.0,2.8147219444444445,5383.646089553833,2.4145833333333333,3.95,none
212,0.4_non-BSA_PEG_control_r3,4.0,3.786111111111111,5976.6853103637695,2.50625,4.15625,none
224,0.4_non-BSA_PEG_control_r3,5.0,4.850515555555556,5415.049369812012,2.529166666666667,4.0875,none
236,0.4_non-BSA_PEG_control_r3,6.0,5.8013119444444445,3434.180709838867,1.75,3.583333333333333,none
248,0.4_non-BSA_PEG_control_r3,7.5,7.380157222222222,3115.70223236084,1.75,3.5374999999999996,none
260,0.4_non-BSA_PEG_control_r3,9.0,8.816872777777776,4735.43346786499,1.9791666666666665,3.8125,none
272,0.4_non-BSA_PEG_control_r3,10.5,10.283478333333333,2779.5739212036133,1.7958333333333334,3.8125,none
284,0.4_non-BSA_PEG_control_r3,12.0,11.666114444444446,3806.1055450439453,1.9562499999999998,3.7666666666666666,none
296,0.4_non-BSA_PEG_control_r3,21.5,21.4377675,3344.8786582946777,1.81875,3.6520833333333336,none
150,0.4_non-BSA_PEG_magnet_r1,0.0,0.0,0.0,,,none
151,0.4_non-BSA_PEG_magnet_r1,0.0,0.0025166666666666666,1747.8653450012207,1.3145833333333332,2.4833333333333334,present
168,0.4_non-BSA_PEG_magnet_r1,1.0,0.9950441666666667,720.0099411010742,2.4145833333333333,7.822916666666666,present
180,0.4_non-BSA_PEG_magnet_r1,2.0,1.949658611111111,1763.3344421386719,1.5437500000000002,2.4833333333333334,present
192,0.4_non-BSA_PEG_magnet_r1,3.0,2.9697155555555557,1077.6593132019043,2.529166666666667,2.964583333333333,present
204,0.4_non-BSA_PEG_magnet_r1,4.0,3.9363925,1250.5904998779297,2.597916666666667,7.387499999999999,present
216,0.4_non-BSA_PEG_magnet_r1,5.0,4.96174861111111,2018.393711090088,2.1166666666666667,2.50625,present
228,0.4_non-BSA_PEG_magnet_r1,6.0,5.944714722222223,1897.9442405700684,2.1625,2.529166666666667,present
240,0.4_non-BSA_PEG_magnet_r1,7.5,7.49820638888889,1624.685390472412,2.64375,3.9958333333333336,present
252,0.4_non-BSA_PEG_magnet_r1,9.0,8.966922777777777,1765.341480255127,2.529166666666667,4.041666666666667,present
264,0.4_non-BSA_PEG_magnet_r1,10.5,10.44233,1952.9082107543945,2.2083333333333335,3.46875,present
276,0.4_non-BSA_PEG_magnet_r1,12.0,11.793772222222223,1978.268669128418,2.23125,3.4229166666666666,present
290,0.4_non-BSA_PEG_magnet_r1,21.5,21.460854722222223,2923.4789276123047,1.4979166666666668,2.3229166666666665,present
152,0.4_non-BSA_PEG_magnet_r2,0.0,0.0,0.0,,,none
153,0.4_non-BSA_PEG_magnet_r2,0.0,0.015191111111111112,1055.613136291504,1.7041666666666666,6.997916666666667,present
169,0.4_non-BSA_PEG_magnet_r2,1.0,0.9963336111111111,1127.9898872375488,2.529166666666667,7.59375,present
181,0.4_non-BSA_PEG_magnet_r2,2.0,1.9455522222222223,2463.8850708007812,1.4520833333333334,2.254166666666667,present
193,0.4_non-BSA_PEG_magnet_r2,3.0,2.9685047222222223,2671.3702087402344,1.5437500000000002,2.3,present
205,0.4_non-BSA_PEG_magnet_r2,4.0,3.9333405555555556,2658.708168029785,1.5895833333333331,2.345833333333333,present
217,0.4_non-BSA_PEG_magnet_r2,5.0,4.960262222222222,2385.7244300842285,1.5208333333333335,2.3229166666666665,present
229,0.4_non-BSA_PEG_magnet_r2,6.0,5.9395138888888885,2238.970199584961,1.6583333333333332,2.4145833333333333,present
241,0.4_non-BSA_PEG_magnet_r2,7.5,7.493477222222222,2160.9934730529785,1.5666666666666669,2.36875,present
253,0.4_non-BSA_PEG_magnet_r2,9.0,8.9620275,2120.6097564697266,1.6583333333333332,2.4375,present
265,0.4_non-BSA_PEG_magnet_r2,10.5,10.440211944444444,2041.960605621338,2.0708333333333333,2.529166666666667,present
277,0.4_non-BSA_PEG_magnet_r2,12.0,11.788889166666666,1897.4882850646973,1.7270833333333333,2.529166666666667,present
288,0.4_non-BSA_PEG_magnet_r2,21.5,21.439158333333335,2226.6327056884766,2.2083333333333335,4.339583333333334,present
154,0.4_non-BSA_PEG_magnet_r3,0.0,0.0,0.0,,,present
155,0.4_non-BSA_PEG_magnet_r3,0.0,0.003415,1032.4822235107422,1.2000000000000002,1.40625,present
170,0.4_non-BSA_PEG_magnet_r3,1.0,0.9834502777777777,525.5411758422852,1.2687499999999998,7.616666666666667,present
182,0.4_non-BSA_PEG_magnet_r3,2.0,1.93061,1222.3802185058594,1.13125,1.3604166666666666,present
194,0.4_non-BSA_PEG_magnet_r3,3.0,2.9543661111111112,433.5702438354492,1.2916666666666665,7.731249999999999,present
206,0.4_non-BSA_PEG_magnet_r3,4.0,3.917243333333333,766.465259552002,1.2000000000000002,7.2041666666666675,present
218,0.4_non-BSA_PEG_magnet_r3,5.0,4.944280277777778,872.4755897521973,1.1541666666666668,7.731249999999999,present
230,0.4_non-BSA_PEG_magnet_r3,6.0,5.925221666666666,612.1312103271484,1.1541666666666668,7.18125,present
242,0.4_non-BSA_PEG_magnet_r3,7.5,7.478892777777777,2072.527858734131,0.9479166666666667,1.2229166666666669,present
254,0.4_non-BSA_PEG_magnet_r3,9.0,8.94751861111111,778.4850044250488,1.3145833333333332,3.0791666666666666,present
266,0.4_non-BSA_PEG_magnet_r3,10.5,10.423108055555556,510.9705619812012,2.529166666666667,7.2958333333333325,present
278,0.4_non-BSA_PEG_magnet_r3,12.0,11.775558055555555,610.8131866455078,2.277083333333333,3.560416666666667,present
289,0.4_non-BSA_PEG_magnet_r3,21.5,21.426291111111112,1465.64644241333,2.78125,7.6625,present
315,0.6_BSA_COOH_control_r1,0.0,0.0,0.0,,,none
327,0.6_BSA_COOH_control_r1,1.0,1.1954872222222221,827.3964881896973,1.5895833333333331,2.620833333333333,none
339,0.6_BSA_COOH_control_r1,2.0,1.8816875,1349.1802024841309,0.5583333333333333,2.872916666666667,none
351,0.6_BSA_COOH_control_r1,3.0,2.9328844444444444,1734.5050811767578,1.4291666666666667,7.685416666666667,none
365,0.6_BSA_COOH_control_r1,4.0,4.128215,1923.413761138916,2.575,2.941666666666667,none
375,0.6_BSA_COOH_control_r1,5.0,5.034060277777777,863.4820251464844,1.9791666666666665,2.4145833333333333,none
388,0.6_BSA_COOH_control_r1,6.0,5.951402777777777,3978.21586227417,4.29375,6.49375,none
399,0.6_BSA_COOH_control_r1,7.5,7.5079047222222215,1549.764144897461,1.4291666666666667,7.914583333333333,none
411,0.6_BSA_COOH_control_r1,9.0,8.935586111111112,1522.8689880371094,1.4291666666666667,1.75,none
423,0.6_BSA_COOH_control_r1,10.5,10.399769444444445,2043.0849342346191,2.7125,3.033333333333333,none
435,0.6_BSA_COOH_control_r1,12.0,11.776351666666667,1617.0064659118652,1.4291666666666667,7.914583333333333,none
447,0.6_BSA_COOH_control_r1,21.5,21.57308361111111,915.170352935791,2.345833333333333,2.597916666666667,none
316,0.6_BSA_COOH_control_r2,0.0,0.0,0.0,,,none
328,0.6_BSA_COOH_control_r2,1.0,1.1944927777777778,1224.691593170166,2.4833333333333334,3.6520833333333336,none
340,0.6_BSA_COOH_control_r2,2.0,1.8803916666666667,2442.314868927002,1.2916666666666665,2.36875,none
352,0.6_BSA_COOH_control_r2,3.0,2.9382347222222225,3092.4166107177734,2.5520833333333335,3.927083333333333,none
363,0.6_BSA_COOH_control_r2,4.0,3.917126388888889,1487.4657974243164,2.7125,3.8354166666666663,none
376,0.6_BSA_COOH_control_r2,5.0,5.034592777777777,1411.9831619262695,2.872916666666667,4.316666666666666,none
387,0.6_BSA_COOH_control_r2,6.0,5.939937777777779,962.5766677856445,2.5520833333333335,7.31875,none
400,0.6_BSA_COOH_control_r2,7.5,7.508203055555556,900.3180313110352,2.4833333333333334,3.1708333333333334,none
412,0.6_BSA_COOH_control_r2,9.0,8.939421388888888,2040.986717224121,1.3833333333333333,2.4145833333333333,none
424,0.6_BSA_COOH_control_r2,10.5,10.399491944444446,1012.4882621765137,2.9875,3.720833333333333,none
436,0.6_BSA_COOH_control_r2,12.0,11.775875277777777,8576.354553222656,3.3083333333333336,5.875,none
448,0.6_BSA_COOH_control_r2,21.5,21.57267333333333,1887.8849830627441,1.5208333333333335,2.4604166666666667,none
317,0.6_BSA_COOH_control_r3,0.0,0.0,0.0,,,none
329,0.6_BSA_COOH_control_r3,1.0,1.1940580555555556,3422.0983810424805,2.7583333333333333,4.0875,none
341,0.6_BSA_COOH_control_r3,2.0,1.8804055555555557,3245.0289306640625,2.8270833333333334,3.904166666666667,none
353,0.6_BSA_COOH_control_r3,3.0,2.9404672222222223,2264.3341903686523,2.3916666666666666,3.1937499999999996,none
364,0.6_BSA_COOH_control_r3,4.0,3.918184722222222,3675.314712524414,2.872916666666667,3.927083333333333,none
377,0.6_BSA_COOH_control_r3,5.0,5.036403333333333,2802.14115524292,3.010416666666667,3.904166666666667,none
389,0.6_BSA_COOH_control_r3,6.0,5.95004138888889,2324.0461769104004,2.4145833333333333,3.354166666666667,none
401,0.6_BSA_COOH_control_r3,7.5,7.510513055555556,2849.8589630126953,3.010416666666667,3.95,none
413,0.6_BSA_COOH_control_r3,9.0,8.945913611111111,2771.1441383361816,2.964583333333333,3.8125,none
425,0.6_BSA_COOH_control_r3,10.5,10.4014725,1403.1504440307617,2.529166666666667,3.216666666666667,none
437,0.6_BSA_COOH_control_r3,12.0,11.776820555555554,3001.2583198547363,3.0791666666666666,4.110416666666667,none
449,0.6_BSA_COOH_control_r3,21.5,21.573666944444444,2083.491428375244,2.575,3.354166666666667,none
310,0.6_BSA_COOH_magnet_r1,0.0,0.0,0.0,,,present
321,0.6_BSA_COOH_magnet_r1,1.0,0.9253588888888888,1348.452465057373,1.2687499999999998,2.1625,present
333,0.6_BSA_COOH_magnet_r1,2.0,1.8595558333333333,666.8391380310059,1.9333333333333331,7.685416666666667,present
345,0.6_BSA_COOH_magnet_r1,3.0,2.8978538888888887,603.9182815551758,2.1395833333333334,7.708333333333334,present
357,0.6_BSA_COOH_magnet_r1,4.0,3.842066944444445,1086.3246765136719,2.7583333333333333,3.4229166666666666,present
369,0.6_BSA_COOH_magnet_r1,5.0,4.884673055555556,881.2783622741699,2.3,7.731249999999999,present
381,0.6_BSA_COOH_magnet_r1,6.0,5.857300833333333,826.7441215515137,2.09375,7.822916666666666,present
393,0.6_BSA_COOH_magnet_r1,7.5,7.420491944444445,681.7605590820312,2.09375,7.8916666666666675,present
417,0.6_BSA_COOH_magnet_r1,10.5,10.351131388888888,859.8624649047852,2.23125,7.845833333333333,present
429,0.6_BSA_COOH_magnet_r1,12.0,11.707921666666666,864.904857635498,2.2083333333333335,7.86875,present
441,0.6_BSA_COOH_magnet_r1,21.5,21.391161666666665,635.4790420532227,2.941666666666667,7.8916666666666675,present
306,0.6_BSA_COOH_magnet_r2,0.0,0.0,0.0,,,present
307,0.6_BSA_COOH_magnet_r2,0.0,0.0036088888888888893,2374.3802337646484,1.1770833333333335,1.3833333333333333,present
311,0.6_BSA_COOH_magnet_r2,0.0,0.021250833333333333,1865.5869274139404,0.6041666666666667,1.2916666666666665,present
322,0.6_BSA_COOH_magnet_r2,1.0,0.9489297222222222,1816.475414276123,1.1770833333333335,2.277083333333333,present
334,0.6_BSA_COOH_magnet_r2,2.0,1.8807272222222224,717.5343208312988,1.2687499999999998,7.754166666666666,present
346,0.6_BSA_COOH_magnet_r2,3.0,2.9204994444444448,694.1901741027832,1.13125,7.456250000000001,present
358,0.6_BSA_COOH_magnet_r2,4.0,3.8613294444444444,1944.0456638336182,2.277083333333333,3.354166666666667,present
370,0.6_BSA_COOH_magnet_r2,5.0,4.905114166666666,1120.7542114257812,1.3145833333333332,7.272916666666667,present
382,0.6_BSA_COOH_magnet_r2,6.0,5.876558055555556,1383.6755695343018,1.2687499999999998,2.4604166666666667,present
394,0.6_BSA_COOH_magnet_r2,7.5,7.442943611111112,1345.2294883728027,1.2916666666666665,7.2041666666666675,present
406,0.6_BSA_COOH_magnet_r2,9.0,8.908748611111111,1472.8884258270264,1.2458333333333331,7.2958333333333325,present
418,0.6_BSA_COOH_magnet_r2,10.5,10.378783055555555,1392.7475299835205,1.2916666666666665,7.387499999999999,present
430,0.6_BSA_COOH_magnet_r2,12.0,11.727097777777779,1775.3836631774902,1.2916666666666665,6.883333333333334,present
442,0.6_BSA_COOH_magnet_r2,21.5,21.412558333333337,1373.206600189209,1.2229166666666669,7.272916666666667,present
308,0.6_BSA_COOH_magnet_r3,0.0,0.0,0.0,,,present
309,0.6_BSA_COOH_magnet_r3,0.0,0.0038391666666666665,1686.7767333984375,1.1541666666666668,2.1166666666666667,present
323,0.6_BSA_COOH_magnet_r3,1.0,0.9508916666666667,1650.7770195007324,0.58125,1.0854166666666667,present
335,0.6_BSA_COOH_magnet_r3,2.0,1.87903,1966.6226043701172,1.6583333333333332,2.0708333333333333,present
347,0.6_BSA_COOH_magnet_r3,3.0,2.9201372222222224,997.4492416381836,2.575,3.9958333333333336,present
359,0.6_BSA_COOH_magnet_r3,4.0,3.858344166666667,1410.3151016235352,2.620833333333333,2.941666666666667,present
371,0.6_BSA_COOH_magnet_r3,5.0,4.9034716666666665,1990.5444259643555,1.8416666666666668,2.254166666666667,present
383,0.6_BSA_COOH_magnet_r3,6.0,5.8743002777777775,2045.1243133544922,1.8416666666666668,2.2083333333333335,present
395,0.6_BSA_COOH_magnet_r3,7.5,7.438732777777777,1918.989875793457,1.8645833333333335,2.23125,present
407,0.6_BSA_COOH_magnet_r3,9.0,8.904375833333333,2177.9804611206055,1.9562499999999998,2.8270833333333334,present
419,0.6_BSA_COOH_magnet_r3,10.5,10.384293055555556,4474.638847351074,2.025,3.60625,present
431,0.6_BSA_COOH_magnet_r3,12.0,11.724944722222222,4622.8986167907715,2.002083333333333,3.7437500000000004,present
443,0.6_BSA_COOH_magnet_r3,21.5,21.412031388888888,1484.7827110290527,2.1395833333333334,7.158333333333333,present
312,0.6_BSA_PEG_control_r1,0.0,0.0,0.0,,,none
324,0.6_BSA_PEG_control_r1,1.0,1.171736111111111,1893.9704856872559,1.0166666666666666,2.1166666666666667,none
336,0.6_BSA_PEG_control_r1,2.0,1.8818758333333332,2378.400188446045,0.9937499999999999,2.254166666666667,none
348,0.6_BSA_PEG_control_r1,3.0,2.9299583333333334,1843.7247886657715,1.1770833333333335,2.2083333333333335,none
360,0.6_BSA_PEG_control_r1,4.0,3.905635,981.2261657714844,2.277083333333333,2.575,none
374,0.6_BSA_PEG_control_r1,5.0,5.035576111111111,787.5966262817383,2.3,2.6666666666666665,none
384,0.6_BSA_PEG_control_r1,6.0,5.932275,2591.127639770508,1.2000000000000002,2.1395833333333334,none
396,0.6_BSA_PEG_control_r1,7.5,7.498686111111112,2332.5570678710938,1.1541666666666668,2.1395833333333334,none
408,0.6_BSA_PEG_control_r1,9.0,8.926903055555556,2532.7274017333984,1.0854166666666667,2.1625,none
420,0.6_BSA_PEG_control_r1,10.5,10.395994722222222,2161.134548187256,1.0625,1.68125,none
432,0.6_BSA_PEG_control_r1,12.0,11.775980277777778,2396.2521934509277,1.0854166666666667,7.822916666666666,none
444,0.6_BSA_PEG_control_r1,21.5,21.56839277777778,2690.645763397217,1.0395833333333333,7.800000000000001,none
313,0.6_BSA_PEG_control_r2,0.0,0.0,0.0,,,none
325,0.6_BSA_PEG_control_r2,1.0,1.1720133333333331,3712.2296600341797,2.6666666666666665,4.385416666666667,none
337,0.6_BSA_PEG_control_r2,2.0,1.8817300000000001,3407.537467956543,1.9333333333333331,3.5145833333333334,none
349,0.6_BSA_PEG_control_r2,3.0,2.930559722222222,3592.416271209717,2.025,3.60625,none
361,0.6_BSA_PEG_control_r2,4.0,3.9077911111111114,3168.311779022217,1.9104166666666669,3.2854166666666664,none
372,0.6_BSA_PEG_control_r2,5.0,4.995215,2564.1768188476562,1.7270833333333333,2.36875,none
385,0.6_BSA_PEG_control_r2,6.0,5.9363624999999995,2609.652229309082,2.3916666666666666,2.8958333333333335,none
397,0.6_BSA_PEG_control_r2,7.5,7.500279166666667,2287.357322692871,1.6124999999999998,4.522916666666666,none
409,0.6_BSA_PEG_control_r2,9.0,8.9289875,2607.4585571289062,2.36875,2.872916666666667,none
421,0.6_BSA_PEG_control_r2,10.5,10.398303333333333,1875.4818382263184,1.6124999999999998,4.064583333333333,none
433,0.6_BSA_PEG_control_r2,12.0,11.776801666666666,4629.265247344971,2.620833333333333,5.829166666666667,none
314,0.6_BSA_PEG_control_r3,0.0,0.0,0.0,,,none
326,0.6_BSA_PEG_control_r3,1.0,1.1718875,3808.6553649902344,2.4833333333333334,3.720833333333333,none
338,0.6_BSA_PEG_control_r3,2.0,1.8815477777777778,3945.1017112731934,1.7729166666666667,2.597916666666667,none
350,0.6_BSA_PEG_control_r3,3.0,2.9308022222222223,3743.344455718994,2.4604166666666667,3.1937499999999996,none
362,0.6_BSA_PEG_control_r3,4.0,3.908552777777778,4006.3546714782715,2.277083333333333,3.1708333333333334,none
373,0.6_BSA_PEG_control_r3,5.0,4.995335,3705.186943054199,2.36875,3.010416666666667,none
386,0.6_BSA_PEG_control_r3,6.0,5.937602222222222,3515.5374603271484,1.68125,2.254166666666667,none
398,0.6_BSA_PEG_control_r3,7.5,7.501418611111111,3158.27241897583,1.4979166666666668,2.1166666666666667,none
410,0.6_BSA_PEG_control_r3,9.0,8.929721944444445,4430.373348236084,2.277083333333333,3.033333333333333,none
422,0.6_BSA_PEG_control_r3,10.5,10.39894,9952.579793930054,2.7354166666666666,5.53125,none
434,0.6_BSA_PEG_control_r3,12.0,11.777274444444444,2613.229690551758,1.40625,1.8645833333333335,none
446,0.6_BSA_PEG_control_r3,21.5,21.5705,3637.1182289123535,1.75,2.597916666666667,none
300,0.6_BSA_PEG_magnet_r1,0.0,0.0,0.0,,,present
301,0.6_BSA_PEG_magnet_r1,0.0,0.007480555555555555,2209.003448486328,2.0708333333333333,3.46875,present
318,0.6_BSA_PEG_magnet_r1,1.0,0.9585533333333333,478.25498962402344,1.7729166666666667,7.089583333333334,present
330,0.6_BSA_PEG_magnet_r1,2.0,1.9004555555555556,1452.501594543457,1.7041666666666666,2.1395833333333334,present
342,0.6_BSA_PEG_magnet_r1,3.0,2.9305688888888892,1243.1083869934082,1.8416666666666668,2.2083333333333335,present
354,0.6_BSA_PEG_magnet_r1,4.0,3.8787588888888886,1026.3277320861816,1.81875,2.3,present
366,0.6_BSA_PEG_magnet_r1,5.0,4.920756388888889,1355.3965225219727,6.8375,7.410416666666666,present
378,0.6_BSA_PEG_magnet_r1,6.0,5.895355277777777,1263.1343612670898,1.7270833333333333,2.185416666666667,present
390,0.6_BSA_PEG_magnet_r1,7.5,7.451094166666667,1605.8127670288086,1.475,1.81875,present
402,0.6_BSA_PEG_magnet_r1,9.0,8.915735555555555,1805.7406692504883,1.5666666666666669,2.025,present
414,0.6_BSA_PEG_magnet_r1,10.5,10.391519722222222,2469.0426483154297,1.68125,3.216666666666667,present
426,0.6_BSA_PEG_magnet_r1,12.0,11.746597777777778,1823.6719245910645,1.4979166666666668,1.81875,present
438,0.6_BSA_PEG_magnet_r1,21.5,21.409823333333335,1324.4292488098145,2.8958333333333335,4.683333333333334,present
302,0.6_BSA_PEG_magnet_r2,0.0,0.0,0.0,,,none
303,0.6_BSA_PEG_magnet_r2,0.0,0.005716111111111111,2168.9344215393066,1.2229166666666669,2.277083333333333,present
305,0.6_BSA_PEG_magnet_r2,0.0,0.013640833333333333,372.95737075805664,2.64375,7.777083333333334,present
319,0.6_BSA_PEG_magnet_r2,1.0,0.949606111111111,2105.1119956970215,1.1541666666666668,2.3,present
331,0.6_BSA_PEG_magnet_r2,2.0,1.8901597222222222,578.9838371276855,2.3229166666666665,7.708333333333334,present
343,0.6_BSA_PEG_magnet_r2,3.0,2.9221508333333333,688.9442710876465,2.36875,7.089583333333334,present
355,0.6_BSA_PEG_magnet_r2,4.0,3.8702708333333335,804.3506660461426,2.36875,6.90625,present
367,0.6_BSA_PEG_magnet_r2,5.0,4.909759444444444,1503.4330024719238,1.13125,2.277083333333333,present
379,0.6_BSA_PEG_magnet_r2,6.0,5.884797777777778,1821.8752937316895,0.8791666666666667,2.254166666666667,present
391,0.6_BSA_PEG_magnet_r2,7.5,7.443121944444445,873.9307441711426,3.010416666666667,3.8583333333333334,present
403,0.6_BSA_PEG_magnet_r2,9.0,8.906092222222222,1936.953701019287,1.2229166666666669,2.3229166666666665,present
415,0.6_BSA_PEG_magnet_r2,10.5,10.380630833333333,1669.7541732788086,0.8791666666666667,2.277083333333333,present
427,0.6_BSA_PEG_magnet_r2,12.0,11.734504722222221,2074.2819213867188,1.13125,2.3,present
439,0.6_BSA_PEG_magnet_r2,21.5,21.404049444444443,2193.560375213623,1.3145833333333332,2.3916666666666666,present
304,0.6_BSA_PEG_magnet_r3,0.0,0.0,0.0,,,present
320,0.6_BSA_PEG_magnet_r3,1.0,0.9463691666666667,247.3243522644043,2.78125,7.86875,present
332,0.6_BSA_PEG_magnet_r3,2.0,1.883767777777778,1400.6263580322266,1.1541666666666668,2.277083333333333,present
344,0.6_BSA_PEG_magnet_r3,3.0,2.9186380555555553,1416.3379020690918,1.475,2.345833333333333,present
356,0.6_BSA_PEG_magnet_r3,4.0,3.864452777777778,1578.2589836120605,1.40625,2.3916666666666666,present
368,0.6_BSA_PEG_magnet_r3,5.0,4.906703888888888,1845.5605735778809,1.475,2.4604166666666667,present
380,0.6_BSA_PEG_magnet_r3,6.0,5.879256111111111,1801.3766403198242,2.1395833333333334,2.50625,present
392,0.6_BSA_PEG_magnet_r3,7.5,7.440389166666667,1692.5576057434082,2.1395833333333334,2.50625,present
404,0.6_BSA_PEG_magnet_r3,9.0,8.899463611111111,3037.8358726501465,1.5895833333333331,3.0791666666666666,present
416,0.6_BSA_PEG_magnet_r3,10.5,10.374441944444445,2286.232608795166,3.0562500000000004,4.041666666666667,present
428,0.6_BSA_PEG_magnet_r3,12.0,11.729865833333333,2315.0069618225098,2.1395833333333334,7.570833333333333,present
440,0.6_BSA_PEG_magnet_r3,21.5,21.39966722222222,1243.2690620422363,1.5666666666666669,7.754166666666666,present
465,0.6_non-BSA_COOH_control_r1,0.0,0.0,0.0,,,none
477,0.6_non-BSA_COOH_control_r1,1.0,1.1873536111111112,2433.186943054199,2.78125,3.2625,none
489,0.6_non-BSA_COOH_control_r1,2.0,1.877318888888889,2647.3640518188477,2.85,3.3083333333333336,none
501,0.6_non-BSA_COOH_control_r1,3.0,2.9550458333333336,3649.268955230713,2.7354166666666666,3.2625,none
515,0.6_non-BSA_COOH_control_r1,4.0,3.9552569444444443,3900.288417816162,2.689583333333333,3.3083333333333336,none
525,0.6_non-BSA_COOH_control_r1,5.0,5.036861666666667,2654.272315979004,2.1166666666666667,2.8270833333333334,none
537,0.6_non-BSA_COOH_control_r1,6.0,5.959655277777777,2616.7574882507324,2.1166666666666667,2.78125,none
549,0.6_non-BSA_COOH_control_r1,7.5,7.514397499999999,2727.380386352539,2.185416666666667,2.8270833333333334,none
561,0.6_non-BSA_COOH_control_r1,9.0,8.948619722222222,2378.6883506774902,2.0708333333333333,2.689583333333333,none
573,0.6_non-BSA_COOH_control_r1,10.5,10.40886361111111,3294.1380615234375,2.277083333333333,3.033333333333333,none
585,0.6_non-BSA_COOH_control_r1,12.0,11.796089166666667,3154.206516265869,1.7729166666666667,2.689583333333333,none
597,0.6_non-BSA_COOH_control_r1,21.5,21.59192916666667,3188.8293418884277,2.0708333333333333,2.8958333333333335,none
466,0.6_non-BSA_COOH_control_r2,0.0,0.0,0.0,,,none
478,0.6_non-BSA_COOH_control_r2,1.0,1.1849719444444446,1247.81937789917,3.010416666666667,4.660416666666666,none
490,0.6_non-BSA_COOH_control_r2,2.0,1.8754975,2064.222755432129,2.872916666666667,4.6375,none
502,0.6_non-BSA_COOH_control_r2,3.0,2.958971944444445,4154.160564422607,3.4458333333333337,5.095833333333333,none
513,0.6_non-BSA_COOH_control_r2,4.0,3.931617222222222,4520.83922958374,3.354166666666667,5.05,none
526,0.6_non-BSA_COOH_control_r2,5.0,5.035719444444444,3232.2166900634766,2.7354166666666666,4.545833333333333,none
538,0.6_non-BSA_COOH_control_r2,6.0,5.9595575,2726.183193206787,2.7583333333333333,4.5,none
550,0.6_non-BSA_COOH_control_r2,7.5,7.514014722222223,3347.179885864258,2.4604166666666667,4.5,none
562,0.6_non-BSA_COOH_control_r2,9.0,8.948160277777777,3368.786849975586,2.7354166666666666,4.545833333333333,none
574,0.6_non-BSA_COOH_control_r2,10.5,10.40759277777778,3564.2553176879883,2.09375,4.3625,none
586,0.6_non-BSA_COOH_control_r2,12.0,11.797703333333335,3291.475444793701,2.277083333333333,4.454166666666667,none
598,0.6_non-BSA_COOH_control_r2,21.5,21.58955388888889,3417.7252616882324,3.33125,4.820833333333334,none
467,0.6_non-BSA_COOH_control_r3,0.0,0.0,0.0,,,none
479,0.6_non-BSA_COOH_control_r3,1.0,1.1845569444444444,5572.485107421875,1.68125,2.4375,none
491,0.6_non-BSA_COOH_control_r3,2.0,1.875738611111111,6078.456146240234,2.4145833333333333,3.354166666666667,none
503,0.6_non-BSA_COOH_control_r3,3.0,2.9586288888888888,5873.276039123535,1.81875,2.7125,none
514,0.6_non-BSA_COOH_control_r3,4.0,3.9335158333333333,6351.530914306641,2.36875,3.5145833333333334,none
527,0.6_non-BSA_COOH_control_r3,5.0,5.0361199999999995,5924.455577850342,2.4604166666666667,3.4000000000000004,none
539,0.6_non-BSA_COOH_control_r3,6.0,5.960254166666667,5382.515033721924,2.36875,2.941666666666667,none
551,0.6_non-BSA_COOH_control_r3,7.5,7.514855,5914.049049377441,2.3916666666666666,3.4458333333333337,none
563,0.6_non-BSA_COOH_control_r3,9.0,8.9501125,5344.9507484436035,1.7041666666666666,2.3,none
575,0.6_non-BSA_COOH_control_r3,10.5,10.407295833333333,5697.636066436768,2.4375,3.354166666666667,none
587,0.6_non-BSA_COOH_control_r3,12.0,11.800369166666666,5476.105587005615,2.4145833333333333,3.010416666666667,none
599,0.6_non-BSA_COOH_control_r3,21.5,21.589451944444445,5116.629619598389,1.6583333333333332,2.529166666666667,none
456,0.6_non-BSA_COOH_magnet_r1,0.0,0.0,0.0,,,none
457,0.6_non-BSA_COOH_magnet_r1,0.0,0.004748055555555556,180.96067810058594,7.685416666666667,7.914583333333333,present
471,0.6_non-BSA_COOH_magnet_r1,1.0,0.9323066666666667,177.37366104125977,7.708333333333334,7.9375,present
483,0.6_non-BSA_COOH_magnet_r1,2.0,1.8712533333333332,3462.416027069092,1.8875000000000002,2.4833333333333334,present
495,0.6_non-BSA_COOH_magnet_r1,3.0,2.9031330555555557,4265.586902618408,1.9791666666666665,2.7583333333333333,present
507,0.6_non-BSA_COOH_magnet_r1,4.0,3.8392191666666666,4573.563758850098,2.002083333333333,2.872916666666667,present
519,0.6_non-BSA_COOH_magnet_r1,5.0,4.877771388888888,5219.213642120361,2.5520833333333335,3.4000000000000004,present
531,0.6_non-BSA_COOH_magnet_r1,6.0,5.852164722222223,5586.0790939331055,2.1625,3.0791666666666666,present
543,0.6_non-BSA_COOH_magnet_r1,7.5,7.423429166666667,5198.000347137451,2.3,3.2854166666666664,present
555,0.6_non-BSA_COOH_magnet_r1,9.0,8.875633888888888,5357.1966552734375,2.345833333333333,3.4458333333333337,present
567,0.6_non-BSA_COOH_magnet_r1,10.5,10.360216944444446,5954.238819122314,2.4145833333333333,3.6291666666666664,present
579,0.6_non-BSA_COOH_magnet_r1,12.0,11.713643888888889,5930.573322296143,2.4833333333333334,3.7895833333333337,present
591,0.6_non-BSA_COOH_magnet_r1,21.5,21.45591138888889,4160.335052490234,2.3229166666666665,3.7437500000000004,present
458,0.6_non-BSA_COOH_magnet_r2,0.0,0.0,0.0,,,none
459,0.6_non-BSA_COOH_magnet_r2,0.0,0.003596111111111111,95.05587768554688,7.731249999999999,7.960416666666667,present
472,0.6_non-BSA_COOH_magnet_r2,1.0,0.926803888888889,2003.3901481628418,1.2458333333333331,2.09375,present
484,0.6_non-BSA_COOH_magnet_r2,2.0,1.8662325,727.5801849365234,1.6124999999999998,7.6625,present
496,0.6_non-BSA_COOH_magnet_r2,3.0,2.8982525000000003,2174.5768508911133,1.2458333333333331,2.0479166666666666,present
508,0.6_non-BSA_COOH_magnet_r2,4.0,3.8324108333333333,1113.3767890930176,1.40625,2.1625,present
520,0.6_non-BSA_COOH_magnet_r2,5.0,4.872672777777778,2366.9576110839844,1.2458333333333331,2.1166666666666667,present
532,0.6_non-BSA_COOH_magnet_r2,6.0,5.846425833333334,1047.5146560668945,2.23125,3.125,present
544,0.6_non-BSA_COOH_magnet_r2,7.5,7.420506388888889,2386.4723052978516,1.2916666666666665,2.1166666666666667,present
556,0.6_non-BSA_COOH_magnet_r2,9.0,8.870218333333334,3650.459312438965,0.9708333333333334,1.475,present
568,0.6_non-BSA_COOH_magnet_r2,10.5,10.356433055555556,1981.6885566711426,1.2687499999999998,2.1395833333333334,present
580,0.6_non-BSA_COOH_magnet_r2,12.0,11.706762777777778,3353.407012939453,0.9708333333333334,1.5208333333333335,present
592,0.6_non-BSA_COOH_magnet_r2,21.5,21.455919166666664,2451.419967651367,1.1083333333333334,2.0708333333333333,present
460,0.6_non-BSA_COOH_magnet_r3,0.0,0.0,0.0,,,none
461,0.6_non-BSA_COOH_magnet_r3,0.0,0.0031122222222222224,74.3508071899414,7.777083333333334,7.960416666666667,present
473,0.6_non-BSA_COOH_magnet_r3,1.0,0.9250436111111111,586.3081817626953,1.6583333333333332,7.800000000000001,present
485,0.6_non-BSA_COOH_magnet_r3,2.0,1.8635583333333334,1361.7799377441406,2.1625,6.8375,present
497,0.6_non-BSA_COOH_magnet_r3,3.0,2.8981425,1498.7015228271484,2.1625,2.7583333333333333,present
509,0.6_non-BSA_COOH_magnet_r3,4.0,3.8307591666666667,1620.9570541381836,2.3229166666666665,3.95,present
521,0.6_non-BSA_COOH_magnet_r3,5.0,4.8707119444444436,2675.088367462158,1.2458333333333331,2.185416666666667,present
533,0.6_non-BSA_COOH_magnet_r3,6.0,5.852734166666667,3601.7932052612305,0.9937499999999999,2.0479166666666666,present
545,0.6_non-BSA_COOH_magnet_r3,7.5,7.417579444444445,2658.760570526123,1.2687499999999998,2.2083333333333335,present
557,0.6_non-BSA_COOH_magnet_r3,9.0,8.868796944444444,2643.8789558410645,1.2458333333333331,2.23125,present
569,0.6_non-BSA_COOH_magnet_r3,10.5,10.351605833333334,2876.84956741333,1.2916666666666665,2.23125,present
581,0.6_non-BSA_COOH_magnet_r3,12.0,11.704922777777778,2790.9837074279785,1.2916666666666665,2.4145833333333333,present
593,0.6_non-BSA_COOH_magnet_r3,21.5,21.455473055555554,1957.7603187561035,3.1708333333333334,4.0875,present
462,0.6_non-BSA_PEG_control_r1,0.0,0.0,0.0,,,none
474,0.6_non-BSA_PEG_control_r1,1.0,1.1926058333333334,1136.6880340576172,2.345833333333333,3.7437500000000004,none
486,0.6_non-BSA_PEG_control_r1,2.0,1.8801444444444446,1333.6885299682617,1.7041666666666666,3.2854166666666664,none
498,0.6_non-BSA_PEG_control_r1,3.0,2.9468841666666665,866.377124786377,2.345833333333333,3.2625,none
510,0.6_non-BSA_PEG_control_r1,4.0,3.921053888888889,1272.1741104125977,2.1166666666666667,3.6291666666666664,none
522,0.6_non-BSA_PEG_control_r1,5.0,5.041237777777777,1249.786937713623,1.8645833333333335,2.8041666666666667,none
534,0.6_non-BSA_PEG_control_r1,6.0,5.954376666666667,2782.0491523742676,1.5666666666666669,1.9562499999999998,none
546,0.6_non-BSA_PEG_control_r1,7.5,7.512959722222222,2799.639533996582,2.575,3.560416666666667,none
558,0.6_non-BSA_PEG_control_r1,9.0,8.948328611111112,3223.062244415283,2.64375,3.583333333333333,none
570,0.6_non-BSA_PEG_control_r1,10.5,10.401099444444444,4035.1935081481934,3.4916666666666663,6.195833333333334,none
582,0.6_non-BSA_PEG_control_r1,12.0,11.785213888888888,2694.131088256836,1.5666666666666669,2.1166666666666667,none
594,0.6_non-BSA_PEG_control_r1,21.5,21.57359,2816.465358734131,0.9479166666666667,2.0479166666666666,none
463,0.6_non-BSA_PEG_control_r2,0.0,0.0,0.0,,,none
475,0.6_non-BSA_PEG_control_r2,1.0,1.1924566666666667,2346.590000152588,1.0854166666666667,1.3833333333333333,none
487,0.6_non-BSA_PEG_control_r2,2.0,1.8802511111111113,959.6128234863281,2.23125,4.316666666666666,none
499,0.6_non-BSA_PEG_control_r2,3.0,2.9471963888888886,1267.310878753662,2.1625,4.522916666666666,none
511,0.6_non-BSA_PEG_control_r2,4.0,3.927510277777778,3393.4325561523438,0.8791666666666667,1.4291666666666667,none
523,0.6_non-BSA_PEG_control_r2,5.0,5.041810555555555,2609.9998626708984,1.0625,1.5437500000000002,none
535,0.6_non-BSA_PEG_control_r2,6.0,5.956625555555555,1744.5398216247559,2.8041666666666667,6.425,none
547,0.6_non-BSA_PEG_control_r2,7.5,7.5145333333333335,1496.239345550537,2.7354166666666666,4.29375,none
559,0.6_non-BSA_PEG_control_r2,9.0,8.9505575,8577.036113739014,2.002083333333333,5.829166666666667,none
571,0.6_non-BSA_PEG_control_r2,10.5,10.403101944444444,5782.04216003418,1.3375,5.691666666666666,none
583,0.6_non-BSA_PEG_control_r2,12.0,11.793074722222222,1474.9899139404297,2.7583333333333333,3.927083333333333,none
595,0.6_non-BSA_PEG_control_r2,21.5,21.574497500000003,2604.2165336608887,1.1770833333333335,2.09375,none
464,0.6_non-BSA_PEG_control_r3,0.0,0.0,0.0,,,none
476,0.6_non-BSA_PEG_control_r3,1.0,1.1922425,4089.7807960510254,2.6666666666666665,3.560416666666667,none
488,0.6_non-BSA_PEG_control_r3,2.0,1.881771388888889,4357.098411560059,2.597916666666667,3.4458333333333337,none
500,0.6_non-BSA_PEG_control_r3,3.0,2.9477183333333334,4121.117938995361,2.025,2.7354166666666666,none
512,0.6_non-BSA_PEG_control_r3,4.0,3.9301008333333334,3335.9803314208984,1.4520833333333334,2.0708333333333333,none
524,0.6_non-BSA_PEG_control_r3,5.0,5.042293611111112,4475.069011688232,1.8645833333333335,2.5520833333333335,none
536,0.6_non-BSA_PEG_control_r3,6.0,5.960038055555556,4614.429683685303,1.8875000000000002,2.7354166666666666,none
548,0.6_non-BSA_PEG_control_r3,7.5,7.5154491666666665,4049.7641563415527,1.8645833333333335,2.689583333333333,none
560,0.6_non-BSA_PEG_control_r3,9.0,8.951322777777778,4231.091743469238,1.8645833333333335,2.50625,none
572,0.6_non-BSA_PEG_control_r3,10.5,10.406733611111111,4752.914867401123,2.575,3.4000000000000004,none
584,0.6_non-BSA_PEG_control_r3,12.0,11.7960625,4204.514595031738,2.4833333333333334,3.1020833333333337,none
596,0.6_non-BSA_PEG_control_r3,21.5,21.578042222222223,3953.937801361084,1.8645833333333335,2.872916666666667,none
450,0.6_non-BSA_PEG_magnet_r1,0.0,0.0,0.0,,,none
451,0.6_non-BSA_PEG_magnet_r1,0.0,0.0038025,1479.104721069336,1.3604166666666666,2.8958333333333335,present
468,0.6_non-BSA_PEG_magnet_r1,1.0,0.9420708333333333,152.4391212463379,3.1937499999999996,7.86875,present
480,0.6_non-BSA_PEG_magnet_r1,2.0,1.8748080555555555,1281.8265190124512,2.64375,3.010416666666667,present
492,0.6_non-BSA_PEG_magnet_r1,3.0,2.9133027777777776,1272.7472076416016,2.689583333333333,2.9875,present
504,0.6_non-BSA_PEG_magnet_r1,4.0,3.8528688888888887,762.3411827087402,2.8958333333333335,3.216666666666667,present
516,0.6_non-BSA_PEG_magnet_r1,5.0,4.892335277777778,1252.8882942199707,2.964583333333333,3.239583333333333,present
528,0.6_non-BSA_PEG_magnet_r1,6.0,5.863426111111111,1208.307960510254,2.7125,3.125,present
540,0.6_non-BSA_PEG_magnet_r1,7.5,7.427639166666666,1666.715187072754,2.002083333333333,3.033333333333333,present
552,0.6_non-BSA_PEG_magnet_r1,9.0,8.891911666666667,1606.400104522705,1.3145833333333332,3.033333333333333,present
564,0.6_non-BSA_PEG_magnet_r1,10.5,10.376119722222223,1166.0981063842773,3.216666666666667,4.29375,present
576,0.6_non-BSA_PEG_magnet_r1,12.0,11.714322222222222,2253.9410362243652,1.8875000000000002,3.033333333333333,present
588,0.6_non-BSA_PEG_magnet_r1,21.5,21.4596,1213.6885833740234,2.78125,7.502083333333333,present
452,0.6_non-BSA_PEG_magnet_r2,0.0,0.0,0.0,,,none
453,0.6_non-BSA_PEG_magnet_r2,0.0,0.005038888888888889,1029.9343338012695,7.066666666666666,7.6625,present
469,0.6_non-BSA_PEG_magnet_r2,1.0,0.9405672222222222,1323.918342590332,1.5208333333333335,2.345833333333333,present
481,0.6_non-BSA_PEG_magnet_r2,2.0,1.8706252777777779,452.95740509033203,1.3833333333333333,7.731249999999999,present
493,0.6_non-BSA_PEG_magnet_r2,3.0,2.909105277777778,1009.5179672241211,1.9562499999999998,3.239583333333333,present
505,0.6_non-BSA_PEG_magnet_r2,4.0,3.8490594444444444,909.5996551513672,2.09375,2.4604166666666667,present
517,0.6_non-BSA_PEG_magnet_r2,5.0,4.887790555555555,527.1507415771484,1.9791666666666665,3.583333333333333,present
529,0.6_non-BSA_PEG_magnet_r2,6.0,5.859620277777778,818.5671730041504,1.9791666666666665,3.6291666666666664,present
541,0.6_non-BSA_PEG_magnet_r2,7.5,7.428265000000001,1143.89115524292,2.0708333333333333,3.46875,present
553,0.6_non-BSA_PEG_magnet_r2,9.0,8.886413611111111,1077.9084587097168,0.6729166666666666,1.5895833333333331,present
565,0.6_non-BSA_PEG_magnet_r2,10.5,10.371875555555556,1291.5342750549316,0.7416666666666667,2.4145833333333333,present
577,0.6_non-BSA_PEG_magnet_r2,12.0,11.714527222222223,2746.702003479004,2.002083333333333,3.9958333333333336,present
589,0.6_non-BSA_PEG_magnet_r2,21.5,21.46171888888889,1066.783618927002,2.1166666666666667,3.1479166666666663,present
454,0.6_non-BSA_PEG_magnet_r3,0.0,0.0,0.0,,,none
455,0.6_non-BSA_PEG_magnet_r3,0.0,0.003991388888888889,1138.363941192627,0.5354166666666667,7.066666666666666,present
470,0.6_non-BSA_PEG_magnet_r3,1.0,0.9354072222222222,1435.7375869750977,2.85,3.2854166666666664,present
482,0.6_non-BSA_PEG_magnet_r3,2.0,1.8653236111111111,702.4588012695312,1.5208333333333335,7.502083333333333,present
494,0.6_non-BSA_PEG_magnet_r3,3.0,2.903606388888889,1599.8197212219238,2.872916666666667,3.33125,present
506,0.6_non-BSA_PEG_magnet_r3,4.0,3.841358611111111,1563.8949432373047,3.1020833333333337,3.60625,present
518,0.6_non-BSA_PEG_magnet_r3,5.0,4.880101388888889,1755.2951316833496,3.033333333333333,3.46875,present
530,0.6_non-BSA_PEG_magnet_r3,6.0,5.851628888888889,1894.8099784851074,3.033333333333333,3.4916666666666663,present
542,0.6_non-BSA_PEG_magnet_r3,7.5,7.423911111111112,1584.2852745056152,1.5437500000000002,2.8270833333333334,present
554,0.6_non-BSA_PEG_magnet_r3,9.0,8.879331111111112,1408.630039215088,1.81875,3.010416666666667,present
566,0.6_non-BSA_PEG_magnet_r3,10.5,10.36451777777778,2066.3606338500977,1.4979166666666668,1.9333333333333331,present
578,0.6_non-BSA_PEG_magnet_r3,12.0,11.716318888888889,2816.973529815674,1.5208333333333335,1.9791666666666665,present
590,0.6_non-BSA_PEG_magnet_r3,21.5,21.45630277777778,1328.4193000793457,2.277083333333333,7.479166666666666,present
