day,agarose,arm,coating,series,t,front_right,front_left,front,wall_mm,front_thr15,front_thr20,front_thr25,front_thr30,front_thr35,centroid,d90,front_lead,gap_mm
Day 1,0.4%,large,COOH,COOH_L1,0.0,0.0,0.0,0.0,4.333333333333334,0.0,0.0,0.0,0.0,0.0,,,0.0,0.7291666666666667
Day 1,0.4%,large,COOH,COOH_L1,0.5,1.0833333333333335,0.0,1.0833333333333335,4.333333333333334,1.0833333333333335,1.0416666666666667,1.0,0.9583333333333335,0.8958333333333335,1.3882825362467417,3.5571575714009978,1.0833333333333335,0.7291666666666667
Day 1,0.4%,large,COOH,COOH_L1,1.0,1.4375000000000002,0.0,1.4375000000000002,4.333333333333334,1.4375000000000002,1.3750000000000002,1.2916666666666667,1.2500000000000002,1.1875000000000002,1.4566498372279308,3.5462529168434456,1.4375000000000002,0.7291666666666667
Day 1,0.4%,large,COOH,COOH_L1,1.5,2.291666666666667,0.0,2.291666666666667,4.333333333333334,2.291666666666667,2.0,1.8333333333333335,1.7083333333333335,1.6041666666666667,1.572990649764423,3.462242791273829,2.291666666666667,0.7291666666666667
Day 1,0.4%,large,COOH,COOH_L1,2.0,3.958333333333334,0.0,3.958333333333334,4.333333333333334,3.958333333333334,3.8750000000000004,2.7500000000000004,2.4375000000000004,2.2500000000000004,1.7526606185002591,3.5389409166370216,3.958333333333334,0.7291666666666667
Day 1,0.4%,large,COOH,COOH_L1,2.5,4.062500000000001,0.0,4.062500000000001,4.333333333333334,4.062500000000001,3.9375000000000004,3.833333333333334,2.854166666666667,2.541666666666667,1.9403396658411576,3.590673809915543,4.062500000000001,0.7291666666666667
Day 1,0.4%,large,COOH,COOH_L1,3.0,4.270833333333334,0.0,4.270833333333334,4.333333333333334,4.270833333333334,4.041666666666667,3.916666666666667,3.770833333333334,3.041666666666667,1.9904803510572606,3.6371651779935283,4.270833333333334,0.7291666666666667
Day 1,0.4%,large,COOH,COOH_L1,3.5,4.312500000000001,0.0,4.312500000000001,4.333333333333334,4.312500000000001,4.270833333333334,4.250000000000001,3.916666666666667,3.729166666666667,2.0702916583703583,3.7149395419621345,4.312500000000001,0.7291666666666667
Day 1,0.4%,large,COOH,COOH_L1,4.0,4.333333333333334,0.6458333333333334,3.6875000000000004,4.333333333333334,3.6875000000000004,3.6875,4.270833333333334,4.250000000000001,3.895833333333334,2.1409186631863366,3.7683477912718546,3.6875000000000004,0.7291666666666667
Day 1,0.4%,large,COOH,COOH_L1,4.5,4.333333333333334,0.0,4.333333333333334,4.333333333333334,4.333333333333334,4.333333333333334,4.312500000000001,4.270833333333334,4.250000000000001,2.1322611650519785,3.785095194575061,4.333333333333334,0.7291666666666667
Day 1,0.4%,large,COOH,COOH_L1,5.0,4.333333333333334,0.6875000000000001,3.645833333333334,4.333333333333334,3.645833333333334,3.6666666666666674,4.291666666666667,4.270833333333334,4.250000000000001,2.147107213378196,3.799028307888041,3.645833333333334,0.7291666666666667
Day 1,0.4%,large,COOH,COOH_L1,5.5,4.333333333333334,0.8333333333333335,3.5000000000000004,4.333333333333334,3.5000000000000004,3.520833333333334,3.541666666666667,3.5625000000000004,4.250000000000001,2.1647361512148016,3.8054234626154635,3.5000000000000004,0.7291666666666667
Day 1,0.4%,large,COOH,COOH_L1,6.0,4.333333333333334,0.7291666666666667,3.604166666666667,4.333333333333334,3.604166666666667,3.645833333333334,3.6666666666666674,3.6875,4.270833333333334,2.2130605673013597,3.8165607349347725,3.604166666666667,0.7291666666666667
Day 1,0.4%,large,COOH,COOH_L2,0.0,0.0,0.0,0.0,4.458333333333334,0.0,0.0,0.0,0.0,0.0,,,0.0,0.9166666666666667
Day 1,0.4%,large,COOH,COOH_L2,0.5,1.0833333333333335,0.0,1.0833333333333335,4.458333333333334,1.0833333333333335,1.0416666666666667,1.0,0.9583333333333335,0.9166666666666667,1.3196813542675747,3.6828436708710988,1.0833333333333335,0.9166666666666667
Day 1,0.4%,large,COOH,COOH_L2,1.0,1.5208333333333335,0.0,1.5208333333333335,4.458333333333334,1.5208333333333335,1.4375000000000002,1.3541666666666667,1.2916666666666667,1.2500000000000002,1.390753758109054,3.5882767220180223,1.5208333333333335,0.9166666666666667
Day 1,0.4%,large,COOH,COOH_L2,1.5,2.4375000000000004,0.0,2.4375000000000004,4.458333333333334,2.4375000000000004,2.1250000000000004,1.9583333333333335,1.8333333333333335,1.7500000000000002,1.5537083409332433,3.528547251468131,2.4375000000000004,0.9166666666666667
Day 1,0.4%,large,COOH,COOH_L2,2.0,4.375000000000001,0.0,4.375000000000001,4.458333333333334,4.375000000000001,4.250000000000001,3.0000000000000004,2.5625000000000004,2.3125000000000004,1.7827610036220793,3.6334495682172108,4.375000000000001,0.9166666666666667
Day 1,0.4%,large,COOH,COOH_L2,2.5,4.395833333333334,0.0,4.395833333333334,4.458333333333334,4.395833333333334,4.333333333333334,4.062500000000001,3.583333333333334,2.979166666666667,1.9177493366683296,3.669019029123725,4.395833333333334,0.9166666666666667
Day 1,0.4%,large,COOH,COOH_L2,3.0,4.458333333333334,0.0,4.458333333333334,4.458333333333334,4.458333333333334,4.416666666666667,4.395833333333334,4.104166666666667,3.9375000000000004,1.9240888744200408,3.714196959262431,4.458333333333334,0.9166666666666667
Day 1,0.4%,large,COOH,COOH_L2,3.5,4.458333333333334,0.0,4.458333333333334,4.458333333333334,4.458333333333334,4.458333333333334,4.437500000000001,4.416666666666667,4.375000000000001,2.0389375929768967,3.837554242804354,4.458333333333334,0.9166666666666667
Day 1,0.4%,large,COOH,COOH_L2,4.0,4.458333333333334,1.0625000000000002,3.395833333333334,4.458333333333334,3.395833333333334,3.416666666666667,3.4375000000000004,3.458333333333334,3.479166666666667,2.156945506474322,3.921639826119937,3.395833333333334,0.9166666666666667
Day 1,0.4%,large,COOH,COOH_L2,4.5,4.458333333333334,0.0,4.458333333333334,4.458333333333334,4.458333333333334,4.458333333333334,4.437500000000001,4.416666666666667,4.395833333333334,2.068608899797571,3.87548786252068,4.458333333333334,0.9166666666666667
Day 1,0.4%,large,COOH,COOH_L2,5.0,4.458333333333334,0.0,4.458333333333334,4.458333333333334,4.458333333333334,4.437500000000001,4.416666666666667,4.395833333333334,4.375000000000001,2.065717697240958,3.884013717289352,4.458333333333334,0.9166666666666667
Day 1,0.4%,large,COOH,COOH_L2,5.5,4.354166666666667,0.0,4.354166666666667,4.458333333333334,4.354166666666667,4.312500000000001,4.291666666666667,4.250000000000001,4.208333333333334,2.135307047788456,3.858817483095254,4.354166666666667,0.9166666666666667
Day 1,0.4%,large,COOH,COOH_L2,6.0,4.458333333333334,0.0,4.458333333333334,4.458333333333334,4.458333333333334,4.437500000000001,4.416666666666667,4.395833333333334,4.395833333333334,2.195563196598345,3.97269232069222,4.458333333333334,0.9166666666666667
Day 1,0.4%,large,COOH,COOH_L3,0.0,0.0,0.0,0.0,4.062500000000001,0.0,0.0,0.0,0.0,0.0,,,0.0,0.8750000000000001
Day 1,0.4%,large,COOH,COOH_L3,0.5,0.0,0.0,0.0,4.062500000000001,0.0,0.0,0.0,0.0,0.0,0.8364169295314435,2.9083584447366504,0.0,0.8750000000000001
Day 1,0.4%,large,COOH,COOH_L3,1.0,1.2708333333333335,0.0,1.2708333333333335,4.062500000000001,1.2708333333333335,1.1458333333333335,1.0416666666666667,0.9166666666666667,0.7708333333333334,1.1875910984513776,3.049690444710278,1.2708333333333335,0.8750000000000001
Day 1,0.4%,large,COOH,COOH_L3,1.5,2.2083333333333335,0.0,2.2083333333333335,4.062500000000001,2.2083333333333335,1.916666666666667,1.7083333333333335,1.5416666666666667,1.3750000000000002,1.403592858299299,3.0469787088582874,2.2083333333333335,0.8750000000000001
Day 1,0.4%,large,COOH,COOH_L3,2.0,3.833333333333334,0.0,3.833333333333334,4.062500000000001,3.833333333333334,3.0000000000000004,2.6458333333333335,2.354166666666667,2.0625000000000004,1.4718267755149999,3.098841567198377,3.833333333333334,0.8750000000000001
Day 1,0.4%,large,COOH,COOH_L3,2.5,3.979166666666667,0.0,3.979166666666667,4.062500000000001,3.979166666666667,3.333333333333334,3.0208333333333335,2.6458333333333335,0.6041666666666667,1.6066909427191807,3.2996899632598535,3.979166666666667,0.8750000000000001
Day 1,0.4%,large,COOH,COOH_L3,3.0,4.041666666666667,0.0,4.041666666666667,4.062500000000001,4.041666666666667,4.0,3.166666666666667,2.8750000000000004,0.6250000000000001,1.707574179806687,3.4631317034836533,4.041666666666667,0.8750000000000001
Day 1,0.4%,large,COOH,COOH_L3,3.5,4.062500000000001,0.0,4.062500000000001,4.062500000000001,4.062500000000001,4.020833333333334,3.979166666666667,2.8958333333333335,0.6666666666666667,1.7039098128793784,3.529707764966981,4.062500000000001,0.8750000000000001
Day 1,0.4%,large,COOH,COOH_L3,4.0,4.062500000000001,0.0,4.062500000000001,4.062500000000001,4.062500000000001,4.041666666666667,4.0,2.729166666666667,0.0,1.9629051550501455,3.6481343978083114,4.062500000000001,0.8750000000000001
Day 1,0.4%,large,COOH,COOH_L3,4.5,4.062500000000001,0.0,4.062500000000001,4.062500000000001,4.062500000000001,4.041666666666667,4.0,0.7916666666666667,0.7083333333333334,1.6863175794889036,3.5327394604405584,4.062500000000001,0.8750000000000001
Day 1,0.4%,large,COOH,COOH_L3,5.0,4.062500000000001,0.0,4.062500000000001,4.062500000000001,4.062500000000001,4.041666666666667,4.020833333333334,0.7916666666666667,0.7291666666666667,1.7155493082727544,3.569776096874623,4.062500000000001,0.8750000000000001
Day 1,0.4%,large,COOH,COOH_L3,5.5,4.062500000000001,0.0,4.062500000000001,4.062500000000001,4.062500000000001,4.041666666666667,4.020833333333334,0.8125000000000001,0.7500000000000001,1.7406227478253145,3.586145542069555,4.062500000000001,0.8750000000000001
Day 1,0.4%,large,COOH,COOH_L3,6.0,4.020833333333334,0.0,4.020833333333334,4.062500000000001,4.020833333333334,3.979166666666667,3.958333333333334,2.3125000000000004,0.0,2.0006537679144216,3.67841846371111,4.020833333333334,0.8750000000000001
Day 1,0.4%,small,COOH,COOH_S1,0.0,0.0,0.0,0.0,4.020833333333334,0.0,0.0,0.0,0.0,0.0,,,0.0,0.7291666666666667
Day 1,0.4%,small,COOH,COOH_S1,0.5,0.6458333333333334,0.0,0.6458333333333334,4.020833333333334,0.6458333333333334,0.0,0.0,0.0,0.0,0.7206919851308504,3.0023412345953155,0.6458333333333334,0.7291666666666667
Day 1,0.4%,small,COOH,COOH_S1,1.0,0.9375000000000001,0.6666666666666667,0.27083333333333337,4.020833333333334,0.27083333333333337,0.8958333333333335,0.0,0.0,0.0,0.801670454245122,2.9926960834733323,0.27083333333333337,0.7291666666666667
Day 1,0.4%,small,COOH,COOH_S1,1.5,0.7083333333333334,0.9791666666666667,-0.27083333333333337,4.020833333333334,-0.27083333333333337,-0.14583333333333337,-0.7083333333333334,-0.6666666666666667,-0.6041666666666667,1.097046077455481,3.498387428625532,-0.27083333333333337,0.7291666666666667
Day 1,0.4%,small,COOH,COOH_S1,2.0,1.4375000000000002,0.6875000000000001,0.7500000000000001,4.020833333333334,0.7500000000000001,0.7708333333333334,0.7708333333333334,0.7708333333333335,1.3333333333333335,1.1489393457724972,3.0037248818865714,0.7500000000000001,0.7291666666666667
Day 1,0.4%,small,COOH,COOH_S1,2.5,1.5625000000000002,0.8333333333333335,0.7291666666666667,4.020833333333334,0.7291666666666667,1.5208333333333335,1.5000000000000002,1.4791666666666667,1.4375000000000002,1.1458846277190808,2.843341916103423,0.7291666666666667,0.7291666666666667
Day 1,0.4%,small,COOH,COOH_S1,3.0,1.3750000000000002,0.9375000000000001,0.4375000000000001,4.020833333333334,0.4375000000000001,0.7291666666666667,1.3125000000000002,1.2916666666666667,1.2708333333333335,1.2332582913260062,3.061031994254472,0.4375000000000001,0.7291666666666667
Day 1,0.4%,small,COOH,COOH_S1,3.5,1.6250000000000002,1.0416666666666667,0.5833333333333335,4.020833333333334,0.5833333333333335,0.6041666666666667,0.6458333333333335,0.6458333333333334,0.6666666666666667,1.305961120780338,3.086733374005657,0.5833333333333335,0.7291666666666667
Day 1,0.4%,small,COOH,COOH_S1,4.0,1.6875000000000002,1.1458333333333335,0.5416666666666667,4.020833333333334,0.5416666666666667,0.5,0.5,0.5416666666666669,1.2291666666666667,1.382443855430465,3.160265706994465,0.5416666666666667,0.7291666666666667
Day 1,0.4%,small,COOH,COOH_S1,4.5,2.1250000000000004,1.2083333333333335,0.916666666666667,4.020833333333334,0.916666666666667,0.5208333333333335,0.5,0.8125000000000001,1.3125000000000002,1.421212821376616,3.179699330290791,0.916666666666667,0.7291666666666667
Day 1,0.4%,small,COOH,COOH_S1,5.0,2.979166666666667,0.9166666666666667,2.0625,4.020833333333334,2.0625,1.6250000000000002,1.3541666666666667,1.854166666666667,1.791666666666667,1.5100777988158542,3.062492464033828,2.0625,0.7291666666666667
Day 1,0.4%,small,COOH,COOH_S1,5.5,3.0208333333333335,0.7291666666666667,2.291666666666667,4.020833333333334,2.291666666666667,1.8333333333333335,1.3541666666666667,1.291666666666667,1.8333333333333335,1.620903963310747,3.097745836530042,2.291666666666667,0.7291666666666667
Day 1,0.4%,small,COOH,COOH_S1,6.0,3.0000000000000004,1.5208333333333335,1.479166666666667,4.020833333333334,1.479166666666667,0.8750000000000002,0.41666666666666674,0.5208333333333335,1.5833333333333335,1.5656282439200875,3.1729624562332663,1.479166666666667,0.7291666666666667
Day 1,0.4%,small,COOH,COOH_S2,0.0,0.0,0.0,0.0,4.250000000000001,0.0,0.0,0.0,0.0,0.0,,,0.0,0.7083333333333334
Day 1,0.4%,small,COOH,COOH_S2,0.5,0.0,0.6041666666666667,-0.6041666666666667,4.250000000000001,-0.6041666666666667,0.0,0.0,0.0,0.0,0.8000836101758528,4.128857854685618,-0.6041666666666667,0.7083333333333334
Day 1,0.4%,small,COOH,COOH_S2,1.0,0.0,0.6041666666666667,-0.6041666666666667,4.250000000000001,-0.6041666666666667,0.0,0.0,0.0,0.0,0.5920233137217488,0.6584165174109771,-0.6041666666666667,0.7083333333333334
Day 1,0.4%,small,COOH,COOH_S2,1.5,0.9791666666666667,0.0,0.9791666666666667,4.250000000000001,0.9791666666666667,0.9375000000000001,0.8958333333333335,0.8333333333333335,0.7916666666666667,0.9932613249832637,3.199613038671288,0.9791666666666667,0.7083333333333334
Day 1,0.4%,small,COOH,COOH_S2,2.0,0.8750000000000001,0.7500000000000001,0.125,4.250000000000001,0.125,0.1250000000000001,0.7916666666666667,0.7708333333333334,0.7291666666666667,1.1007314158740618,3.62482837227818,0.125,0.7083333333333334
Day 1,0.4%,small,COOH,COOH_S2,2.5,1.0,0.8333333333333335,0.16666666666666652,4.250000000000001,0.16666666666666652,0.125,0.14583333333333337,0.8541666666666667,0.8333333333333335,1.330809266432334,3.6765511768531,0.16666666666666652,0.7083333333333334
Day 1,0.4%,small,COOH,COOH_S2,3.0,0.8750000000000001,1.1458333333333335,-0.27083333333333337,4.250000000000001,-0.27083333333333337,-0.27083333333333337,-0.27083333333333337,0.6875000000000001,0.6458333333333334,1.3352184716308866,3.7413339102404906,-0.27083333333333337,0.7083333333333334
Day 1,0.4%,small,COOH,COOH_S2,3.5,1.2500000000000002,0.9375000000000001,0.3125000000000001,4.250000000000001,0.3125000000000001,0.27083333333333326,0.2708333333333335,1.0625000000000002,1.0,1.3877243152962981,3.607637739641662,0.3125000000000001,0.7083333333333334
Day 1,0.4%,small,COOH,COOH_S2,4.0,1.2708333333333335,1.2083333333333335,0.0625,4.250000000000001,0.0625,-0.0625,-0.10416666666666674,0.9583333333333335,0.8958333333333335,1.3747121738737769,3.615756985401098,0.0625,0.7083333333333334
Day 1,0.4%,small,COOH,COOH_S2,4.5,1.6458333333333335,1.2916666666666667,0.35416666666666674,4.250000000000001,0.35416666666666674,0.5208333333333335,0.3750000000000001,1.2083333333333335,1.1458333333333335,1.4207826050546586,3.551206423766445,0.35416666666666674,0.7083333333333334
Day 1,0.4%,small,COOH,COOH_S2,5.0,3.0000000000000004,1.0416666666666667,1.9583333333333337,4.250000000000001,1.9583333333333337,0.7916666666666667,1.6250000000000002,1.4166666666666667,1.3541666666666667,1.4315409410539786,3.41223476978152,1.9583333333333337,0.7083333333333334
Day 1,0.4%,small,COOH,COOH_S2,5.5,4.187500000000001,1.2916666666666667,2.895833333333334,4.250000000000001,2.895833333333334,0.916666666666667,1.6458333333333335,1.4583333333333335,1.3333333333333335,1.4995496974222844,3.484906700319269,2.895833333333334,0.7083333333333334
Day 1,0.4%,small,COOH,COOH_S2,6.0,4.104166666666667,1.4583333333333335,2.6458333333333335,4.250000000000001,2.6458333333333335,0.4375,0.3125,1.2708333333333335,1.1250000000000002,1.4499087476953112,3.4831192442625354,2.6458333333333335,0.7083333333333334
Day 1,0.4%,small,COOH,COOH_S3,0.0,0.0,0.0,0.0,4.312500000000001,0.0,0.0,0.0,0.0,0.0,,,0.0,0.7708333333333334
Day 1,0.4%,small,COOH,COOH_S3,0.5,0.0,0.0,0.0,4.312500000000001,0.0,0.0,0.0,0.0,0.0,0.21198954780590432,0.19261281293463148,0.0,0.7708333333333334
Day 1,0.4%,small,COOH,COOH_S3,1.0,0.0,0.0,0.0,4.312500000000001,0.0,0.0,0.0,0.0,0.0,0.2478751340979932,0.2891728073241965,0.0,0.7708333333333334
Day 1,0.4%,small,COOH,COOH_S3,1.5,0.0,0.0,0.0,4.312500000000001,0.0,0.0,0.0,0.0,0.0,0.3590381564684993,1.259941890306497,0.0,0.7708333333333334
Day 1,0.4%,small,COOH,COOH_S3,2.0,0.0,0.0,0.0,4.312500000000001,0.0,0.0,0.0,0.0,0.0,0.18838293396419187,0.3777119619061145,0.0,0.7708333333333334
Day 1,0.4%,small,COOH,COOH_S3,2.5,0.0,0.0,0.0,4.312500000000001,0.0,0.0,0.0,0.0,0.0,0.29532950276191267,0.6923946131510116,0.0,0.7708333333333334
Day 1,0.4%,small,COOH,COOH_S3,3.0,0.8750000000000001,0.0,0.8750000000000001,4.312500000000001,0.8750000000000001,0.0,0.0,0.0,0.0,0.4149304627767031,0.9503884792529369,0.8750000000000001,0.7708333333333334
Day 1,0.4%,small,COOH,COOH_S3,3.5,1.0416666666666667,0.0,1.0416666666666667,4.312500000000001,1.0416666666666667,0.9375000000000001,0.0,0.0,0.0,0.5158475427254605,1.0828210870767752,1.0416666666666667,0.7708333333333334
Day 1,0.4%,small,COOH,COOH_S3,4.0,1.2291666666666667,0.0,1.2291666666666667,4.312500000000001,1.2291666666666667,1.1041666666666667,1.0208333333333335,0.8958333333333335,0.0,0.5921352512718123,1.2127015196564257,1.2291666666666667,0.7708333333333334
Day 1,0.4%,small,COOH,COOH_S3,4.5,1.4166666666666667,0.0,1.4166666666666667,4.312500000000001,1.4166666666666667,1.2916666666666667,1.1875000000000002,1.0833333333333335,1.0,0.7115416429384794,1.4264336725222195,1.4166666666666667,0.7708333333333334
Day 1,0.4%,small,COOH,COOH_S3,5.0,1.4166666666666667,0.0,1.4166666666666667,4.312500000000001,1.4166666666666667,1.2708333333333335,1.1458333333333335,1.0625000000000002,0.9375000000000001,1.1902504764825639,2.900250248744243,1.4166666666666667,0.7708333333333334
Day 1,0.4%,small,COOH,COOH_S3,5.5,1.6875000000000002,0.0,1.6875000000000002,4.312500000000001,1.6875000000000002,1.5000000000000002,1.3333333333333335,1.2083333333333335,1.1041666666666667,1.1107581063603285,2.489202569916856,1.6875000000000002,0.7708333333333334
Day 1,0.4%,small,COOH,COOH_S3,6.0,1.8750000000000002,0.0,1.8750000000000002,4.312500000000001,1.8750000000000002,1.666666666666667,1.5000000000000002,1.3750000000000002,1.2500000000000002,1.152161104253165,2.574590066972411,1.8750000000000002,0.7708333333333334
Day 1,0.4%,control,COOH,COOH_control,0.0,0.0,0.0,0.0,3.6875000000000004,0.0,0.0,0.0,0.0,0.0,,,0.0,0.7916666666666667
Day 1,0.4%,control,COOH,COOH_control,0.5,0.0,0.0,0.0,3.6875000000000004,0.0,0.0,0.0,0.0,0.0,0.021051542007967418,0.020833333333333336,0.0,0.7916666666666667
Day 1,0.4%,control,COOH,COOH_control,1.0,0.0,0.0,0.0,3.6875000000000004,0.0,0.0,0.0,0.0,0.0,0.06579286742477253,0.11589525369053995,0.0,0.7916666666666667
Day 1,0.4%,control,COOH,COOH_control,1.5,0.0,0.0,0.0,3.6875000000000004,0.0,0.0,0.0,0.0,0.0,,,0.0,0.7916666666666667
Day 1,0.4%,control,COOH,COOH_control,2.0,0.0,0.0,0.0,3.6875000000000004,0.0,0.0,0.0,0.0,0.0,0.18239480092684685,0.21138401945435478,0.0,0.7916666666666667
Day 1,0.4%,control,COOH,COOH_control,2.5,0.0,0.0,0.0,3.6875000000000004,0.0,0.0,0.0,0.0,0.0,0.04475438760851915,0.04844342413746,0.0,0.7916666666666667
Day 1,0.4%,control,COOH,COOH_control,3.0,0.0,0.0,0.0,3.6875000000000004,0.0,0.0,0.0,0.0,0.0,3.675350842018203,3.6836400989163707,0.0,0.7916666666666667
Day 1,0.4%,control,COOH,COOH_control,3.5,0.0,0.0,0.0,3.6875000000000004,0.0,0.0,0.0,0.0,0.0,3.6749553591638535,3.6835914816260864,0.0,0.7916666666666667
Day 1,0.4%,control,COOH,COOH_control,4.0,0.0,0.0,0.0,3.6875000000000004,0.0,0.0,0.0,0.0,0.0,3.646190247364954,3.6770517804528335,0.0,0.7916666666666667
Day 1,0.4%,control,COOH,COOH_control,4.5,0.0,0.0,0.0,3.6875000000000004,0.0,0.0,0.0,0.0,0.0,3.676452159445828,3.6838559808607125,0.0,0.7916666666666667
Day 1,0.4%,control,COOH,COOH_control,5.0,0.0,0.0,0.0,3.6875000000000004,0.0,0.0,0.0,0.0,0.0,3.6875000000000004,3.6854166666666672,0.0,0.7916666666666667
Day 1,0.4%,control,COOH,COOH_control,5.5,1.0416666666666667,0.0,1.0416666666666667,3.6875000000000004,1.0416666666666667,1.0208333333333335,1.0,0.9791666666666667,0.9583333333333335,0.7928472632848708,1.349219244259611,1.0416666666666667,0.7916666666666667
Day 1,0.4%,control,COOH,COOH_control,6.0,0.0,0.0,0.0,3.6875000000000004,0.0,0.0,0.0,0.0,0.0,3.679304197108076,3.6842548009371745,0.0,0.7916666666666667
Day 2,0.6%,control,COOH,COOH_non-BSA_control,0.0,0.0,0.0,0.0,3.5000000000000004,0.0,0.0,0.0,0.0,0.0,,,0.0,1.791666666666667
Day 2,0.6%,control,COOH,COOH_non-BSA_control,0.5,0.0,0.0,0.0,3.5000000000000004,0.0,0.0,0.0,0.0,0.0,0.31966994910038093,0.5705724810083107,0.0,1.791666666666667
Day 2,0.6%,control,COOH,COOH_non-BSA_control,1.0,0.0,0.9791666666666667,-0.9791666666666667,3.5000000000000004,-0.9791666666666667,0.0,0.0,0.0,0.0,0.5447026791932624,1.313091986241044,-0.9791666666666667,1.791666666666667
Day 2,0.6%,control,COOH,COOH_non-BSA_control,1.5,0.0,1.1250000000000002,-1.1250000000000002,3.5000000000000004,-1.1250000000000002,-1.0416666666666667,-0.9583333333333335,0.0,0.0,0.60830910217568,1.4212806167474235,-1.1250000000000002,1.791666666666667
Day 2,0.6%,control,COOH,COOH_non-BSA_control,2.0,0.0,1.0833333333333335,-1.0833333333333335,3.5000000000000004,-1.0833333333333335,-1.0,-0.9375000000000001,0.0,0.0,0.4608912297486113,1.0855769230769234,-1.0833333333333335,1.791666666666667
Day 2,0.6%,control,COOH,COOH_non-BSA_control,2.5,0.6666666666666667,1.4375000000000002,-0.7708333333333335,3.5000000000000004,-0.7708333333333335,-1.3333333333333335,-1.2291666666666667,-1.1458333333333335,-1.0833333333333335,0.6081974944861449,1.3622267056530217,-0.7708333333333335,1.791666666666667
Day 2,0.6%,control,COOH,COOH_non-BSA_control,3.0,0.7291666666666667,1.4166666666666667,-0.6875,3.5000000000000004,-0.6875,-0.6875,-1.1875000000000002,-1.1250000000000002,-1.0625000000000002,0.5975540669607259,1.3453126881124944,-0.6875,1.791666666666667
Day 2,0.6%,control,COOH,COOH_non-BSA_control,3.5,0.8333333333333335,1.4583333333333335,-0.625,3.5000000000000004,-0.625,-0.6458333333333334,-0.6458333333333335,-1.1666666666666667,-1.1041666666666667,0.6014496369555795,1.3136471289926577,-0.625,1.791666666666667
Day 2,0.6%,control,COOH,COOH_non-BSA_control,4.0,0.0,0.0,0.0,3.5000000000000004,0.0,0.0,0.0,0.0,0.0,1.7412886425694032,3.4042367854551254,0.0,1.791666666666667
Day 2,0.6%,control,COOH,COOH_non-BSA_control,4.5,0.0,0.0,0.0,3.5000000000000004,0.0,0.0,0.0,0.0,0.0,1.6798903171542712,3.381865324772113,0.0,1.791666666666667
Day 2,0.6%,control,COOH,COOH_non-BSA_control,5.0,0.0,0.0,0.0,3.5000000000000004,0.0,0.0,0.0,0.0,0.0,1.6886821684913103,3.3406334463314478,0.0,1.791666666666667
Day 2,0.6%,control,COOH,COOH_non-BSA_control,5.5,0.0,0.0,0.0,3.5000000000000004,0.0,0.0,0.0,0.0,0.0,1.6574401495991136,3.329979202949569,0.0,1.791666666666667
Day 2,0.6%,control,COOH,COOH_non-BSA_control,6.0,0.0,0.0,0.0,3.5000000000000004,0.0,0.0,0.0,0.0,0.0,1.6160295615454945,3.308539935364728,0.0,1.791666666666667
Day 2,0.6%,large,COOH,COOH_non-BSA_r1,0.0,0.0,0.0,0.0,4.520833333333334,0.0,0.0,0.0,0.0,0.0,,,0.0,0.6041666666666667
Day 2,0.6%,large,COOH,COOH_non-BSA_r1,0.5,0.0,0.0,0.0,4.520833333333334,0.0,0.0,0.0,0.0,0.0,0.291630425027488,0.4738934657227834,0.0,0.6041666666666667
Day 2,0.6%,large,COOH,COOH_non-BSA_r1,1.0,1.0416666666666667,0.0,1.0416666666666667,4.520833333333334,1.0416666666666667,1.0,0.9375000000000001,0.8958333333333335,0.8333333333333335,0.6289906177469109,0.9938288740895187,1.0416666666666667,0.6041666666666667
Day 2,0.6%,large,COOH,COOH_non-BSA_r1,1.5,1.3750000000000002,0.0,1.3750000000000002,4.520833333333334,1.3750000000000002,1.2916666666666667,1.2083333333333335,1.1458333333333335,1.0625000000000002,0.8853375364189151,1.4746400928137122,1.3750000000000002,0.6041666666666667
Day 2,0.6%,large,COOH,COOH_non-BSA_r1,2.0,1.791666666666667,0.0,1.791666666666667,4.520833333333334,1.791666666666667,1.6458333333333335,1.4791666666666667,1.2916666666666667,0.0,1.1800961153204927,2.2694855212004508,1.791666666666667,0.6041666666666667
Day 2,0.6%,large,COOH,COOH_non-BSA_r1,2.5,2.3125000000000004,0.0,2.3125000000000004,4.520833333333334,2.3125000000000004,1.979166666666667,1.1041666666666667,0.0,0.0,1.526346306581054,3.1395184814603057,2.3125000000000004,0.6041666666666667
Day 2,0.6%,large,COOH,COOH_non-BSA_r1,3.0,2.5625000000000004,0.0,2.5625000000000004,4.520833333333334,2.5625000000000004,1.916666666666667,0.0,0.0,0.0,1.6316702400406131,3.3247037717686188,2.5625000000000004,0.6041666666666667
Day 2,0.6%,large,COOH,COOH_non-BSA_r1,3.5,2.6250000000000004,0.0,2.6250000000000004,4.520833333333334,2.6250000000000004,1.3750000000000002,0.0,0.0,0.0,1.6804096153727432,3.4001636918631752,2.6250000000000004,0.6041666666666667
Day 2,0.6%,large,COOH,COOH_non-BSA_r1,4.0,1.979166666666667,0.0,1.979166666666667,4.520833333333334,1.979166666666667,1.1875000000000002,0.0,0.0,0.0,1.6507113048892503,3.424359980938096,1.979166666666667,0.6041666666666667
Day 2,0.6%,large,COOH,COOH_non-BSA_r1,4.5,1.9375000000000002,0.0,1.9375000000000002,4.520833333333334,1.9375000000000002,1.1666666666666667,0.0,0.0,0.0,1.6554708866853933,3.418013266885127,1.9375000000000002,0.6041666666666667
Day 2,0.6%,large,COOH,COOH_non-BSA_r1,5.0,2.9375000000000004,0.0,2.9375000000000004,4.520833333333334,2.9375000000000004,1.5625000000000002,0.7083333333333334,0.6458333333333334,0.6041666666666667,1.7776426543432935,3.572027417464744,2.9375000000000004,0.6041666666666667
Day 2,0.6%,large,COOH,COOH_non-BSA_r1,5.5,2.9583333333333335,0.0,2.9583333333333335,4.520833333333334,2.9583333333333335,1.6041666666666667,0.6875000000000001,0.6250000000000001,0.6041666666666667,1.7734350486934118,3.571641187352843,2.9583333333333335,0.6041666666666667
Day 2,0.6%,large,COOH,COOH_non-BSA_r1,6.0,2.541666666666667,0.0,2.541666666666667,4.520833333333334,2.541666666666667,1.4583333333333335,0.6875000000000001,0.6458333333333334,0.6041666666666667,1.70604178386011,3.3865946127099833,2.541666666666667,0.6041666666666667
Day 2,0.6%,large,COOH,COOH_non-BSA_r2,0.0,0.0,0.0,0.0,4.604166666666667,0.0,0.0,0.0,0.0,0.0,,,0.0,0.6250000000000001
Day 2,0.6%,large,COOH,COOH_non-BSA_r2,0.5,1.1666666666666667,0.0,1.1666666666666667,4.604166666666667,1.1666666666666667,1.1250000000000002,0.0,0.0,0.0,1.3414450261125,3.685621455916641,1.1666666666666667,0.6250000000000001
Day 2,0.6%,large,COOH,COOH_non-BSA_r2,1.0,1.5000000000000002,0.0,1.5000000000000002,4.604166666666667,1.5000000000000002,1.4583333333333335,1.4166666666666667,1.3750000000000002,1.3333333333333335,1.4993451884059323,3.5153187807179225,1.5000000000000002,0.6250000000000001
Day 2,0.6%,large,COOH,COOH_non-BSA_r2,1.5,1.9375000000000002,0.0,1.9375000000000002,4.604166666666667,1.9375000000000002,1.8333333333333335,1.7500000000000002,1.6875000000000002,1.6250000000000002,1.6035273884498644,3.4226802529566718,1.9375000000000002,0.6250000000000001
Day 2,0.6%,large,COOH,COOH_non-BSA_r2,2.0,2.7708333333333335,0.0,2.7708333333333335,4.604166666666667,2.7708333333333335,2.479166666666667,2.3125000000000004,2.1875000000000004,2.104166666666667,1.8191604347471535,3.5621963056356076,2.7708333333333335,0.6250000000000001
Day 2,0.6%,large,COOH,COOH_non-BSA_r2,2.5,4.562500000000001,0.0,4.562500000000001,4.604166666666667,4.562500000000001,4.333333333333334,3.2500000000000004,3.0000000000000004,2.791666666666667,2.222682559807673,3.8531776252953307,4.562500000000001,0.6250000000000001
Day 2,0.6%,large,COOH,COOH_non-BSA_r2,3.0,4.583333333333334,0.0,4.583333333333334,4.604166666666667,4.583333333333334,4.520833333333334,4.312500000000001,3.6250000000000004,3.229166666666667,2.3836727546120433,3.9272946412991816,4.583333333333334,0.6250000000000001
Day 2,0.6%,large,COOH,COOH_non-BSA_r2,3.5,4.604166666666667,0.0,4.604166666666667,4.604166666666667,4.604166666666667,4.583333333333334,4.562500000000001,4.520833333333334,4.0,2.483360523262788,4.02755793590792,4.604166666666667,0.6250000000000001
Day 2,0.6%,large,COOH,COOH_non-BSA_r2,4.0,4.604166666666667,0.0,4.604166666666667,4.604166666666667,4.604166666666667,4.604166666666667,4.583333333333334,4.562500000000001,4.541666666666667,2.54572444443483,4.0926139148053915,4.604166666666667,0.6250000000000001
Day 2,0.6%,large,COOH,COOH_non-BSA_r2,4.5,4.604166666666667,0.0,4.604166666666667,4.604166666666667,4.604166666666667,4.604166666666667,4.604166666666667,4.583333333333334,4.541666666666667,2.585208614635443,4.121665612013177,4.604166666666667,0.6250000000000001
Day 2,0.6%,large,COOH,COOH_non-BSA_r2,5.0,4.604166666666667,0.0,4.604166666666667,4.604166666666667,4.604166666666667,4.604166666666667,4.604166666666667,4.583333333333334,4.562500000000001,2.6503667227253276,4.159521198141235,4.604166666666667,0.6250000000000001
Day 2,0.6%,large,COOH,COOH_non-BSA_r2,5.5,4.604166666666667,0.0,4.604166666666667,4.604166666666667,4.604166666666667,4.604166666666667,4.604166666666667,4.583333333333334,4.583333333333334,2.641834352259868,4.169167673048311,4.604166666666667,0.6250000000000001
Day 2,0.6%,large,COOH,COOH_non-BSA_r2,6.0,4.604166666666667,0.0,4.604166666666667,4.604166666666667,4.604166666666667,4.604166666666667,4.604166666666667,4.583333333333334,4.562500000000001,2.6359767137264254,4.158034583366091,4.604166666666667,0.6250000000000001
Day 2,0.6%,large,COOH,COOH_non-BSA_r3,0.0,0.0,0.0,0.0,3.583333333333334,0.0,0.0,0.0,0.0,0.0,,,0.0,1.4583333333333335
Day 2,0.6%,large,COOH,COOH_non-BSA_r3,0.5,0.0,0.0,0.0,3.583333333333334,0.0,0.0,0.0,0.0,0.0,1.3165246778378807,3.4470635634583138,0.0,1.4583333333333335
Day 2,0.6%,large,COOH,COOH_non-BSA_r3,1.0,0.0,0.0,0.0,3.583333333333334,0.0,0.0,0.0,0.0,0.0,0.72151304763223,2.726758100255767,0.0,1.4583333333333335
Day 2,0.6%,large,COOH,COOH_non-BSA_r3,1.5,0.9375000000000001,0.0,0.9375000000000001,3.583333333333334,0.9375000000000001,0.8541666666666667,0.7916666666666667,0.7083333333333334,0.6666666666666667,0.9144355456438967,2.6345107443948117,0.9375000000000001,1.4583333333333335
Day 2,0.6%,large,COOH,COOH_non-BSA_r3,2.0,1.6041666666666667,0.0,1.6041666666666667,3.583333333333334,1.6041666666666667,1.3958333333333335,1.2500000000000002,1.1458333333333335,1.0416666666666667,1.1077230697837062,2.675205090602858,1.6041666666666667,1.4583333333333335
Day 2,0.6%,large,COOH,COOH_non-BSA_r3,2.5,3.520833333333334,0.0,3.520833333333334,3.583333333333334,3.520833333333334,2.5000000000000004,2.1458333333333335,1.8958333333333335,1.666666666666667,1.4224471547462458,2.9087545213175314,3.520833333333334,1.4583333333333335
Day 2,0.6%,large,COOH,COOH_non-BSA_r3,3.0,3.5000000000000004,0.0,3.5000000000000004,3.583333333333334,3.5000000000000004,2.8333333333333335,2.291666666666667,2.041666666666667,1.791666666666667,1.5051835019318869,2.94660175417428,3.5000000000000004,1.4583333333333335
Day 2,0.6%,large,COOH,COOH_non-BSA_r3,3.5,3.520833333333334,0.0,3.520833333333334,3.583333333333334,3.520833333333334,3.479166666666667,2.7083333333333335,2.229166666666667,1.916666666666667,1.5896408780187306,3.0341450084859543,3.520833333333334,1.4583333333333335
Day 2,0.6%,large,COOH,COOH_non-BSA_r3,4.0,3.541666666666667,0.0,3.541666666666667,3.583333333333334,3.541666666666667,3.5000000000000004,3.4375000000000004,2.3750000000000004,1.979166666666667,1.630925653002402,3.0754206566029674,3.541666666666667,1.4583333333333335
Day 2,0.6%,large,COOH,COOH_non-BSA_r3,4.5,3.541666666666667,0.0,3.541666666666667,3.583333333333334,3.541666666666667,3.5000000000000004,3.458333333333334,2.541666666666667,1.9583333333333335,1.64661798714841,3.0947497025043122,3.541666666666667,1.4583333333333335
Day 2,0.6%,large,COOH,COOH_non-BSA_r3,5.0,3.5625000000000004,0.0,3.5625000000000004,3.583333333333334,3.5625000000000004,3.520833333333334,3.4375000000000004,2.604166666666667,1.9583333333333335,1.6568898820306286,3.116562761680543,3.5625000000000004,1.4583333333333335
Day 2,0.6%,large,COOH,COOH_non-BSA_r3,5.5,3.5625000000000004,0.0,3.5625000000000004,3.583333333333334,3.5625000000000004,3.541666666666667,3.5000000000000004,3.416666666666667,2.541666666666667,1.6608985511439873,3.119352314038486,3.5625000000000004,1.4583333333333335
Day 2,0.6%,large,COOH,COOH_non-BSA_r3,6.0,3.541666666666667,0.0,3.541666666666667,3.583333333333334,3.541666666666667,3.520833333333334,3.479166666666667,3.395833333333334,2.166666666666667,1.6413515435741362,3.094210478837853,3.541666666666667,1.4583333333333335
Day 1,0.4%,large,PEG,PEG_L1,0.0,0.0,0.0,0.0,4.229166666666667,0.0,0.0,0.0,0.0,0.0,,,0.0,0.6875000000000001
Day 1,0.4%,large,PEG,PEG_L1,0.5,0.8750000000000001,0.0,0.8750000000000001,4.229166666666667,0.8750000000000001,0.7916666666666667,0.7083333333333334,0.0,0.0,1.5905440524382883,3.7038573203077463,0.8750000000000001,0.6875000000000001
Day 1,0.4%,large,PEG,PEG_L1,1.0,1.6875000000000002,0.0,1.6875000000000002,4.229166666666667,1.6875000000000002,1.5625000000000002,1.4791666666666667,1.3958333333333335,1.3125000000000002,1.2674094571225856,3.3504072411577743,1.6875000000000002,0.6875000000000001
Day 1,0.4%,large,PEG,PEG_L1,1.5,3.958333333333334,0.0,3.958333333333334,4.229166666666667,3.958333333333334,2.0833333333333335,1.8750000000000002,1.7083333333333335,1.5833333333333335,1.5251776808551791,3.4802576971083843,3.958333333333334,0.6875000000000001
Day 1,0.4%,large,PEG,PEG_L1,2.0,4.187500000000001,0.0,4.187500000000001,4.229166666666667,4.187500000000001,4.145833333333334,3.0000000000000004,2.666666666666667,2.4375000000000004,1.5697185970222267,3.3582712129578507,4.187500000000001,0.6875000000000001
Day 1,0.4%,large,PEG,PEG_L1,2.5,4.187500000000001,0.0,4.187500000000001,4.229166666666667,4.187500000000001,4.145833333333334,3.9375000000000004,3.833333333333334,2.8333333333333335,1.7535932259391187,3.5108406619430745,4.187500000000001,0.6875000000000001
Day 1,0.4%,large,PEG,PEG_L1,3.0,4.229166666666667,0.0,4.229166666666667,4.229166666666667,4.229166666666667,4.208333333333334,4.166666666666667,3.895833333333334,3.395833333333334,1.8560680583934506,3.5662780883528598,4.229166666666667,0.6875000000000001
Day 1,0.4%,large,PEG,PEG_L1,3.5,4.229166666666667,0.0,4.229166666666667,4.229166666666667,4.229166666666667,4.229166666666667,4.208333333333334,4.166666666666667,4.145833333333334,1.954226770206382,3.6499828101530474,4.229166666666667,0.6875000000000001
Day 1,0.4%,large,PEG,PEG_L1,4.0,4.229166666666667,0.0,4.229166666666667,4.229166666666667,4.229166666666667,4.229166666666667,4.208333333333334,4.187500000000001,4.166666666666667,2.0020220861845366,3.683710205890473,4.229166666666667,0.6875000000000001
Day 1,0.4%,large,PEG,PEG_L1,4.5,4.229166666666667,0.0,4.229166666666667,4.229166666666667,4.229166666666667,4.229166666666667,4.208333333333334,4.187500000000001,4.166666666666667,2.1720254984127116,3.755935199104495,4.229166666666667,0.6875000000000001
Day 1,0.4%,large,PEG,PEG_L1,5.0,4.229166666666667,0.0,4.229166666666667,4.229166666666667,4.229166666666667,4.229166666666667,4.208333333333334,4.187500000000001,4.166666666666667,2.1997600693191357,3.782958860515502,4.229166666666667,0.6875000000000001
Day 1,0.4%,large,PEG,PEG_L1,5.5,4.229166666666667,0.0,4.229166666666667,4.229166666666667,4.229166666666667,4.229166666666667,4.187500000000001,4.166666666666667,4.145833333333334,2.2661604118555085,3.789054087126775,4.229166666666667,0.6875000000000001
Day 1,0.4%,large,PEG,PEG_L1,6.0,4.229166666666667,0.0,4.229166666666667,4.229166666666667,4.229166666666667,4.229166666666667,4.208333333333334,4.166666666666667,4.145833333333334,2.1890745641889966,3.786888326834581,4.229166666666667,0.6875000000000001
Day 1,0.4%,large,PEG,PEG_L2,0.0,0.0,0.0,0.0,4.270833333333334,0.0,0.0,0.0,0.0,0.0,,,0.0,0.6666666666666667
Day 1,0.4%,large,PEG,PEG_L2,0.5,1.0208333333333335,0.0,1.0208333333333335,4.270833333333334,1.0208333333333335,0.9583333333333335,0.9166666666666667,0.8541666666666667,0.7708333333333334,1.2306720452579094,3.5396550552998343,1.0208333333333335,0.6666666666666667
Day 1,0.4%,large,PEG,PEG_L2,1.0,1.3750000000000002,0.0,1.3750000000000002,4.270833333333334,1.3750000000000002,1.2916666666666667,1.2083333333333335,1.1458333333333335,1.0833333333333335,1.3553630191429777,3.543423149216114,1.3750000000000002,0.6666666666666667
Day 1,0.4%,large,PEG,PEG_L2,1.5,2.0833333333333335,0.0,2.0833333333333335,4.270833333333334,2.0833333333333335,1.854166666666667,1.7083333333333335,1.6041666666666667,1.5000000000000002,1.5855903145126233,3.591863530881169,2.0833333333333335,0.6666666666666667
Day 1,0.4%,large,PEG,PEG_L2,2.0,4.229166666666667,0.0,4.229166666666667,4.270833333333334,4.229166666666667,2.854166666666667,2.5833333333333335,2.3333333333333335,2.104166666666667,1.6349692023706541,3.4823983423687204,4.229166666666667,0.6666666666666667
Day 1,0.4%,large,PEG,PEG_L2,2.5,4.250000000000001,0.0,4.250000000000001,4.270833333333334,4.250000000000001,4.229166666666667,4.187500000000001,2.8333333333333335,2.541666666666667,1.8672187404332363,3.6518646261215206,4.250000000000001,0.6666666666666667
Day 1,0.4%,large,PEG,PEG_L2,3.0,4.270833333333334,0.6041666666666667,3.666666666666667,4.270833333333334,3.666666666666667,4.250000000000001,4.208333333333334,4.187500000000001,2.6250000000000004,1.9893293770302856,3.7438757608579585,3.666666666666667,0.6666666666666667
Day 1,0.4%,large,PEG,PEG_L2,3.5,4.270833333333334,0.6250000000000001,3.645833333333334,4.270833333333334,3.645833333333334,4.250000000000001,4.229166666666667,4.187500000000001,4.083333333333334,2.0567394616584402,3.7790849546318785,3.645833333333334,0.6666666666666667
Day 1,0.4%,large,PEG,PEG_L2,4.0,4.270833333333334,0.6250000000000001,3.645833333333334,4.270833333333334,3.645833333333334,4.270833333333334,4.250000000000001,4.208333333333334,4.187500000000001,2.0637736403006093,3.7973668108535037,3.645833333333334,0.6666666666666667
Day 1,0.4%,large,PEG,PEG_L2,4.5,4.270833333333334,0.0,4.270833333333334,4.270833333333334,4.270833333333334,4.270833333333334,4.250000000000001,4.208333333333334,4.187500000000001,2.0178359803995174,3.7745342736723546,4.270833333333334,0.6666666666666667
Day 1,0.4%,large,PEG,PEG_L2,5.0,4.270833333333334,0.0,4.270833333333334,4.270833333333334,4.270833333333334,4.270833333333334,4.250000000000001,4.229166666666667,4.208333333333334,2.0408626396206584,3.7940421869726633,4.270833333333334,0.6666666666666667
Day 1,0.4%,large,PEG,PEG_L2,5.5,4.270833333333334,0.0,4.270833333333334,4.270833333333334,4.270833333333334,4.270833333333334,4.250000000000001,4.229166666666667,4.208333333333334,2.0351182697368424,3.793179923294981,4.270833333333334,0.6666666666666667
Day 1,0.4%,large,PEG,PEG_L2,6.0,4.270833333333334,0.0,4.270833333333334,4.270833333333334,4.270833333333334,4.270833333333334,4.250000000000001,4.229166666666667,4.208333333333334,2.1793763884828925,3.811477272727273,4.270833333333334,0.6666666666666667
Day 1,0.4%,large,PEG,PEG_L3,0.0,0.0,0.0,0.0,3.8125000000000004,0.0,0.0,0.0,0.0,0.0,,,0.0,0.8333333333333335
Day 1,0.4%,large,PEG,PEG_L3,0.5,0.0,0.0,0.0,3.8125000000000004,0.0,0.0,0.0,0.0,0.0,1.8844421171122812,3.7215794413026524,0.0,0.8333333333333335
Day 1,0.4%,large,PEG,PEG_L3,1.0,0.0,0.0,0.0,3.8125000000000004,0.0,0.0,0.0,0.0,0.0,1.1653694658331653,3.3468255286939352,0.0,0.8333333333333335
Day 1,0.4%,large,PEG,PEG_L3,1.5,1.0625000000000002,0.0,1.0625000000000002,3.8125000000000004,1.0625000000000002,0.7916666666666667,0.0,0.0,0.0,1.28506408889667,3.066112602910875,1.0625000000000002,0.8333333333333335
Day 1,0.4%,large,PEG,PEG_L3,2.0,1.7500000000000002,0.0,1.7500000000000002,3.8125000000000004,1.7500000000000002,1.2083333333333335,0.0,0.0,0.0,1.484400937653982,3.059022868985533,1.7500000000000002,0.8333333333333335
Day 1,0.4%,large,PEG,PEG_L3,2.5,2.0,0.0,2.0,3.8125000000000004,2.0,0.0,0.0,0.0,0.0,1.6657428107061887,3.175025411756599,2.0,0.8333333333333335
Day 1,0.4%,large,PEG,PEG_L3,3.0,2.5625000000000004,0.0,2.5625000000000004,3.8125000000000004,2.5625000000000004,0.0,0.0,0.0,0.0,1.8162512742720867,3.2524852650206224,2.5625000000000004,0.8333333333333335
Day 1,0.4%,large,PEG,PEG_L3,3.5,0.0,0.0,0.0,3.8125000000000004,0.0,0.0,0.0,0.0,0.0,1.9255079861224578,3.412989664934809,0.0,0.8333333333333335
Day 1,0.4%,large,PEG,PEG_L3,4.0,0.0,0.0,0.0,3.8125000000000004,0.0,0.0,0.0,0.0,0.0,1.95723386089753,3.383964782759552,0.0,0.8333333333333335
Day 1,0.4%,large,PEG,PEG_L3,4.5,0.0,0.0,0.0,3.8125000000000004,0.0,0.0,0.0,0.0,0.0,1.999101984765475,3.430243439132432,0.0,0.8333333333333335
Day 1,0.4%,large,PEG,PEG_L3,5.0,0.0,0.0,0.0,3.8125000000000004,0.0,0.0,0.0,0.0,0.0,1.8798949148762933,3.346327244289678,0.0,0.8333333333333335
Day 1,0.4%,large,PEG,PEG_L3,5.5,0.0,0.0,0.0,3.8125000000000004,0.0,0.0,0.0,0.0,0.0,1.9895369744312459,3.4133943666837365,0.0,0.8333333333333335
Day 1,0.4%,large,PEG,PEG_L3,6.0,0.0,0.0,0.0,3.8125000000000004,0.0,0.0,0.0,0.0,0.0,1.975570641913186,3.4145673388980535,0.0,0.8333333333333335
Day 1,0.4%,small,PEG,PEG_S1,0.0,0.0,0.0,0.0,4.458333333333334,0.0,0.0,0.0,0.0,0.0,,,0.0,0.7291666666666667
Day 1,0.4%,small,PEG,PEG_S1,0.5,1.0416666666666667,0.0,1.0416666666666667,4.458333333333334,1.0416666666666667,0.9166666666666667,0.8750000000000001,0.8333333333333335,0.8125000000000001,0.6865702192508917,1.352530397460639,1.0416666666666667,0.7291666666666667
Day 1,0.4%,small,PEG,PEG_S1,1.0,0.9375000000000001,0.0,0.9375000000000001,4.458333333333334,0.9375000000000001,0.8541666666666667,0.6041666666666667,0.0,0.0,0.5186238836798015,1.1455615311282437,0.9375000000000001,0.7291666666666667
Day 1,0.4%,small,PEG,PEG_S1,1.5,1.0833333333333335,0.0,1.0833333333333335,4.458333333333334,1.0833333333333335,1.0208333333333335,0.9375000000000001,0.8750000000000001,0.7500000000000001,0.7165479690341138,1.7216339395166285,1.0833333333333335,0.7291666666666667
Day 1,0.4%,small,PEG,PEG_S1,2.0,1.3333333333333335,0.0,1.3333333333333335,4.458333333333334,1.3333333333333335,1.2500000000000002,1.1666666666666667,1.1250000000000002,1.0416666666666667,0.9696229933951732,2.5320444790107905,1.3333333333333335,0.7291666666666667
Day 1,0.4%,small,PEG,PEG_S1,2.5,1.4791666666666667,0.0,1.4791666666666667,4.458333333333334,1.4791666666666667,1.3750000000000002,1.2916666666666667,1.2291666666666667,1.1666666666666667,1.1085965924379684,2.814327632461436,1.4791666666666667,0.7291666666666667
Day 1,0.4%,small,PEG,PEG_S1,3.0,1.3333333333333335,0.0,1.3333333333333335,4.458333333333334,1.3333333333333335,1.2291666666666667,1.1666666666666667,1.0833333333333335,1.0208333333333335,1.1961504844911106,3.076619134682112,1.3333333333333335,0.7291666666666667
Day 1,0.4%,small,PEG,PEG_S1,3.5,1.6875000000000002,0.0,1.6875000000000002,4.458333333333334,1.6875000000000002,1.5416666666666667,1.4583333333333335,1.3750000000000002,1.2916666666666667,1.2134716144865487,2.8277480084640283,1.6875000000000002,0.7291666666666667
Day 1,0.4%,small,PEG,PEG_S1,4.0,1.791666666666667,0.0,1.791666666666667,4.458333333333334,1.791666666666667,1.6458333333333335,1.5208333333333335,1.4375000000000002,1.3541666666666667,1.2556978258171752,2.969944680239627,1.791666666666667,0.7291666666666667
Day 1,0.4%,small,PEG,PEG_S1,4.5,1.791666666666667,0.0,1.791666666666667,4.458333333333334,1.791666666666667,1.6041666666666667,1.5000000000000002,1.4166666666666667,1.3333333333333335,1.3154534477642006,3.0645270167658856,1.791666666666667,0.7291666666666667
Day 1,0.4%,small,PEG,PEG_S1,5.0,2.166666666666667,0.0,2.166666666666667,4.458333333333334,2.166666666666667,1.979166666666667,1.854166666666667,1.7500000000000002,1.6458333333333335,1.3842501825254943,2.710822041698776,2.166666666666667,0.7291666666666667
Day 1,0.4%,small,PEG,PEG_S1,5.5,1.9375000000000002,0.0,1.9375000000000002,4.458333333333334,1.9375000000000002,1.7708333333333335,1.666666666666667,1.5625000000000002,1.4791666666666667,1.352927601134279,2.924250187420149,1.9375000000000002,0.7291666666666667
Day 1,0.4%,small,PEG,PEG_S1,6.0,2.041666666666667,0.0,2.041666666666667,4.458333333333334,2.041666666666667,1.8750000000000002,1.729166666666667,1.6250000000000002,1.5416666666666667,1.421539338567291,2.913174204846742,2.041666666666667,0.7291666666666667
Day 1,0.4%,small,PEG,PEG_S2,0.0,0.0,0.0,0.0,4.375000000000001,0.0,0.0,0.0,0.0,0.0,,,0.0,0.5625000000000001
Day 1,0.4%,small,PEG,PEG_S2,0.5,0.0,0.0,0.0,4.375000000000001,0.0,0.0,0.0,0.0,0.0,1.4844416830376004,3.8302276891313567,0.0,0.5625000000000001
Day 1,0.4%,small,PEG,PEG_S2,1.0,0.0,0.0,0.0,4.375000000000001,0.0,0.0,0.0,0.0,0.0,1.5744088503397708,3.7746596519255085,0.0,0.5625000000000001
Day 1,0.4%,small,PEG,PEG_S2,1.5,0.7708333333333334,0.0,0.7708333333333334,4.375000000000001,0.7708333333333334,0.6041666666666667,0.0,0.0,0.0,1.4747082434138445,3.6834465477553766,0.7708333333333334,0.5625000000000001
Day 1,0.4%,small,PEG,PEG_S2,2.0,1.5625000000000002,0.0,1.5625000000000002,4.375000000000001,1.5625000000000002,0.8958333333333335,0.7708333333333334,0.0,0.0,1.6212451761989155,3.742751077481673,1.5625000000000002,0.5625000000000001
Day 1,0.4%,small,PEG,PEG_S2,2.5,1.5625000000000002,0.0,1.5625000000000002,4.375000000000001,1.5625000000000002,0.9583333333333335,0.8541666666666667,0.7291666666666667,0.0,1.7275017327303315,3.7332268505619024,1.5625000000000002,0.5625000000000001
Day 1,0.4%,small,PEG,PEG_S2,3.0,1.6250000000000002,0.0,1.6250000000000002,4.375000000000001,1.6250000000000002,1.4583333333333335,0.9583333333333335,0.8541666666666667,0.7291666666666667,1.6835256185421668,3.6542059730405088,1.6250000000000002,0.5625000000000001
Day 1,0.4%,small,PEG,PEG_S2,3.5,1.7708333333333335,0.0,1.7708333333333335,4.375000000000001,1.7708333333333335,1.6041666666666667,1.4791666666666667,1.0833333333333335,0.9583333333333335,1.65521598489706,3.6427718237125077,1.7708333333333335,0.5625000000000001
Day 1,0.4%,small,PEG,PEG_S2,4.0,4.125000000000001,0.0,4.125000000000001,4.375000000000001,4.125000000000001,1.791666666666667,1.6041666666666667,1.5000000000000002,1.3958333333333335,1.7179522939707021,3.7305972131617446,4.125000000000001,0.5625000000000001
Day 1,0.4%,small,PEG,PEG_S2,4.5,3.979166666666667,0.6041666666666667,3.375,4.375000000000001,3.375,1.7500000000000002,1.6250000000000002,1.4791666666666667,1.0416666666666667,1.716872940555964,3.6362247688281975,3.375,0.5625000000000001
Day 1,0.4%,small,PEG,PEG_S2,5.0,4.0,0.0,4.0,4.375000000000001,4.0,1.916666666666667,1.6875000000000002,1.5625000000000002,1.4583333333333335,1.6981343831383882,3.6301029257303967,4.0,0.5625000000000001
Day 1,0.4%,small,PEG,PEG_S2,5.5,4.104166666666667,0.0,4.104166666666667,4.375000000000001,4.104166666666667,2.2083333333333335,1.7708333333333335,1.6041666666666667,1.5000000000000002,1.7224341216338834,3.693286075047019,4.104166666666667,0.5625000000000001
Day 1,0.4%,small,PEG,PEG_S2,6.0,4.020833333333334,0.6041666666666667,3.416666666666667,4.375000000000001,3.416666666666667,4.0,1.7708333333333335,1.6041666666666667,1.4791666666666667,1.741761582298603,3.6459077859047104,3.416666666666667,0.5625000000000001
Day 1,0.4%,small,PEG,PEG_S3,0.0,0.0,0.0,0.0,3.791666666666667,0.0,0.0,0.0,0.0,0.0,,,0.0,0.7083333333333334
Day 1,0.4%,small,PEG,PEG_S3,0.5,0.0,0.0,0.0,3.791666666666667,0.0,0.0,0.0,0.0,0.0,0.33457475714315904,0.37699202731328907,0.0,0.7083333333333334
Day 1,0.4%,small,PEG,PEG_S3,1.0,0.0,0.0,0.0,3.791666666666667,0.0,0.0,0.0,0.0,0.0,0.3151234428984747,0.37085298973317604,0.0,0.7083333333333334
Day 1,0.4%,small,PEG,PEG_S3,1.5,0.0,0.0,0.0,3.791666666666667,0.0,0.0,0.0,0.0,0.0,0.2809415231255917,0.36202385360588335,0.0,0.7083333333333334
Day 1,0.4%,small,PEG,PEG_S3,2.0,0.0,0.0,0.0,3.791666666666667,0.0,0.0,0.0,0.0,0.0,0.366980193475794,0.469372728496433,0.0,0.7083333333333334
Day 1,0.4%,small,PEG,PEG_S3,2.5,0.0,0.0,0.0,3.791666666666667,0.0,0.0,0.0,0.0,0.0,0.34100687024594084,0.5226232783715118,0.0,0.7083333333333334
Day 1,0.4%,small,PEG,PEG_S3,3.0,0.0,0.6041666666666667,-0.6041666666666667,3.791666666666667,-0.6041666666666667,0.0,0.0,0.0,0.0,0.3950931183182865,0.6206368379572056,-0.6041666666666667,0.7083333333333334
Day 1,0.4%,small,PEG,PEG_S3,3.5,0.0,0.0,0.0,3.791666666666667,0.0,0.0,0.0,0.0,0.0,0.45673321139218287,0.7409701875435021,0.0,0.7083333333333334
Day 1,0.4%,small,PEG,PEG_S3,4.0,0.0,0.6041666666666667,-0.6041666666666667,3.791666666666667,-0.6041666666666667,0.0,0.0,0.0,0.0,0.48252742260539816,0.8027406979105198,-0.6041666666666667,0.7083333333333334
Day 1,0.4%,small,PEG,PEG_S3,4.5,0.7083333333333334,0.0,0.7083333333333334,3.791666666666667,0.7083333333333334,0.0,0.0,0.0,0.0,0.6490445645850724,1.2161943049089277,0.7083333333333334,0.7083333333333334
Day 1,0.4%,small,PEG,PEG_S3,5.0,0.7916666666666667,0.0,0.7916666666666667,3.791666666666667,0.7916666666666667,0.0,0.0,0.0,0.0,0.6575291954806008,1.18689155964639,0.7916666666666667,0.7083333333333334
Day 1,0.4%,small,PEG,PEG_S3,5.5,0.7500000000000001,0.6041666666666667,0.14583333333333337,3.791666666666667,0.14583333333333337,0.0,0.0,0.0,0.0,0.6139045566260753,1.1159757780959159,0.14583333333333337,0.7083333333333334
Day 1,0.4%,small,PEG,PEG_S3,6.0,1.2916666666666667,0.0,1.2916666666666667,3.791666666666667,1.2916666666666667,1.1250000000000002,0.0,0.0,0.0,0.8395212915556967,1.7254774711568448,1.2916666666666667,0.7083333333333334
Day 1,0.4%,control,PEG,PEG_control,0.0,0.0,0.0,0.0,4.062500000000001,0.0,0.0,0.0,0.0,0.0,,,0.0,0.6666666666666667
Day 1,0.4%,control,PEG,PEG_control,0.5,0.0,0.0,0.0,4.062500000000001,0.0,0.0,0.0,0.0,0.0,0.5953958325113796,1.1586312229227915,0.0,0.6666666666666667
Day 1,0.4%,control,PEG,PEG_control,1.0,0.0,0.0,0.0,4.062500000000001,0.0,0.0,0.0,0.0,0.0,0.4932423763491711,1.1040067017124515,0.0,0.6666666666666667
Day 1,0.4%,control,PEG,PEG_control,1.5,0.0,0.0,0.0,4.062500000000001,0.0,0.0,0.0,0.0,0.0,0.4699981008627709,1.1279084812917561,0.0,0.6666666666666667
Day 1,0.4%,control,PEG,PEG_control,2.0,0.0,0.0,0.0,4.062500000000001,0.0,0.0,0.0,0.0,0.0,0.35546232915999026,0.9225069090972697,0.0,0.6666666666666667
Day 1,0.4%,control,PEG,PEG_control,2.5,0.0,0.0,0.0,4.062500000000001,0.0,0.0,0.0,0.0,0.0,0.26145596233804874,0.4542052117132632,0.0,0.6666666666666667
Day 1,0.4%,control,PEG,PEG_control,3.0,0.0,0.0,0.0,4.062500000000001,0.0,0.0,0.0,0.0,0.0,0.23264007572075626,0.3928595498902832,0.0,0.6666666666666667
Day 1,0.4%,control,PEG,PEG_control,3.5,0.0,0.0,0.0,4.062500000000001,0.0,0.0,0.0,0.0,0.0,0.1966490997961588,0.32937770547371287,0.0,0.6666666666666667
Day 1,0.4%,control,PEG,PEG_control,4.0,0.0,0.0,0.0,4.062500000000001,0.0,0.0,0.0,0.0,0.0,0.19947546798313967,0.3354700077299109,0.0,0.6666666666666667
Day 1,0.4%,control,PEG,PEG_control,4.5,0.0,0.0,0.0,4.062500000000001,0.0,0.0,0.0,0.0,0.0,0.18579286908326811,0.327683531455761,0.0,0.6666666666666667
Day 1,0.4%,control,PEG,PEG_control,5.0,0.0,0.0,0.0,4.062500000000001,0.0,0.0,0.0,0.0,0.0,0.18782183274401912,0.3314014981191103,0.0,0.6666666666666667
Day 1,0.4%,control,PEG,PEG_control,5.5,0.0,0.0,0.0,4.062500000000001,0.0,0.0,0.0,0.0,0.0,0.19325236340308907,0.373610506814617,0.0,0.6666666666666667
Day 1,0.4%,control,PEG,PEG_control,6.0,0.0,0.0,0.0,4.062500000000001,0.0,0.0,0.0,0.0,0.0,0.21420029501034646,0.3690081094281895,0.0,0.6666666666666667
Day 2,0.6%,control,PEG,PEG_non-BSA_control,0.0,0.0,0.0,0.0,4.541666666666667,0.0,0.0,0.0,0.0,0.0,,,0.0,0.8125000000000001
Day 2,0.6%,control,PEG,PEG_non-BSA_control,0.5,0.0,0.0,0.0,4.541666666666667,0.0,0.0,0.0,0.0,0.0,3.110376473248946,4.1233063581139024,0.0,0.8125000000000001
Day 2,0.6%,control,PEG,PEG_non-BSA_control,1.0,0.0,0.0,0.0,4.541666666666667,0.0,0.0,0.0,0.0,0.0,3.0069268062844237,4.078662642465198,0.0,0.8125000000000001
Day 2,0.6%,control,PEG,PEG_non-BSA_control,1.5,0.0,0.0,0.0,4.541666666666667,0.0,0.0,0.0,0.0,0.0,2.5530933616938505,4.040481308203882,0.0,0.8125000000000001
Day 2,0.6%,control,PEG,PEG_non-BSA_control,2.0,0.0,0.0,0.0,4.541666666666667,0.0,0.0,0.0,0.0,0.0,2.5913930413084154,4.011600033053878,0.0,0.8125000000000001
Day 2,0.6%,control,PEG,PEG_non-BSA_control,2.5,0.0,0.6875000000000001,-0.6875000000000001,4.541666666666667,-0.6875000000000001,0.0,0.0,0.0,0.0,2.350231698779145,3.9538166998207935,-0.6875000000000001,0.8125000000000001
Day 2,0.6%,control,PEG,PEG_non-BSA_control,3.0,0.0,0.7083333333333334,-0.7083333333333334,4.541666666666667,-0.7083333333333334,0.0,0.0,0.0,0.0,2.0887542742951712,3.9240835288322877,-0.7083333333333334,0.8125000000000001
Day 2,0.6%,control,PEG,PEG_non-BSA_control,3.5,0.0,0.7083333333333334,-0.7083333333333334,4.541666666666667,-0.7083333333333334,0.0,0.0,0.0,0.0,2.0756947238907713,3.8989968405997733,-0.7083333333333334,0.8125000000000001
Day 2,0.6%,control,PEG,PEG_non-BSA_control,4.0,0.0,0.7083333333333334,-0.7083333333333334,4.541666666666667,-0.7083333333333334,0.0,0.0,0.0,0.0,2.161894681999556,3.8957515243498593,-0.7083333333333334,0.8125000000000001
Day 2,0.6%,control,PEG,PEG_non-BSA_control,4.5,0.0,0.6666666666666667,-0.6666666666666667,4.541666666666667,-0.6666666666666667,-0.6041666666666667,0.0,0.0,0.0,2.002918138210757,3.8782080277533004,-0.6666666666666667,0.8125000000000001
Day 2,0.6%,control,PEG,PEG_non-BSA_control,5.0,0.0,0.6666666666666667,-0.6666666666666667,4.541666666666667,-0.6666666666666667,-0.6041666666666667,0.0,0.0,0.0,2.026658375170814,3.856212598927089,-0.6666666666666667,0.8125000000000001
Day 2,0.6%,control,PEG,PEG_non-BSA_control,5.5,0.0,0.6875000000000001,-0.6875000000000001,4.541666666666667,-0.6875000000000001,-0.6458333333333334,0.0,0.0,0.0,1.695190397146299,3.7914878798200427,-0.6875000000000001,0.8125000000000001
Day 2,0.6%,control,PEG,PEG_non-BSA_control,6.0,0.0,0.7083333333333334,-0.7083333333333334,4.541666666666667,-0.7083333333333334,-0.6666666666666667,-0.6041666666666667,0.0,0.0,1.545254802732524,3.718766441773226,-0.7083333333333334,0.8125000000000001
Day 2,0.6%,large,PEG,PEG_non-BSA_r1,0.0,0.0,0.0,0.0,4.479166666666667,0.0,0.0,0.0,0.0,0.0,,,0.0,0.7083333333333334
Day 2,0.6%,large,PEG,PEG_non-BSA_r1,0.5,1.2083333333333335,0.7083333333333334,0.5000000000000001,4.479166666666667,0.5000000000000001,0.4583333333333335,0.4375000000000001,1.0208333333333335,0.9583333333333335,0.7754623057746889,1.1820878716689212,0.5000000000000001,0.7083333333333334
Day 2,0.6%,large,PEG,PEG_non-BSA_r1,1.0,1.1458333333333335,0.0,1.1458333333333335,4.479166666666667,1.1458333333333335,0.0,0.0,0.0,0.0,1.3496706764129835,3.0694648234327957,1.1458333333333335,0.7083333333333334
Day 2,0.6%,large,PEG,PEG_non-BSA_r1,1.5,1.5416666666666667,0.0,1.5416666666666667,4.479166666666667,1.5416666666666667,1.3333333333333335,0.0,0.0,0.0,1.5130390513062928,3.295747562296859,1.5416666666666667,0.7083333333333334
Day 2,0.6%,large,PEG,PEG_non-BSA_r1,2.0,2.2708333333333335,0.0,2.2708333333333335,4.479166666666667,2.2708333333333335,1.979166666666667,1.666666666666667,0.0,0.0,1.8226965491552063,3.7426095321442467,2.2708333333333335,0.7083333333333334
Day 2,0.6%,large,PEG,PEG_non-BSA_r1,2.5,3.416666666666667,0.0,3.416666666666667,4.479166666666667,3.416666666666667,2.7500000000000004,2.2708333333333335,0.0,0.0,2.02630823507096,3.8355807420323558,3.416666666666667,0.7083333333333334
Day 2,0.6%,large,PEG,PEG_non-BSA_r1,3.0,3.3125000000000004,0.0,3.3125000000000004,4.479166666666667,3.3125000000000004,2.5625000000000004,0.0,0.0,0.0,2.092461683391345,3.9254128270928113,3.3125000000000004,0.7083333333333334
Day 2,0.6%,large,PEG,PEG_non-BSA_r1,3.5,3.604166666666667,0.0,3.604166666666667,4.479166666666667,3.604166666666667,2.9375000000000004,0.0,0.0,0.0,2.135916399712169,3.974272532428684,3.604166666666667,0.7083333333333334
Day 2,0.6%,large,PEG,PEG_non-BSA_r1,4.0,4.458333333333334,0.0,4.458333333333334,4.479166666666667,4.458333333333334,3.229166666666667,0.0,0.0,0.0,2.1634268647760755,4.024973824983724,4.458333333333334,0.7083333333333334
Day 2,0.6%,large,PEG,PEG_non-BSA_r1,4.5,4.479166666666667,0.0,4.479166666666667,4.479166666666667,4.479166666666667,3.395833333333334,0.0,0.0,0.0,2.1621872047747273,4.039272894178273,4.479166666666667,0.7083333333333334
Day 2,0.6%,large,PEG,PEG_non-BSA_r1,5.0,4.479166666666667,0.0,4.479166666666667,4.479166666666667,4.479166666666667,3.3750000000000004,0.6041666666666667,0.0,0.0,2.188314344974163,4.117495271227201,4.479166666666667,0.7083333333333334
Day 2,0.6%,large,PEG,PEG_non-BSA_r1,5.5,4.479166666666667,0.0,4.479166666666667,4.479166666666667,4.479166666666667,4.458333333333334,2.3958333333333335,0.0,0.0,2.2183004257228163,4.132174794017554,4.479166666666667,0.7083333333333334
Day 2,0.6%,large,PEG,PEG_non-BSA_r1,6.0,4.458333333333334,0.0,4.458333333333334,4.479166666666667,4.458333333333334,3.395833333333334,0.7083333333333334,0.0,0.0,2.169382144007132,4.04769769323428,4.458333333333334,0.7083333333333334
Day 2,0.6%,large,PEG,PEG_non-BSA_r2,0.0,0.0,0.0,0.0,4.437500000000001,0.0,0.0,0.0,0.0,0.0,,,0.0,0.7916666666666667
Day 2,0.6%,large,PEG,PEG_non-BSA_r2,0.5,0.0,0.0,0.0,4.437500000000001,0.0,0.0,0.0,0.0,0.0,1.3787209797600097,3.2676588154575024,0.0,0.7916666666666667
Day 2,0.6%,large,PEG,PEG_non-BSA_r2,1.0,0.0,0.0,0.0,4.437500000000001,0.0,0.0,0.0,0.0,0.0,1.489287535173122,2.468684692990823,0.0,0.7916666666666667
Day 2,0.6%,large,PEG,PEG_non-BSA_r2,1.5,1.7500000000000002,0.0,1.7500000000000002,4.437500000000001,1.7500000000000002,0.0,0.0,0.0,0.0,1.7829378800156854,3.3482971888975657,1.7500000000000002,0.7916666666666667
Day 2,0.6%,large,PEG,PEG_non-BSA_r2,2.0,2.5833333333333335,0.0,2.5833333333333335,4.437500000000001,2.5833333333333335,2.229166666666667,0.0,0.0,0.0,2.010533318542179,3.6292415811384533,2.5833333333333335,0.7916666666666667
Day 2,0.6%,large,PEG,PEG_non-BSA_r2,2.5,4.250000000000001,0.8125000000000001,3.437500000000001,4.437500000000001,3.437500000000001,2.375,0.0,0.0,0.0,2.2694867910564307,3.8329213763870706,3.437500000000001,0.7916666666666667
Day 2,0.6%,large,PEG,PEG_non-BSA_r2,3.0,4.270833333333334,0.7916666666666667,3.479166666666667,4.437500000000001,3.479166666666667,-0.7083333333333334,0.0,0.0,0.0,2.4115117930524366,3.900047951774216,3.479166666666667,0.7916666666666667
Day 2,0.6%,large,PEG,PEG_non-BSA_r2,3.5,4.375000000000001,0.8125000000000001,3.562500000000001,4.437500000000001,3.562500000000001,-0.7500000000000001,0.0,0.0,0.0,2.433274177208364,3.9502690707945636,3.562500000000001,0.7916666666666667
Day 2,0.6%,large,PEG,PEG_non-BSA_r2,4.0,4.375000000000001,0.6666666666666667,3.708333333333334,4.437500000000001,3.708333333333334,4.270833333333334,0.0,0.0,0.0,2.4642439158458513,3.964345574830801,3.708333333333334,0.7916666666666667
Day 2,0.6%,large,PEG,PEG_non-BSA_r2,4.5,4.416666666666667,0.8541666666666667,3.5625,4.437500000000001,3.5625,-0.8125000000000001,-0.7708333333333334,-0.6875000000000001,0.0,2.5255229209361985,4.036455898110267,3.5625,0.7916666666666667
Day 2,0.6%,large,PEG,PEG_non-BSA_r2,5.0,4.437500000000001,0.9791666666666667,3.458333333333334,4.437500000000001,3.458333333333334,3.4375000000000004,-0.9166666666666667,-0.8958333333333335,-0.8541666666666667,2.5361350552524575,4.065800685602351,3.458333333333334,0.7916666666666667
Day 2,0.6%,large,PEG,PEG_non-BSA_r2,5.5,4.437500000000001,1.0416666666666667,3.395833333333334,4.437500000000001,3.395833333333334,3.416666666666667,-0.9791666666666667,-0.9583333333333335,-0.9166666666666667,2.55898530386796,4.083381649278213,3.395833333333334,0.7916666666666667
Day 2,0.6%,large,PEG,PEG_non-BSA_r2,6.0,4.416666666666667,0.8958333333333335,3.5208333333333335,4.437500000000001,3.5208333333333335,3.5,-0.8333333333333335,-0.7916666666666667,-0.7291666666666667,2.5076573792839705,4.015950441574525,3.5208333333333335,0.7916666666666667
Day 2,0.6%,large,PEG,PEG_non-BSA_r3,0.0,0.0,0.0,0.0,4.187500000000001,0.0,0.0,0.0,0.0,0.0,,,0.0,0.8958333333333335
Day 2,0.6%,large,PEG,PEG_non-BSA_r3,0.5,0.0,0.0,0.0,4.187500000000001,0.0,0.0,0.0,0.0,0.0,0.729307833089778,1.913337160773458,0.0,0.8958333333333335
Day 2,0.6%,large,PEG,PEG_non-BSA_r3,1.0,0.8333333333333335,0.0,0.8333333333333335,4.187500000000001,0.8333333333333335,0.0,0.0,0.0,0.0,1.0700986168105184,2.3629200272529745,0.8333333333333335,0.8958333333333335
Day 2,0.6%,large,PEG,PEG_non-BSA_r3,1.5,1.3333333333333335,0.0,1.3333333333333335,4.187500000000001,1.3333333333333335,1.1250000000000002,0.8125000000000001,0.0,0.0,1.1506784455451462,2.402081311252208,1.3333333333333335,0.8958333333333335
Day 2,0.6%,large,PEG,PEG_non-BSA_r3,2.0,1.9583333333333335,0.0,1.9583333333333335,4.187500000000001,1.9583333333333335,1.6458333333333335,1.3333333333333335,0.0,0.0,1.3972495438355093,2.7629842931937176,1.9583333333333335,0.8958333333333335
Day 2,0.6%,large,PEG,PEG_non-BSA_r3,2.5,2.5833333333333335,0.0,2.5833333333333335,4.187500000000001,2.5833333333333335,2.104166666666667,1.6250000000000002,0.0,0.0,1.6319461917102447,3.082340533155337,2.5833333333333335,0.8958333333333335
Day 2,0.6%,large,PEG,PEG_non-BSA_r3,3.0,2.6458333333333335,0.0,2.6458333333333335,4.187500000000001,2.6458333333333335,2.0208333333333335,0.0,0.0,0.0,1.6723137563283859,3.1173398849534233,2.6458333333333335,0.8958333333333335
Day 2,0.6%,large,PEG,PEG_non-BSA_r3,3.5,2.9375000000000004,0.0,2.9375000000000004,4.187500000000001,2.9375000000000004,2.2500000000000004,0.0,0.0,0.0,1.7463693566811718,3.328098184013245,2.9375000000000004,0.8958333333333335
Day 2,0.6%,large,PEG,PEG_non-BSA_r3,4.0,3.0208333333333335,0.0,3.0208333333333335,4.187500000000001,3.0208333333333335,2.1458333333333335,0.0,0.0,0.0,1.8080369100876585,3.4832370721931025,3.0208333333333335,0.8958333333333335
Day 2,0.6%,large,PEG,PEG_non-BSA_r3,4.5,3.0208333333333335,0.0,3.0208333333333335,4.187500000000001,3.0208333333333335,2.0833333333333335,0.0,0.0,0.0,1.8317254897875759,3.5619652376721462,3.0208333333333335,0.8958333333333335
Day 2,0.6%,large,PEG,PEG_non-BSA_r3,5.0,3.1250000000000004,0.8333333333333335,2.291666666666667,4.187500000000001,2.291666666666667,2.2500000000000004,0.0,0.0,0.0,1.9051788691325746,3.681648137499202,2.291666666666667,0.8958333333333335
Day 2,0.6%,large,PEG,PEG_non-BSA_r3,5.5,3.2708333333333335,0.9166666666666667,2.354166666666667,4.187500000000001,2.354166666666667,1.354166666666667,-0.8541666666666667,-0.8125000000000001,-0.7708333333333334,1.9170215357899785,3.7886390585072323,2.354166666666667,0.8958333333333335
Day 2,0.6%,large,PEG,PEG_non-BSA_r3,6.0,2.979166666666667,0.9791666666666667,2.0,4.187500000000001,2.0,-0.9583333333333335,-0.9375000000000001,-0.9166666666666667,-0.8750000000000001,1.8870265838075126,3.6233789836654173,2.0,0.8958333333333335
