idx,refined,tab_found,rot_k
0,True,True,1
1,True,True,1
2,True,True,1
3,True,True,1
4,True,True,1
5,True,True,1
6,True,True,1
7,True,True,1
8,True,True,1
9,True,True,1
10,True,True,1
11,True,True,1
12,True,True,1
13,False,True,0
14,True,True,1
15,True,True,1
16,True,True,0
17,True,True,1
18,True,True,1
19,True,True,1
20,True,True,1
21,True,True,1
22,True,True,1
23,True,True,1
24,True,True,1
25,True,True,1
26,True,True,1
27,True,True,1
28,True,True,1
29,True,True,1
30,True,True,1
31,True,True,1
32,True,True,1
33,True,True,1
34,True,True,1
35,True,True,1
36,True,True,1
37,True,True,1
38,True,True,1
39,True,True,1
40,True,True,1
41,True,True,1
42,True,True,1
43,True,True,1
44,True,True,1
45,True,True,1
46,True,True,1
47,True,True,1
48,True,True,1
49,True,True,1
50,True,True,1
51,True,True,1
52,True,True,1
53,True,True,1
54,True,True,1
55,True,True,1
56,True,True,1
57,True,True,1
58,True,True,1
59,True,True,1
60,True,True,1
61,True,True,1
62,True,True,1
63,True,True,1
64,True,True,1
65,True,True,1
66,True,True,1
67,True,True,1
68,True,True,1
69,True,True,1
70,True,True,1
71,True,True,1
72,True,True,1
73,True,True,1
74,True,True,1
75,True,True,1
76,True,True,1
77,True,True,1
78,True,True,1
79,True,True,1
80,True,True,1
81,True,True,1
82,True,True,1
83,True,True,1
84,True,True,1
85,True,True,1
86,True,True,1
87,True,True,1
88,True,True,1
89,True,True,1
90,True,True,1
91,True,True,1
92,True,True,1
93,True,True,1
94,True,True,1
95,True,True,1
96,True,True,1
97,True,True,1
98,True,True,1
99,True,True,1
100,True,True,1
101,True,True,1
102,True,True,1
103,True,True,1
104,True,True,1
105,True,True,1
106,True,True,1
107,True,True,1
108,True,True,1
109,True,True,1
110,True,True,1
111,True,True,1
112,True,True,1
113,True,True,1
114,True,True,1
115,True,True,1
116,True,True,1
117,True,True,1
118,True,True,1
119,True,True,1
120,True,True,1
121,True,True,1
122,True,True,1
123,True,True,1
124,True,True,1
125,True,True,1
126,True,True,1
127,True,True,1
128,True,True,1
129,True,True,1
130,True,True,1
131,True,True,1
132,True,True,1
133,True,True,1
134,True,True,1
135,True,True,1
136,True,True,1
137,True,True,1
138,True,True,0
139,True,True,0
140,True,True,0
141,True,True,0
142,True,True,0
143,True,True,0
144,True,True,0
145,True,True,0
146,True,True,0
147,True,True,0
148,False,True,3
149,True,True,0
150,True,True,1
151,True,True,1
152,True,True,1
153,True,True,1
154,True,True,1
155,True,True,1
156,True,True,1
157,True,True,1
158,True,True,1
159,True,True,1
160,True,True,1
161,True,True,1
162,True,True,1
163,True,True,1
164,True,True,1
165,True,True,1
166,True,True,1
167,True,True,1
168,True,True,1
169,True,True,1
170,True,True,1
171,True,True,1
172,True,True,1
173,True,True,1
174,True,True,1
175,True,True,1
176,True,True,1
177,True,True,1
178,True,True,1
179,True,True,1
180,True,True,1
181,True,True,1
182,True,True,1
183,True,True,1
184,True,True,1
185,True,True,1
186,True,True,1
187,True,True,1
188,True,True,1
189,True,True,1
190,True,True,1
191,True,True,1
192,True,True,1
193,True,True,1
194,True,True,1
195,True,True,1
196,True,True,1
197,True,True,1
198,True,True,1
199,True,True,1
200,True,True,1
201,True,True,1
202,True,True,1
203,True,True,1
204,True,True,1
205,True,True,1
206,True,True,1
207,True,True,1
208,True,True,1
209,True,True,1
210,True,True,1
211,True,True,1
212,True,True,1
213,True,True,1
214,True,True,1
215,True,True,1
216,True,True,1
217,True,True,1
218,True,True,1
219,True,True,1
220,True,True,1
221,True,True,1
222,True,True,1
223,True,True,1
224,True,True,1
225,True,True,1
226,True,True,1
227,True,True,1
228,True,True,1
229,True,True,1
230,True,True,1
231,True,True,1
232,True,True,1
233,True,True,1
234,True,True,1
235,True,True,1
236,True,True,1
237,True,True,1
238,True,True,1
239,True,True,1
240,True,True,1
241,True,True,1
242,True,True,1
243,True,True,1
244,True,True,1
245,True,True,1
246,True,True,1
247,True,True,1
248,True,True,1
249,True,True,1
250,True,True,1
251,True,True,1
252,True,True,1
253,True,True,1
254,True,True,1
255,True,True,1
256,True,True,1
257,True,True,1
258,True,True,1
259,True,True,1
260,True,True,1
261,True,True,1
262,True,True,1
263,True,True,1
264,True,True,1
265,True,True,1
266,True,True,1
267,True,True,1
268,True,True,1
269,True,True,1
270,True,True,1
271,True,True,1
272,True,True,1
273,True,True,1
274,True,True,1
275,True,True,1
276,True,True,1
277,True,True,1
278,True,True,1
279,True,True,1
280,True,True,1
281,True,True,1
282,True,True,1
283,True,True,1
284,True,True,1
285,True,True,1
286,True,True,1
287,True,True,1
288,True,True,0
289,True,True,0
290,True,True,0
291,True,True,0
292,True,True,0
293,True,True,0
294,True,True,0
295,True,True,0
296,True,True,0
297,True,True,0
298,True,True,0
299,True,True,0
300,True,True,1
301,True,True,1
302,True,True,1
303,True,True,1
304,True,True,1
305,True,True,1
306,True,True,1
307,True,True,1
308,True,True,1
309,True,True,1
310,True,True,1
311,True,True,1
312,True,True,1
313,True,True,1
314,True,True,1
315,True,True,1
316,True,True,1
317,True,True,1
318,True,True,1
319,True,True,1
320,True,True,1
321,True,True,1
322,True,True,1
323,True,True,1
324,True,True,1
325,True,True,1
326,True,True,1
327,True,True,1
328,True,True,1
329,True,True,1
330,True,True,1
331,True,True,1
332,True,True,1
333,True,True,1
334,True,True,1
335,True,True,1
336,True,True,1
337,True,True,1
338,True,True,1
339,True,True,1
340,True,True,1
341,True,True,1
342,True,True,1
343,True,True,1
344,True,True,1
345,True,True,1
346,True,True,1
347,True,True,1
348,True,True,1
349,True,True,1
350,True,True,1
351,True,True,1
352,True,True,1
353,True,True,1
354,True,True,1
355,True,True,1
356,True,True,1
357,True,True,1
358,True,True,1
359,True,True,1
360,True,True,1
361,True,True,1
362,True,True,1
363,True,True,1
364,True,True,1
365,True,True,1
366,True,True,1
367,True,True,1
368,True,True,1
369,True,True,1
370,True,True,1
371,True,True,1
372,True,True,1
373,True,True,1
374,True,True,1
375,True,True,1
376,True,True,1
377,True,True,1
378,True,True,1
379,True,True,1
380,True,True,1
381,True,True,1
382,True,True,1
383,True,True,1
384,True,True,1
385,True,True,1
386,True,True,1
387,True,True,1
388,True,True,1
389,True,True,1
390,True,True,1
391,True,True,1
392,True,True,1
393,True,True,1
394,True,True,1
395,True,True,1
396,True,True,1
397,True,True,1
398,True,True,1
399,True,True,1
400,True,True,1
401,True,True,1
402,True,True,1
403,True,True,1
404,True,True,1
405,False,True,1
406,True,True,1
407,True,True,1
408,True,True,1
409,True,True,1
410,True,True,1
411,True,True,1
412,True,True,1
413,True,True,1
414,True,True,1
415,True,True,1
416,True,True,1
417,True,True,1
418,True,True,1
419,True,True,1
420,True,True,1
421,True,True,1
422,True,True,1
423,True,True,1
424,True,True,1
425,True,True,1
426,True,True,1
427,True,True,1
428,True,True,1
429,True,True,1
430,True,True,1
431,True,True,1
432,True,True,1
433,True,True,1
434,True,True,1
435,True,True,1
436,True,True,1
437,True,True,1
438,True,True,0
439,True,True,0
440,True,True,0
441,True,True,0
442,True,True,0
443,True,True,0
444,True,True,0
445,False,True,3
446,True,True,0
447,True,True,0
448,True,True,0
449,True,True,0
450,True,True,1
451,True,True,1
452,True,True,1
453,True,True,1
454,True,True,1
455,True,True,1
456,True,True,1
457,True,True,1
458,True,True,1
459,True,True,1
460,True,True,1
461,True,True,1
462,True,True,1
463,True,True,1
464,True,True,1
465,True,True,1
466,True,True,1
467,True,True,1
468,True,True,1
469,True,True,1
470,True,True,1
471,True,True,1
472,True,True,1
473,True,True,1
474,True,True,1
475,True,True,1
476,True,True,1
477,True,True,1
478,True,True,1
479,True,True,1
480,True,True,1
481,True,True,1
482,True,True,1
483,True,True,1
484,True,True,1
485,True,True,1
486,True,True,1
487,True,True,1
488,True,True,1
489,True,True,1
490,True,True,1
491,True,True,1
492,True,True,1
493,True,True,1
494,True,True,1
495,True,True,1
496,True,True,1
497,True,True,1
498,True,True,1
499,True,True,1
500,True,True,1
501,True,True,1
502,True,True,1
503,True,True,1
504,True,True,1
505,True,True,1
506,True,True,1
507,True,True,1
508,True,True,1
509,True,True,1
510,True,True,1
511,True,True,1
512,True,True,1
513,True,True,1
514,True,True,1
515,True,True,1
516,True,True,1
517,True,True,1
518,True,True,1
519,True,True,1
520,True,True,1
521,True,True,1
522,True,True,1
523,True,True,1
524,True,True,1
525,True,True,1
526,True,True,1
527,True,True,1
528,True,True,1
529,True,True,1
530,True,True,1
531,True,True,1
532,True,True,1
533,True,True,1
534,True,True,1
535,True,True,1
536,True,True,1
537,True,True,1
538,True,True,1
539,True,True,1
540,True,True,1
541,True,True,1
542,True,True,1
543,True,True,1
544,True,True,1
545,True,True,1
546,True,True,1
547,True,True,1
548,True,True,1
549,True,True,1
550,True,True,1
551,True,True,1
552,True,True,1
553,True,True,1
554,True,True,1
555,True,True,1
556,True,True,1
557,True,True,1
558,True,True,1
559,True,True,1
560,True,True,1
561,True,True,1
562,True,True,1
563,True,True,1
564,True,True,1
565,True,True,1
566,True,True,1
567,True,True,1
568,True,True,1
569,True,True,1
570,True,True,1
571,True,True,1
572,True,True,1
573,True,True,1
574,True,True,1
575,True,True,1
576,True,True,1
577,True,True,1
578,True,True,1
579,True,True,1
580,True,True,1
581,True,True,1
582,True,True,1
583,True,True,1
584,True,True,1
585,True,True,1
586,True,True,1
587,True,True,1
588,True,True,0
589,True,True,0
590,True,True,0
591,True,True,0
592,True,True,0
593,True,True,0
594,True,True,0
595,True,True,0
596,True,True,0
597,True,True,0
598,True,True,0
599,True,True,0
