idx,series,ncc
15,0.4_BSA_COOH_control_r1,0.40233856439590454
27,0.4_BSA_COOH_control_r1,0.7951117157936096
39,0.4_BSA_COOH_control_r1,0.7781761288642883
51,0.4_BSA_COOH_control_r1,0.8524295091629028
63,0.4_BSA_COOH_control_r1,0.8584611415863037
77,0.4_BSA_COOH_control_r1,0.9302992820739746
87,0.4_BSA_COOH_control_r1,0.7874840497970581
99,0.4_BSA_COOH_control_r1,0.9374220967292786
111,0.4_BSA_COOH_control_r1,0.8935845494270325
123,0.4_BSA_COOH_control_r1,0.9437970519065857
135,0.4_BSA_COOH_control_r1,0.8580247163772583
147,0.4_BSA_COOH_control_r1,0.8248254060745239
16,0.4_BSA_COOH_control_r2,-0.14355412125587463
28,0.4_BSA_COOH_control_r2,0.8204622268676758
40,0.4_BSA_COOH_control_r2,0.8723889589309692
52,0.4_BSA_COOH_control_r2,0.605633020401001
64,0.4_BSA_COOH_control_r2,0.8273016214370728
76,0.4_BSA_COOH_control_r2,0.9380236864089966
88,0.4_BSA_COOH_control_r2,0.9217159748077393
100,0.4_BSA_COOH_control_r2,0.955180287361145
112,0.4_BSA_COOH_control_r2,0.3847908675670624
125,0.4_BSA_COOH_control_r2,0.9106918573379517
136,0.4_BSA_COOH_control_r2,0.714348554611206
17,0.4_BSA_COOH_control_r3,0.4026467204093933
29,0.4_BSA_COOH_control_r3,0.8467265963554382
41,0.4_BSA_COOH_control_r3,0.8777490258216858
53,0.4_BSA_COOH_control_r3,0.8660222291946411
65,0.4_BSA_COOH_control_r3,0.8910679817199707
75,0.4_BSA_COOH_control_r3,0.8790413737297058
89,0.4_BSA_COOH_control_r3,0.9156096577644348
101,0.4_BSA_COOH_control_r3,0.7994135618209839
113,0.4_BSA_COOH_control_r3,0.8765974044799805
124,0.4_BSA_COOH_control_r3,0.794387936592102
137,0.4_BSA_COOH_control_r3,0.7365195751190186
149,0.4_BSA_COOH_control_r3,0.46891090273857117
8,0.4_BSA_COOH_magnet_r1,0.4360795021057129
9,0.4_BSA_COOH_magnet_r1,0.621724009513855
21,0.4_BSA_COOH_magnet_r1,0.8193532228469849
33,0.4_BSA_COOH_magnet_r1,0.8222135305404663
45,0.4_BSA_COOH_magnet_r1,0.8090218305587769
57,0.4_BSA_COOH_magnet_r1,0.6529690027236938
69,0.4_BSA_COOH_magnet_r1,0.5143609046936035
81,0.4_BSA_COOH_magnet_r1,0.5920498967170715
93,0.4_BSA_COOH_magnet_r1,0.7671687602996826
105,0.4_BSA_COOH_magnet_r1,0.6254770755767822
117,0.4_BSA_COOH_magnet_r1,0.7073758840560913
129,0.4_BSA_COOH_magnet_r1,0.7745580673217773
141,0.4_BSA_COOH_magnet_r1,0.6892073750495911
6,0.4_BSA_COOH_magnet_r2,0.3948621153831482
7,0.4_BSA_COOH_magnet_r2,0.445909321308136
22,0.4_BSA_COOH_magnet_r2,0.9249367713928223
34,0.4_BSA_COOH_magnet_r2,0.9147732853889465
46,0.4_BSA_COOH_magnet_r2,0.4349989891052246
58,0.4_BSA_COOH_magnet_r2,0.8413072824478149
70,0.4_BSA_COOH_magnet_r2,0.9530929327011108
82,0.4_BSA_COOH_magnet_r2,0.9115105867385864
94,0.4_BSA_COOH_magnet_r2,0.5031337738037109
106,0.4_BSA_COOH_magnet_r2,0.8833918571472168
118,0.4_BSA_COOH_magnet_r2,0.7150299549102783
130,0.4_BSA_COOH_magnet_r2,0.9320178031921387
142,0.4_BSA_COOH_magnet_r2,0.8126934766769409
10,0.4_BSA_COOH_magnet_r3,0.3380632996559143
11,0.4_BSA_COOH_magnet_r3,0.3673884868621826
23,0.4_BSA_COOH_magnet_r3,0.40113168954849243
35,0.4_BSA_COOH_magnet_r3,0.8958142399787903
47,0.4_BSA_COOH_magnet_r3,0.8368045687675476
59,0.4_BSA_COOH_magnet_r3,0.8617860078811646
71,0.4_BSA_COOH_magnet_r3,0.9164773225784302
83,0.4_BSA_COOH_magnet_r3,0.9173879027366638
95,0.4_BSA_COOH_magnet_r3,0.9517714977264404
107,0.4_BSA_COOH_magnet_r3,0.8877317905426025
119,0.4_BSA_COOH_magnet_r3,0.5760626792907715
131,0.4_BSA_COOH_magnet_r3,0.7924667596817017
143,0.4_BSA_COOH_magnet_r3,0.8288517594337463
12,0.4_BSA_PEG_control_r1,0.7284746170043945
25,0.4_BSA_PEG_control_r1,0.4625842869281769
36,0.4_BSA_PEG_control_r1,0.8814793229103088
48,0.4_BSA_PEG_control_r1,0.7461712956428528
60,0.4_BSA_PEG_control_r1,0.5591578483581543
72,0.4_BSA_PEG_control_r1,0.5497713088989258
84,0.4_BSA_PEG_control_r1,0.9290088415145874
96,0.4_BSA_PEG_control_r1,0.9161032438278198
108,0.4_BSA_PEG_control_r1,0.845417320728302
120,0.4_BSA_PEG_control_r1,0.9090521931648254
132,0.4_BSA_PEG_control_r1,0.9074966311454773
144,0.4_BSA_PEG_control_r1,0.8961865901947021
24,0.4_BSA_PEG_control_r2,0.9218138456344604
37,0.4_BSA_PEG_control_r2,0.7253203988075256
49,0.4_BSA_PEG_control_r2,0.923673689365387
61,0.4_BSA_PEG_control_r2,0.9478670358657837
73,0.4_BSA_PEG_control_r2,0.9450483322143555
85,0.4_BSA_PEG_control_r2,0.5501496195793152
97,0.4_BSA_PEG_control_r2,0.6906664371490479
109,0.4_BSA_PEG_control_r2,0.7463784217834473
121,0.4_BSA_PEG_control_r2,0.8467607498168945
133,0.4_BSA_PEG_control_r2,0.7368176579475403
145,0.4_BSA_PEG_control_r2,0.6483814716339111
14,0.4_BSA_PEG_control_r3,0.5346407890319824
26,0.4_BSA_PEG_control_r3,0.8033944368362427
38,0.4_BSA_PEG_control_r3,0.30128905177116394
50,0.4_BSA_PEG_control_r3,0.7700214385986328
62,0.4_BSA_PEG_control_r3,0.84284907579422
74,0.4_BSA_PEG_control_r3,0.6539536714553833
86,0.4_BSA_PEG_control_r3,0.9014785289764404
98,0.4_BSA_PEG_control_r3,0.9113017320632935
110,0.4_BSA_PEG_control_r3,0.9054310321807861
122,0.4_BSA_PEG_control_r3,0.9278395175933838
134,0.4_BSA_PEG_control_r3,0.9018304944038391
146,0.4_BSA_PEG_control_r3,0.9310014247894287
0,0.4_BSA_PEG_magnet_r1,0.5329182744026184
1,0.4_BSA_PEG_magnet_r1,0.5777256488800049
18,0.4_BSA_PEG_magnet_r1,0.554476261138916
30,0.4_BSA_PEG_magnet_r1,0.8876110315322876
42,0.4_BSA_PEG_magnet_r1,0.9005131721496582
54,0.4_BSA_PEG_magnet_r1,0.4687589406967163
66,0.4_BSA_PEG_magnet_r1,0.4536518454551697
78,0.4_BSA_PEG_magnet_r1,0.9164696931838989
90,0.4_BSA_PEG_magnet_r1,0.04238816350698471
102,0.4_BSA_PEG_magnet_r1,0.7090579867362976
114,0.4_BSA_PEG_magnet_r1,0.8945695161819458
126,0.4_BSA_PEG_magnet_r1,0.11070676147937775
138,0.4_BSA_PEG_magnet_r1,0.8496858477592468
2,0.4_BSA_PEG_magnet_r2,0.39754247665405273
3,0.4_BSA_PEG_magnet_r2,0.769207239151001
19,0.4_BSA_PEG_magnet_r2,0.42304205894470215
31,0.4_BSA_PEG_magnet_r2,0.5033226609230042
43,0.4_BSA_PEG_magnet_r2,0.9046359062194824
55,0.4_BSA_PEG_magnet_r2,0.4849998354911804
67,0.4_BSA_PEG_magnet_r2,0.4824270009994507
79,0.4_BSA_PEG_magnet_r2,0.8242426514625549
91,0.4_BSA_PEG_magnet_r2,0.744347333908081
103,0.4_BSA_PEG_magnet_r2,0.8840122222900391
115,0.4_BSA_PEG_magnet_r2,0.9317604303359985
127,0.4_BSA_PEG_magnet_r2,0.6099436283111572
139,0.4_BSA_PEG_magnet_r2,0.850495457649231
4,0.4_BSA_PEG_magnet_r3,0.5123281478881836
5,0.4_BSA_PEG_magnet_r3,0.5286146998405457
20,0.4_BSA_PEG_magnet_r3,0.8679319024085999
32,0.4_BSA_PEG_magnet_r3,0.6838217973709106
44,0.4_BSA_PEG_magnet_r3,0.6788145899772644
56,0.4_BSA_PEG_magnet_r3,0.7868278622627258
68,0.4_BSA_PEG_magnet_r3,0.6085789799690247
80,0.4_BSA_PEG_magnet_r3,0.7989734411239624
92,0.4_BSA_PEG_magnet_r3,0.6732996702194214
104,0.4_BSA_PEG_magnet_r3,0.8850424289703369
116,0.4_BSA_PEG_magnet_r3,0.8306373953819275
128,0.4_BSA_PEG_magnet_r3,0.28190410137176514
140,0.4_BSA_PEG_magnet_r3,0.5196325778961182
165,0.4_non-BSA_COOH_control_r1,0.9527318477630615
178,0.4_non-BSA_COOH_control_r1,0.5946180820465088
189,0.4_non-BSA_COOH_control_r1,0.6991395950317383
201,0.4_non-BSA_COOH_control_r1,0.9513991475105286
213,0.4_non-BSA_COOH_control_r1,0.94342440366745
225,0.4_non-BSA_COOH_control_r1,0.6792339086532593
237,0.4_non-BSA_COOH_control_r1,0.9538725018501282
249,0.4_non-BSA_COOH_control_r1,0.6653535962104797
261,0.4_non-BSA_COOH_control_r1,0.5163925886154175
273,0.4_non-BSA_COOH_control_r1,0.9561209678649902
285,0.4_non-BSA_COOH_control_r1,0.8532654047012329
297,0.4_non-BSA_COOH_control_r1,0.8745702505111694
166,0.4_non-BSA_COOH_control_r2,0.46674442291259766
177,0.4_non-BSA_COOH_control_r2,0.38505080342292786
190,0.4_non-BSA_COOH_control_r2,0.8864744901657104
202,0.4_non-BSA_COOH_control_r2,0.9312219023704529
214,0.4_non-BSA_COOH_control_r2,0.9826177358627319
226,0.4_non-BSA_COOH_control_r2,0.9771703481674194
238,0.4_non-BSA_COOH_control_r2,0.9844061732292175
250,0.4_non-BSA_COOH_control_r2,0.9927506446838379
262,0.4_non-BSA_COOH_control_r2,0.9817541241645813
274,0.4_non-BSA_COOH_control_r2,0.9843236207962036
286,0.4_non-BSA_COOH_control_r2,0.9851246476173401
298,0.4_non-BSA_COOH_control_r2,0.745557427406311
167,0.4_non-BSA_COOH_control_r3,0.9487308859825134
179,0.4_non-BSA_COOH_control_r3,0.9557810425758362
191,0.4_non-BSA_COOH_control_r3,0.4457888603210449
203,0.4_non-BSA_COOH_control_r3,0.9594319462776184
215,0.4_non-BSA_COOH_control_r3,0.9423472285270691
227,0.4_non-BSA_COOH_control_r3,0.49844393134117126
239,0.4_non-BSA_COOH_control_r3,0.9529597759246826
251,0.4_non-BSA_COOH_control_r3,0.9629648923873901
263,0.4_non-BSA_COOH_control_r3,0.9675118923187256
275,0.4_non-BSA_COOH_control_r3,0.5186999440193176
287,0.4_non-BSA_COOH_control_r3,0.4897061586380005
299,0.4_non-BSA_COOH_control_r3,0.5007905960083008
156,0.4_non-BSA_COOH_magnet_r1,0.5204002857208252
158,0.4_non-BSA_COOH_magnet_r1,0.8678942918777466
171,0.4_non-BSA_COOH_magnet_r1,0.9170628190040588
183,0.4_non-BSA_COOH_magnet_r1,0.9136090278625488
195,0.4_non-BSA_COOH_magnet_r1,0.9438385963439941
207,0.4_non-BSA_COOH_magnet_r1,0.93842613697052
219,0.4_non-BSA_COOH_magnet_r1,0.5341479778289795
231,0.4_non-BSA_COOH_magnet_r1,0.8958872556686401
243,0.4_non-BSA_COOH_magnet_r1,0.510370135307312
255,0.4_non-BSA_COOH_magnet_r1,0.5033251047134399
267,0.4_non-BSA_COOH_magnet_r1,0.4986269176006317
279,0.4_non-BSA_COOH_magnet_r1,0.8929327726364136
291,0.4_non-BSA_COOH_magnet_r1,0.9285874366760254
157,0.4_non-BSA_COOH_magnet_r2,0.7700648903846741
159,0.4_non-BSA_COOH_magnet_r2,0.779150128364563
172,0.4_non-BSA_COOH_magnet_r2,0.780041515827179
184,0.4_non-BSA_COOH_magnet_r2,0.8385854959487915
196,0.4_non-BSA_COOH_magnet_r2,0.9250696897506714
208,0.4_non-BSA_COOH_magnet_r2,0.9453314542770386
220,0.4_non-BSA_COOH_magnet_r2,0.7305201292037964
232,0.4_non-BSA_COOH_magnet_r2,0.5950933694839478
244,0.4_non-BSA_COOH_magnet_r2,0.5734496712684631
256,0.4_non-BSA_COOH_magnet_r2,0.5671890377998352
268,0.4_non-BSA_COOH_magnet_r2,0.8377108573913574
280,0.4_non-BSA_COOH_magnet_r2,0.5815538167953491
293,0.4_non-BSA_COOH_magnet_r2,0.5193738341331482
160,0.4_non-BSA_COOH_magnet_r3,0.8446627855300903
161,0.4_non-BSA_COOH_magnet_r3,0.6618496775627136
173,0.4_non-BSA_COOH_magnet_r3,0.9331265687942505
185,0.4_non-BSA_COOH_magnet_r3,0.9709644317626953
197,0.4_non-BSA_COOH_magnet_r3,0.9592769145965576
209,0.4_non-BSA_COOH_magnet_r3,0.9638617038726807
221,0.4_non-BSA_COOH_magnet_r3,0.3865692913532257
233,0.4_non-BSA_COOH_magnet_r3,0.939349353313446
245,0.4_non-BSA_COOH_magnet_r3,0.8906344175338745
257,0.4_non-BSA_COOH_magnet_r3,0.9209696650505066
269,0.4_non-BSA_COOH_magnet_r3,0.38408708572387695
281,0.4_non-BSA_COOH_magnet_r3,0.9079332947731018
292,0.4_non-BSA_COOH_magnet_r3,0.529934823513031
162,0.4_non-BSA_PEG_control_r1,0.6687585115432739
174,0.4_non-BSA_PEG_control_r1,0.8692110180854797
186,0.4_non-BSA_PEG_control_r1,0.8792548179626465
198,0.4_non-BSA_PEG_control_r1,0.8750497102737427
210,0.4_non-BSA_PEG_control_r1,0.8232283592224121
222,0.4_non-BSA_PEG_control_r1,0.8929666876792908
234,0.4_non-BSA_PEG_control_r1,0.4821060597896576
246,0.4_non-BSA_PEG_control_r1,0.6807135343551636
258,0.4_non-BSA_PEG_control_r1,0.8119242787361145
270,0.4_non-BSA_PEG_control_r1,0.8767479658126831
282,0.4_non-BSA_PEG_control_r1,0.6870632171630859
294,0.4_non-BSA_PEG_control_r1,0.6371523141860962
163,0.4_non-BSA_PEG_control_r2,0.8912367820739746
175,0.4_non-BSA_PEG_control_r2,0.5274842977523804
187,0.4_non-BSA_PEG_control_r2,0.8212795853614807
199,0.4_non-BSA_PEG_control_r2,0.5220045447349548
211,0.4_non-BSA_PEG_control_r2,0.8331621885299683
223,0.4_non-BSA_PEG_control_r2,0.8603019118309021
235,0.4_non-BSA_PEG_control_r2,0.8910751342773438
247,0.4_non-BSA_PEG_control_r2,0.5270977020263672
259,0.4_non-BSA_PEG_control_r2,0.8418378829956055
271,0.4_non-BSA_PEG_control_r2,0.8859800100326538
283,0.4_non-BSA_PEG_control_r2,0.8494805097579956
295,0.4_non-BSA_PEG_control_r2,0.8029688596725464
164,0.4_non-BSA_PEG_control_r3,0.638359546661377
176,0.4_non-BSA_PEG_control_r3,0.7829620838165283
188,0.4_non-BSA_PEG_control_r3,0.679702639579773
200,0.4_non-BSA_PEG_control_r3,0.6872011423110962
212,0.4_non-BSA_PEG_control_r3,0.6770786643028259
224,0.4_non-BSA_PEG_control_r3,0.6586776375770569
236,0.4_non-BSA_PEG_control_r3,0.8383538126945496
248,0.4_non-BSA_PEG_control_r3,0.888745903968811
260,0.4_non-BSA_PEG_control_r3,0.8875064253807068
272,0.4_non-BSA_PEG_control_r3,0.8714848756790161
284,0.4_non-BSA_PEG_control_r3,0.9031540155410767
296,0.4_non-BSA_PEG_control_r3,0.8656418323516846
150,0.4_non-BSA_PEG_magnet_r1,0.4923354983329773
151,0.4_non-BSA_PEG_magnet_r1,0.8165528774261475
168,0.4_non-BSA_PEG_magnet_r1,0.49423038959503174
180,0.4_non-BSA_PEG_magnet_r1,0.8349583148956299
192,0.4_non-BSA_PEG_magnet_r1,0.519758939743042
204,0.4_non-BSA_PEG_magnet_r1,0.5323001742362976
216,0.4_non-BSA_PEG_magnet_r1,0.9073976278305054
228,0.4_non-BSA_PEG_magnet_r1,0.9102796316146851
240,0.4_non-BSA_PEG_magnet_r1,0.5754153728485107
252,0.4_non-BSA_PEG_magnet_r1,0.567866325378418
264,0.4_non-BSA_PEG_magnet_r1,0.844943106174469
276,0.4_non-BSA_PEG_magnet_r1,0.8810200691223145
290,0.4_non-BSA_PEG_magnet_r1,0.80091392993927
152,0.4_non-BSA_PEG_magnet_r2,0.43777334690093994
153,0.4_non-BSA_PEG_magnet_r2,0.5512180924415588
169,0.4_non-BSA_PEG_magnet_r2,0.48322877287864685
181,0.4_non-BSA_PEG_magnet_r2,0.9258936643600464
193,0.4_non-BSA_PEG_magnet_r2,0.736169159412384
205,0.4_non-BSA_PEG_magnet_r2,0.7472108602523804
217,0.4_non-BSA_PEG_magnet_r2,0.931110680103302
229,0.4_non-BSA_PEG_magnet_r2,0.9306584596633911
241,0.4_non-BSA_PEG_magnet_r2,0.9236602783203125
253,0.4_non-BSA_PEG_magnet_r2,0.9441733956336975
265,0.4_non-BSA_PEG_magnet_r2,0.9625157117843628
277,0.4_non-BSA_PEG_magnet_r2,0.9066673517227173
288,0.4_non-BSA_PEG_magnet_r2,0.8169243335723877
154,0.4_non-BSA_PEG_magnet_r3,0.7883076071739197
155,0.4_non-BSA_PEG_magnet_r3,0.7586404085159302
170,0.4_non-BSA_PEG_magnet_r3,0.7767676115036011
182,0.4_non-BSA_PEG_magnet_r3,0.7091978788375854
194,0.4_non-BSA_PEG_magnet_r3,0.7431999444961548
206,0.4_non-BSA_PEG_magnet_r3,0.7502701878547668
218,0.4_non-BSA_PEG_magnet_r3,0.9123544692993164
230,0.4_non-BSA_PEG_magnet_r3,0.8807218670845032
242,0.4_non-BSA_PEG_magnet_r3,0.8058276772499084
254,0.4_non-BSA_PEG_magnet_r3,0.9249817728996277
266,0.4_non-BSA_PEG_magnet_r3,0.923523485660553
278,0.4_non-BSA_PEG_magnet_r3,0.8064913749694824
289,0.4_non-BSA_PEG_magnet_r3,0.8477004170417786
315,0.6_BSA_COOH_control_r1,0.9342385530471802
327,0.6_BSA_COOH_control_r1,0.9394712448120117
339,0.6_BSA_COOH_control_r1,0.5529687404632568
351,0.6_BSA_COOH_control_r1,0.2282138466835022
365,0.6_BSA_COOH_control_r1,0.6021181344985962
375,0.6_BSA_COOH_control_r1,0.8938246369361877
388,0.6_BSA_COOH_control_r1,0.5005902647972107
399,0.6_BSA_COOH_control_r1,0.8688265681266785
411,0.6_BSA_COOH_control_r1,0.3608514964580536
423,0.6_BSA_COOH_control_r1,0.5967406630516052
435,0.6_BSA_COOH_control_r1,0.8727608919143677
447,0.6_BSA_COOH_control_r1,0.6910301446914673
316,0.6_BSA_COOH_control_r2,0.9316308498382568
328,0.6_BSA_COOH_control_r2,0.9610760807991028
340,0.6_BSA_COOH_control_r2,0.41437196731567383
352,0.6_BSA_COOH_control_r2,-0.2726803421974182
363,0.6_BSA_COOH_control_r2,0.9729808568954468
376,0.6_BSA_COOH_control_r2,0.9761713743209839
387,0.6_BSA_COOH_control_r2,0.7871673703193665
400,0.6_BSA_COOH_control_r2,0.9706915616989136
412,0.6_BSA_COOH_control_r2,0.659605860710144
424,0.6_BSA_COOH_control_r2,0.9670212864875793
436,0.6_BSA_COOH_control_r2,0.347850501537323
448,0.6_BSA_COOH_control_r2,0.455885112285614
317,0.6_BSA_COOH_control_r3,0.44574955105781555
329,0.6_BSA_COOH_control_r3,0.9578697681427002
341,0.6_BSA_COOH_control_r3,0.9793092012405396
353,0.6_BSA_COOH_control_r3,0.39131319522857666
364,0.6_BSA_COOH_control_r3,0.9859758615493774
377,0.6_BSA_COOH_control_r3,0.9808506369590759
389,0.6_BSA_COOH_control_r3,0.5183171033859253
401,0.6_BSA_COOH_control_r3,0.9854961037635803
413,0.6_BSA_COOH_control_r3,0.9855651259422302
425,0.6_BSA_COOH_control_r3,0.4243887662887573
437,0.6_BSA_COOH_control_r3,0.9838283061981201
449,0.6_BSA_COOH_control_r3,0.5238748788833618
310,0.6_BSA_COOH_magnet_r1,0.4869862198829651
321,0.6_BSA_COOH_magnet_r1,0.9354357123374939
333,0.6_BSA_COOH_magnet_r1,0.9524398446083069
345,0.6_BSA_COOH_magnet_r1,0.7733436822891235
357,0.6_BSA_COOH_magnet_r1,0.6124714016914368
369,0.6_BSA_COOH_magnet_r1,0.8737815022468567
381,0.6_BSA_COOH_magnet_r1,0.33207717537879944
393,0.6_BSA_COOH_magnet_r1,0.9035519361495972
417,0.6_BSA_COOH_magnet_r1,0.22861915826797485
429,0.6_BSA_COOH_magnet_r1,0.8098849058151245
441,0.6_BSA_COOH_magnet_r1,0.83918696641922
306,0.6_BSA_COOH_magnet_r2,0.5054202675819397
307,0.6_BSA_COOH_magnet_r2,0.8668034076690674
311,0.6_BSA_COOH_magnet_r2,0.5494535565376282
322,0.6_BSA_COOH_magnet_r2,0.7836562395095825
334,0.6_BSA_COOH_magnet_r2,0.7032194137573242
346,0.6_BSA_COOH_magnet_r2,0.8804630637168884
358,0.6_BSA_COOH_magnet_r2,0.3400002717971802
370,0.6_BSA_COOH_magnet_r2,0.7420727014541626
382,0.6_BSA_COOH_magnet_r2,0.9162618517875671
394,0.6_BSA_COOH_magnet_r2,0.932343065738678
406,0.6_BSA_COOH_magnet_r2,0.7790744304656982
418,0.6_BSA_COOH_magnet_r2,0.8057333827018738
430,0.6_BSA_COOH_magnet_r2,0.309190034866333
442,0.6_BSA_COOH_magnet_r2,0.7673734426498413
308,0.6_BSA_COOH_magnet_r3,0.560452401638031
309,0.6_BSA_COOH_magnet_r3,0.7262793183326721
323,0.6_BSA_COOH_magnet_r3,0.5110504031181335
335,0.6_BSA_COOH_magnet_r3,0.809406042098999
347,0.6_BSA_COOH_magnet_r3,0.6011925935745239
359,0.6_BSA_COOH_magnet_r3,0.6220855712890625
371,0.6_BSA_COOH_magnet_r3,0.9075031280517578
383,0.6_BSA_COOH_magnet_r3,0.9047337770462036
395,0.6_BSA_COOH_magnet_r3,0.9092574715614319
407,0.6_BSA_COOH_magnet_r3,0.42032548785209656
419,0.6_BSA_COOH_magnet_r3,-0.020396709442138672
431,0.6_BSA_COOH_magnet_r3,-0.013892441987991333
443,0.6_BSA_COOH_magnet_r3,0.8023406267166138
312,0.6_BSA_PEG_control_r1,0.2742618918418884
324,0.6_BSA_PEG_control_r1,0.5193515419960022
336,0.6_BSA_PEG_control_r1,0.5264217853546143
348,0.6_BSA_PEG_control_r1,0.5947756767272949
360,0.6_BSA_PEG_control_r1,0.3249586820602417
374,0.6_BSA_PEG_control_r1,0.31029951572418213
384,0.6_BSA_PEG_control_r1,0.5494913458824158
396,0.6_BSA_PEG_control_r1,0.5371592044830322
408,0.6_BSA_PEG_control_r1,0.5349410772323608
420,0.6_BSA_PEG_control_r1,0.5349757671356201
432,0.6_BSA_PEG_control_r1,0.576471745967865
444,0.6_BSA_PEG_control_r1,0.4594312310218811
313,0.6_BSA_PEG_control_r2,0.5819494724273682
325,0.6_BSA_PEG_control_r2,0.674286425113678
337,0.6_BSA_PEG_control_r2,0.42213618755340576
349,0.6_BSA_PEG_control_r2,0.355743944644928
361,0.6_BSA_PEG_control_r2,0.7631233930587769
372,0.6_BSA_PEG_control_r2,0.8894856572151184
385,0.6_BSA_PEG_control_r2,0.676807165145874
397,0.6_BSA_PEG_control_r2,0.7680385112762451
409,0.6_BSA_PEG_control_r2,0.6977642178535461
421,0.6_BSA_PEG_control_r2,0.8743348121643066
433,0.6_BSA_PEG_control_r2,0.5149655342102051
314,0.6_BSA_PEG_control_r3,0.725161612033844
326,0.6_BSA_PEG_control_r3,0.8181145191192627
338,0.6_BSA_PEG_control_r3,0.3219548761844635
350,0.6_BSA_PEG_control_r3,0.8269860148429871
362,0.6_BSA_PEG_control_r3,0.8313495516777039
373,0.6_BSA_PEG_control_r3,0.7831549644470215
386,0.6_BSA_PEG_control_r3,0.8954322338104248
398,0.6_BSA_PEG_control_r3,0.8425105810165405
410,0.6_BSA_PEG_control_r3,0.8587527275085449
422,0.6_BSA_PEG_control_r3,0.562288224697113
434,0.6_BSA_PEG_control_r3,0.7120330333709717
446,0.6_BSA_PEG_control_r3,0.4813886880874634
300,0.6_BSA_PEG_magnet_r1,0.6816273927688599
301,0.6_BSA_PEG_magnet_r1,0.39954674243927
318,0.6_BSA_PEG_magnet_r1,0.7357974052429199
330,0.6_BSA_PEG_magnet_r1,0.755961000919342
342,0.6_BSA_PEG_magnet_r1,0.6954167485237122
354,0.6_BSA_PEG_magnet_r1,0.6856229305267334
366,0.6_BSA_PEG_magnet_r1,0.5447501540184021
378,0.6_BSA_PEG_magnet_r1,0.8779083490371704
390,0.6_BSA_PEG_magnet_r1,0.7402998805046082
402,0.6_BSA_PEG_magnet_r1,0.8236892223358154
414,0.6_BSA_PEG_magnet_r1,0.21198749542236328
426,0.6_BSA_PEG_magnet_r1,0.7994915843009949
438,0.6_BSA_PEG_magnet_r1,0.7794591188430786
302,0.6_BSA_PEG_magnet_r2,0.54139244556427
303,0.6_BSA_PEG_magnet_r2,0.8234509229660034
305,0.6_BSA_PEG_magnet_r2,0.6020961403846741
319,0.6_BSA_PEG_magnet_r2,0.77591872215271
331,0.6_BSA_PEG_magnet_r2,0.5648026466369629
343,0.6_BSA_PEG_magnet_r2,0.4953485131263733
355,0.6_BSA_PEG_magnet_r2,0.49958813190460205
367,0.6_BSA_PEG_magnet_r2,0.7701995372772217
379,0.6_BSA_PEG_magnet_r2,0.6786673069000244
391,0.6_BSA_PEG_magnet_r2,0.6027673482894897
403,0.6_BSA_PEG_magnet_r2,0.7463439106941223
415,0.6_BSA_PEG_magnet_r2,0.7851834893226624
427,0.6_BSA_PEG_magnet_r2,0.7916102409362793
439,0.6_BSA_PEG_magnet_r2,0.6980297565460205
304,0.6_BSA_PEG_magnet_r3,0.31818413734436035
320,0.6_BSA_PEG_magnet_r3,0.41174113750457764
332,0.6_BSA_PEG_magnet_r3,0.5276614427566528
344,0.6_BSA_PEG_magnet_r3,0.834737241268158
356,0.6_BSA_PEG_magnet_r3,0.8883183002471924
368,0.6_BSA_PEG_magnet_r3,0.6327396631240845
380,0.6_BSA_PEG_magnet_r3,0.8616984486579895
392,0.6_BSA_PEG_magnet_r3,0.8741373419761658
404,0.6_BSA_PEG_magnet_r3,0.1373981237411499
416,0.6_BSA_PEG_magnet_r3,0.17123743891716003
428,0.6_BSA_PEG_magnet_r3,0.6328023076057434
440,0.6_BSA_PEG_magnet_r3,0.7979901432991028
465,0.6_non-BSA_COOH_control_r1,0.717230498790741
477,0.6_non-BSA_COOH_control_r1,0.6315041184425354
489,0.6_non-BSA_COOH_control_r1,0.65956050157547
501,0.6_non-BSA_COOH_control_r1,0.6453855037689209
515,0.6_non-BSA_COOH_control_r1,0.6831173896789551
525,0.6_non-BSA_COOH_control_r1,0.967553973197937
537,0.6_non-BSA_COOH_control_r1,0.9633051753044128
549,0.6_non-BSA_COOH_control_r1,0.9690251350402832
561,0.6_non-BSA_COOH_control_r1,0.7902149558067322
573,0.6_non-BSA_COOH_control_r1,0.9705179333686829
585,0.6_non-BSA_COOH_control_r1,0.944456934928894
597,0.6_non-BSA_COOH_control_r1,0.8159180879592896
466,0.6_non-BSA_COOH_control_r2,0.9292768239974976
478,0.6_non-BSA_COOH_control_r2,0.9541677236557007
490,0.6_non-BSA_COOH_control_r2,0.9204690456390381
502,0.6_non-BSA_COOH_control_r2,0.45143377780914307
513,0.6_non-BSA_COOH_control_r2,0.477903813123703
526,0.6_non-BSA_COOH_control_r2,0.9687370657920837
538,0.6_non-BSA_COOH_control_r2,0.940691351890564
550,0.6_non-BSA_COOH_control_r2,0.9395514726638794
562,0.6_non-BSA_COOH_control_r2,0.7939937710762024
574,0.6_non-BSA_COOH_control_r2,0.9021986126899719
586,0.6_non-BSA_COOH_control_r2,0.9293559789657593
598,0.6_non-BSA_COOH_control_r2,0.5208384990692139
467,0.6_non-BSA_COOH_control_r3,0.5271706581115723
479,0.6_non-BSA_COOH_control_r3,0.4345357120037079
491,0.6_non-BSA_COOH_control_r3,0.9665052890777588
503,0.6_non-BSA_COOH_control_r3,0.4367135763168335
514,0.6_non-BSA_COOH_control_r3,0.9859439730644226
527,0.6_non-BSA_COOH_control_r3,0.9654834270477295
539,0.6_non-BSA_COOH_control_r3,0.9767104387283325
551,0.6_non-BSA_COOH_control_r3,0.9891815185546875
563,0.6_non-BSA_COOH_control_r3,0.43663379549980164
575,0.6_non-BSA_COOH_control_r3,0.987342894077301
587,0.6_non-BSA_COOH_control_r3,0.9879244565963745
599,0.6_non-BSA_COOH_control_r3,0.40615174174308777
456,0.6_non-BSA_COOH_magnet_r1,0.5223016738891602
457,0.6_non-BSA_COOH_magnet_r1,0.5856127142906189
471,0.6_non-BSA_COOH_magnet_r1,0.5802744030952454
483,0.6_non-BSA_COOH_magnet_r1,0.8604172468185425
495,0.6_non-BSA_COOH_magnet_r1,0.8400348424911499
507,0.6_non-BSA_COOH_magnet_r1,0.7686558961868286
519,0.6_non-BSA_COOH_magnet_r1,0.5786197185516357
531,0.6_non-BSA_COOH_magnet_r1,0.876232922077179
543,0.6_non-BSA_COOH_magnet_r1,0.9263249039649963
555,0.6_non-BSA_COOH_magnet_r1,0.9201434850692749
567,0.6_non-BSA_COOH_magnet_r1,0.7987423539161682
579,0.6_non-BSA_COOH_magnet_r1,0.8126298189163208
591,0.6_non-BSA_COOH_magnet_r1,0.880566418170929
458,0.6_non-BSA_COOH_magnet_r2,0.4948491156101227
459,0.6_non-BSA_COOH_magnet_r2,0.5516042709350586
472,0.6_non-BSA_COOH_magnet_r2,0.709140419960022
484,0.6_non-BSA_COOH_magnet_r2,0.6043868660926819
496,0.6_non-BSA_COOH_magnet_r2,0.8522439002990723
508,0.6_non-BSA_COOH_magnet_r2,0.6804378032684326
520,0.6_non-BSA_COOH_magnet_r2,0.8824830055236816
532,0.6_non-BSA_COOH_magnet_r2,0.5556052923202515
544,0.6_non-BSA_COOH_magnet_r2,0.8832374215126038
556,0.6_non-BSA_COOH_magnet_r2,0.7298619151115417
568,0.6_non-BSA_COOH_magnet_r2,0.8510055541992188
580,0.6_non-BSA_COOH_magnet_r2,0.7410342693328857
592,0.6_non-BSA_COOH_magnet_r2,0.8637438416481018
460,0.6_non-BSA_COOH_magnet_r3,0.8155795335769653
461,0.6_non-BSA_COOH_magnet_r3,0.8807647228240967
473,0.6_non-BSA_COOH_magnet_r3,0.8920140862464905
485,0.6_non-BSA_COOH_magnet_r3,0.8436168432235718
497,0.6_non-BSA_COOH_magnet_r3,0.8628875017166138
509,0.6_non-BSA_COOH_magnet_r3,0.8539007902145386
521,0.6_non-BSA_COOH_magnet_r3,0.5663225650787354
533,0.6_non-BSA_COOH_magnet_r3,0.4775186777114868
545,0.6_non-BSA_COOH_magnet_r3,0.6082391738891602
557,0.6_non-BSA_COOH_magnet_r3,0.5860112309455872
569,0.6_non-BSA_COOH_magnet_r3,0.43754369020462036
581,0.6_non-BSA_COOH_magnet_r3,0.6300610303878784
593,0.6_non-BSA_COOH_magnet_r3,0.8051640391349792
462,0.6_non-BSA_PEG_control_r1,0.9086488485336304
474,0.6_non-BSA_PEG_control_r1,0.9550145268440247
486,0.6_non-BSA_PEG_control_r1,0.9395712018013
498,0.6_non-BSA_PEG_control_r1,0.9474540948867798
510,0.6_non-BSA_PEG_control_r1,0.9523971676826477
522,0.6_non-BSA_PEG_control_r1,0.8816154599189758
534,0.6_non-BSA_PEG_control_r1,0.5373755693435669
546,0.6_non-BSA_PEG_control_r1,0.785495400428772
558,0.6_non-BSA_PEG_control_r1,0.7977538108825684
570,0.6_non-BSA_PEG_control_r1,0.7273539304733276
582,0.6_non-BSA_PEG_control_r1,0.5393677949905396
594,0.6_non-BSA_PEG_control_r1,0.5878616571426392
463,0.6_non-BSA_PEG_control_r2,0.888282835483551
475,0.6_non-BSA_PEG_control_r2,0.6563572287559509
487,0.6_non-BSA_PEG_control_r2,0.8753513097763062
499,0.6_non-BSA_PEG_control_r2,0.893503725528717
511,0.6_non-BSA_PEG_control_r2,0.5998039245605469
523,0.6_non-BSA_PEG_control_r2,0.6650553345680237
535,0.6_non-BSA_PEG_control_r2,0.7583503723144531
547,0.6_non-BSA_PEG_control_r2,0.8807201385498047
559,0.6_non-BSA_PEG_control_r2,0.603287935256958
571,0.6_non-BSA_PEG_control_r2,0.552276074886322
583,0.6_non-BSA_PEG_control_r2,0.8708678483963013
595,0.6_non-BSA_PEG_control_r2,0.6698955297470093
464,0.6_non-BSA_PEG_control_r3,0.6159791350364685
476,0.6_non-BSA_PEG_control_r3,0.6033332347869873
488,0.6_non-BSA_PEG_control_r3,0.6361555457115173
500,0.6_non-BSA_PEG_control_r3,0.9230470657348633
512,0.6_non-BSA_PEG_control_r3,0.7767457365989685
524,0.6_non-BSA_PEG_control_r3,0.8353816866874695
536,0.6_non-BSA_PEG_control_r3,0.8310220241546631
548,0.6_non-BSA_PEG_control_r3,0.8967504501342773
560,0.6_non-BSA_PEG_control_r3,0.8762202262878418
572,0.6_non-BSA_PEG_control_r3,0.643378734588623
584,0.6_non-BSA_PEG_control_r3,0.641603410243988
596,0.6_non-BSA_PEG_control_r3,0.8744391202926636
450,0.6_non-BSA_PEG_magnet_r1,0.4502007067203522
451,0.6_non-BSA_PEG_magnet_r1,0.8618097305297852
468,0.6_non-BSA_PEG_magnet_r1,0.544314444065094
480,0.6_non-BSA_PEG_magnet_r1,0.8809741735458374
492,0.6_non-BSA_PEG_magnet_r1,0.878928005695343
504,0.6_non-BSA_PEG_magnet_r1,0.5829023122787476
516,0.6_non-BSA_PEG_magnet_r1,0.5961203575134277
528,0.6_non-BSA_PEG_magnet_r1,0.9153687953948975
540,0.6_non-BSA_PEG_magnet_r1,0.8263471722602844
552,0.6_non-BSA_PEG_magnet_r1,0.7940149903297424
564,0.6_non-BSA_PEG_magnet_r1,0.5784043073654175
576,0.6_non-BSA_PEG_magnet_r1,0.6812310218811035
588,0.6_non-BSA_PEG_magnet_r1,0.8820862770080566
452,0.6_non-BSA_PEG_magnet_r2,0.7613548636436462
453,0.6_non-BSA_PEG_magnet_r2,0.4900592863559723
469,0.6_non-BSA_PEG_magnet_r2,0.6070355772972107
481,0.6_non-BSA_PEG_magnet_r2,0.7585598230361938
493,0.6_non-BSA_PEG_magnet_r2,0.6279317736625671
505,0.6_non-BSA_PEG_magnet_r2,0.6047577857971191
517,0.6_non-BSA_PEG_magnet_r2,0.8318692445755005
529,0.6_non-BSA_PEG_magnet_r2,0.9263058304786682
541,0.6_non-BSA_PEG_magnet_r2,0.8287361860275269
553,0.6_non-BSA_PEG_magnet_r2,0.7584506869316101
565,0.6_non-BSA_PEG_magnet_r2,0.7888787388801575
577,0.6_non-BSA_PEG_magnet_r2,0.119915671646595
589,0.6_non-BSA_PEG_magnet_r2,0.8822853565216064
454,0.6_non-BSA_PEG_magnet_r3,0.6980491280555725
455,0.6_non-BSA_PEG_magnet_r3,0.6054332852363586
470,0.6_non-BSA_PEG_magnet_r3,0.5634794235229492
482,0.6_non-BSA_PEG_magnet_r3,0.8006733655929565
494,0.6_non-BSA_PEG_magnet_r3,0.6012477278709412
506,0.6_non-BSA_PEG_magnet_r3,0.5930749177932739
518,0.6_non-BSA_PEG_magnet_r3,0.6149202585220337
530,0.6_non-BSA_PEG_magnet_r3,0.6142053008079529
542,0.6_non-BSA_PEG_magnet_r3,0.8393610715866089
554,0.6_non-BSA_PEG_magnet_r3,0.8723369836807251
566,0.6_non-BSA_PEG_magnet_r3,0.7670672535896301
578,0.6_non-BSA_PEG_magnet_r3,0.7265726327896118
590,0.6_non-BSA_PEG_magnet_r3,0.8134070634841919
