idx,ring_L,block_L,norm_dark
0,234.0,246.01634407043457,-12.01634407043457
1,224.0,247.29983615875244,-23.29983615875244
2,229.0,225.3459186553955,3.654081344604492
3,200.0,221.8512840270996,-21.85128402709961
4,202.0,252.52163863182068,-50.52163863182068
5,190.0,252.59864330291748,-62.59864330291748
6,230.0,223.7509059906006,6.249094009399414
7,210.0,235.06862449645996,-25.06862449645996
8,194.0,252.67220425605774,-58.67220425605774
9,204.0,253.993874669075,-49.99387466907501
10,233.0,216.72447967529297,16.27552032470703
11,216.0,226.62883377075195,-10.628833770751953
12,233.0,246.4689483642578,-13.468948364257812
13,195.0,244.4552707672119,-49.455270767211914
14,233.0,245.26622486114502,-12.26622486114502
15,230.0,227.25332832336426,2.746671676635742
16,200.0,245.9247760772705,-45.92477607727051
17,228.0,225.9934196472168,2.006580352783203
18,226.0,246.83959007263184,-20.839590072631836
19,202.0,230.77268028259277,-28.772680282592773
20,211.0,237.0915184020996,-26.09151840209961
21,215.0,239.23171424865723,-24.231714248657227
22,209.0,235.6320400238037,-26.63204002380371
23,202.0,233.51897811889648,-31.518978118896484
24,219.0,225.64088439941406,-6.6408843994140625
25,230.0,227.97075843811035,2.0292415618896484
26,228.0,213.76062774658203,14.239372253417969
27,230.0,221.56056594848633,8.439434051513672
28,227.0,216.60719299316406,10.392807006835938
29,228.0,213.7366828918457,14.263317108154297
30,205.0,230.80157089233398,-25.801570892333984
31,204.0,229.3325023651123,-25.332502365112305
32,204.0,242.69412994384766,-38.694129943847656
33,208.0,234.6543426513672,-26.654342651367188
34,210.0,237.48920440673828,-27.48920440673828
35,209.0,227.8065948486328,-18.806594848632812
36,231.0,211.11170196533203,19.88829803466797
37,232.0,217.57354354858398,14.426456451416016
38,231.0,216.21273040771484,14.787269592285156
39,230.0,220.73732376098633,9.262676239013672
40,226.0,234.1946563720703,-8.194656372070312
41,229.0,214.58211135864258,14.417888641357422
42,205.0,232.2686004638672,-27.268600463867188
43,206.0,226.66779708862305,-20.667797088623047
44,202.0,245.43093299865723,-43.43093299865723
45,206.0,240.33468914031982,-34.334689140319824
46,204.0,239.4214563369751,-35.4214563369751
47,205.0,233.9592113494873,-28.959211349487305
48,227.0,216.89005661010742,10.109943389892578
49,221.0,223.50798416137695,-2.507984161376953
50,230.0,209.5624122619629,20.43758773803711
51,230.0,221.36656951904297,8.633430480957031
52,232.0,243.8595724105835,-11.859572410583496
53,229.0,216.28491973876953,12.715080261230469
54,204.0,234.79923629760742,-30.799236297607422
55,204.0,227.8266487121582,-23.826648712158203
56,215.0,238.01952743530273,-23.019527435302734
57,207.0,238.22037315368652,-31.220373153686523
58,209.0,233.6609287261963,-24.66092872619629
59,208.0,226.78807640075684,-18.788076400756836
60,226.0,222.43562698364258,3.564373016357422
61,218.0,223.1862335205078,-5.1862335205078125
62,227.0,215.50969696044922,11.490303039550781
63,224.0,215.33142471313477,8.668575286865234
64,225.0,216.96723175048828,8.032768249511719
65,225.0,227.4714012145996,-2.4714012145996094
66,204.0,231.26426315307617,-27.264263153076172
67,210.0,222.8169708251953,-12.816970825195312
68,212.0,235.28152656555176,-23.281526565551758
69,201.0,241.19400310516357,-40.194003105163574
70,209.0,233.62890434265137,-24.628904342651367
71,203.0,229.8351821899414,-26.835182189941406
72,227.0,222.0452003479004,4.954799652099609
73,220.0,226.25985527038574,-6.259855270385742
74,235.0,227.4478816986084,7.552118301391602
75,231.0,232.3166561126709,-1.3166561126708984
76,218.0,241.8101863861084,-23.8101863861084
77,223.0,226.31887435913086,-3.3188743591308594
78,213.0,228.8711338043213,-15.871133804321289
79,210.0,227.17506980895996,-17.17506980895996
80,205.0,234.6150131225586,-29.615013122558594
81,215.0,224.6680145263672,-9.668014526367188
82,206.0,236.2125358581543,-30.212535858154297
83,209.0,227.3538761138916,-18.3538761138916
84,228.0,239.02469730377197,-11.024697303771973
85,215.0,231.63340187072754,-16.63340187072754
86,220.0,230.2657070159912,-10.265707015991211
87,232.0,227.0418586730957,4.958141326904297
88,223.0,237.04117012023926,-14.041170120239258
89,223.0,231.39150047302246,-8.391500473022461
90,213.0,232.5734462738037,-19.57344627380371
91,211.0,233.8164119720459,-22.8164119720459
92,208.0,242.61818981170654,-34.61818981170654
93,204.0,236.05366134643555,-32.05366134643555
94,208.0,232.58114433288574,-24.581144332885742
95,211.0,224.3476848602295,-13.347684860229492
96,225.0,242.31675243377686,-17.316752433776855
97,227.0,229.67363357543945,-2.673633575439453
98,229.0,226.2861557006836,2.7138442993164062
99,226.0,232.76658821105957,-6.76658821105957
100,224.0,241.0282793045044,-17.028279304504395
101,222.0,231.50388145446777,-9.503881454467773
102,215.0,228.6603488922119,-13.660348892211914
103,210.0,219.39234924316406,-9.392349243164062
104,208.0,235.40692138671875,-27.40692138671875
105,207.0,235.72122383117676,-28.721223831176758
106,214.0,229.7391300201416,-15.739130020141602
107,214.0,219.1680908203125,-5.1680908203125
108,227.0,228.4014434814453,-1.4014434814453125
109,229.0,228.2384433746338,0.7615566253662109
110,227.0,224.76318359375,2.23681640625
111,230.0,229.44301414489746,0.5569858551025391
112,234.0,234.7554054260254,-0.7554054260253906
113,230.0,237.88717460632324,-7.887174606323242
114,215.0,225.4952449798584,-10.495244979858398
115,212.0,217.62238311767578,-5.622383117675781
116,207.0,233.83863258361816,-26.838632583618164
117,202.0,242.0195665359497,-40.01956653594971
118,211.0,233.30159187316895,-22.301591873168945
119,208.0,225.26336097717285,-17.26336097717285
120,225.0,237.54351043701172,-12.543510437011719
121,228.0,224.00532722473145,3.9946727752685547
122,226.0,222.5415916442871,3.4584083557128906
123,227.0,227.1850700378418,-0.18507003784179688
124,233.0,231.10382461547852,1.8961753845214844
125,227.0,233.0257053375244,-6.025705337524414
126,214.0,229.7193717956543,-15.719371795654297
127,211.0,222.35515213012695,-11.355152130126953
128,208.0,238.3160228729248,-30.316022872924805
129,203.0,237.82333183288574,-34.82333183288574
130,206.0,233.95998764038086,-27.95998764038086
131,207.0,224.0776653289795,-17.077665328979492
132,229.0,232.8045310974121,-3.8045310974121094
133,229.0,229.3436164855957,-0.3436164855957031
134,226.0,225.4242458343506,0.5757541656494141
135,230.0,228.42098808288574,1.5790119171142578
136,233.0,229.15109062194824,3.848909378051758
137,232.0,229.00596618652344,2.9940338134765625
138,202.0,227.90838241577148,-25.908382415771484
139,187.0,222.06494903564453,-35.06494903564453
140,221.0,230.02490234375,-9.02490234375
141,187.0,230.1609992980957,-43.1609992980957
142,179.0,236.2377166748047,-57.23771667480469
143,215.0,225.16518783569336,-10.16518783569336
144,212.0,237.94635009765625,-25.94635009765625
145,228.0,209.33445739746094,18.665542602539062
146,221.0,218.93851852416992,2.061481475830078
147,210.0,228.7915096282959,-18.7915096282959
148,174.0,251.23169374465942,-77.23169374465942
149,215.0,228.33910751342773,-13.339107513427734
150,233.0,234.39178848266602,-1.3917884826660156
151,203.0,231.54263496398926,-28.542634963989258
152,226.0,229.7728443145752,-3.7728443145751953
153,205.0,237.16193962097168,-32.16193962097168
154,230.0,223.57550621032715,6.424493789672852
155,206.0,237.38141250610352,-31.381412506103516
156,224.0,229.05745697021484,-5.057456970214844
157,230.0,231.6006088256836,-1.6006088256835938
158,207.0,230.00750350952148,-23.007503509521484
159,201.0,233.85749053955078,-32.85749053955078
160,229.0,229.98522567749023,-0.9852256774902344
161,198.0,235.2339572906494,-37.233957290649414
162,228.0,213.42291259765625,14.57708740234375
163,221.0,216.81437301635742,4.185626983642578
164,235.0,239.80113410949707,-4.80113410949707
165,232.0,216.76071166992188,15.239288330078125
166,227.0,229.98672676086426,-2.986726760864258
167,230.0,223.88604736328125,6.11395263671875
168,197.0,242.47250175476074,-45.47250175476074
169,202.0,240.17385005950928,-38.17385005950928
170,202.0,234.49624252319336,-32.49624252319336
171,208.0,231.3862705230713,-23.38627052307129
172,207.0,237.1267852783203,-30.126785278320312
173,218.0,238.0931053161621,-20.09310531616211
174,221.0,227.3969268798828,-6.3969268798828125
175,207.0,225.194091796875,-18.194091796875
176,232.0,213.05770874023438,18.942291259765625
177,230.0,210.9639129638672,19.036087036132812
178,226.0,239.45486450195312,-13.454864501953125
179,228.0,221.69565963745117,6.304340362548828
180,208.0,231.91020011901855,-23.910200119018555
181,196.0,237.56130027770996,-41.56130027770996
182,203.0,232.35278129577637,-29.352781295776367
183,215.0,230.65439796447754,-15.654397964477539
184,205.0,236.50354385375977,-31.503543853759766
185,203.0,236.69410705566406,-33.69410705566406
186,226.0,233.61436653137207,-7.61436653137207
187,214.0,214.30170822143555,-0.3017082214355469
188,232.0,222.98454666137695,9.015453338623047
189,231.0,220.34271240234375,10.65728759765625
190,225.0,235.72380828857422,-10.723808288574219
191,228.0,212.3374900817871,15.66250991821289
192,205.0,237.9025764465332,-32.9025764465332
193,215.0,234.2070484161377,-19.207048416137695
194,201.0,236.8877944946289,-35.887794494628906
195,204.0,229.355375289917,-25.355375289916992
196,212.0,230.4511604309082,-18.451160430908203
197,207.0,238.06050300598145,-31.060503005981445
198,223.0,223.59609603881836,-0.5960960388183594
199,218.0,222.02762603759766,-4.027626037597656
200,232.0,218.1116065979004,13.88839340209961
201,230.0,211.1646385192871,18.83536148071289
202,226.0,231.26563262939453,-5.265632629394531
203,227.0,214.45455169677734,12.545448303222656
204,204.0,235.55902671813965,-31.55902671813965
205,214.0,234.80019760131836,-20.80019760131836
206,203.0,230.56195449829102,-27.561954498291016
207,205.0,226.7383098602295,-21.738309860229492
208,212.0,228.0780429840088,-16.07804298400879
209,206.0,232.29163932800293,-26.29163932800293
210,220.0,228.5124168395996,-8.51241683959961
211,208.0,216.76162719726562,-8.761627197265625
212,228.0,219.74456787109375,8.25543212890625
213,226.0,215.72628784179688,10.273712158203125
214,224.0,232.5083408355713,-8.508340835571289
215,223.0,213.92315292358398,9.076847076416016
216,207.0,230.3557834625244,-23.355783462524414
217,199.0,238.16600608825684,-39.166006088256836
218,200.0,230.99562072753906,-30.995620727539062
219,205.0,227.96590995788574,-22.965909957885742
220,210.0,238.8993377685547,-28.899337768554688
221,220.0,240.555006980896,-20.555006980895996
222,222.0,231.4965057373047,-9.496505737304688
223,226.0,224.0818157196045,1.9181842803955078
224,229.0,222.11450958251953,6.885490417480469
225,225.0,219.94707107543945,5.052928924560547
226,226.0,233.90839195251465,-7.908391952514648
227,226.0,208.64287567138672,17.35712432861328
228,209.0,227.8333034515381,-18.833303451538086
229,203.0,235.4008083343506,-32.400808334350586
230,205.0,232.007474899292,-27.007474899291992
231,208.0,224.24956130981445,-16.249561309814453
232,205.0,227.2000617980957,-22.200061798095703
233,202.0,233.9433479309082,-31.943347930908203
234,224.0,245.05514430999756,-21.05514430999756
235,221.0,220.4071044921875,0.5928955078125
236,228.0,229.1280403137207,-1.1280403137207031
237,216.0,224.14030265808105,-8.140302658081055
238,224.0,236.89621353149414,-12.89621353149414
239,224.0,219.0967674255371,4.903232574462891
240,210.0,230.3577537536621,-20.35775375366211
241,199.0,233.51170349121094,-34.51170349121094
242,205.0,233.80880546569824,-28.808805465698242
243,201.0,233.0276336669922,-32.02763366699219
244,215.0,225.52873611450195,-10.528736114501953
245,208.0,229.8897533416748,-21.889753341674805
246,215.0,244.07540893554688,-29.075408935546875
247,210.0,228.4158763885498,-18.415876388549805
248,229.0,229.8713035583496,-0.8713035583496094
249,227.0,222.12824249267578,4.871757507324219
250,224.0,234.07850074768066,-10.078500747680664
251,224.0,218.30586624145508,5.694133758544922
252,209.0,230.62548637390137,-21.625486373901367
253,201.0,233.2120532989502,-32.212053298950195
254,205.0,226.6996841430664,-21.699684143066406
255,216.0,231.65884590148926,-15.658845901489258
256,217.0,223.0479679107666,-6.047967910766602
257,219.0,231.95375061035156,-12.953750610351562
258,231.0,233.17978286743164,-2.1797828674316406
259,226.0,224.01265144348145,1.9873485565185547
260,229.0,221.15980529785156,7.8401947021484375
261,234.0,230.0183277130127,3.9816722869873047
262,225.0,234.6529541015625,-9.6529541015625
263,224.0,214.87115097045898,9.128849029541016
264,209.0,225.9446506500244,-16.944650650024414
265,206.0,230.3718032836914,-24.371803283691406
266,207.0,229.823974609375,-22.823974609375
267,215.0,229.94916152954102,-14.949161529541016
268,215.0,223.5301742553711,-8.530174255371094
269,219.0,233.22063827514648,-14.220638275146484
270,220.0,246.67445373535156,-26.674453735351562
271,208.0,224.0834903717041,-16.0834903717041
272,227.0,230.78561782836914,-3.7856178283691406
273,212.0,225.35389709472656,-13.353897094726562
274,226.0,235.13254165649414,-9.13254165649414
275,225.0,212.63568496704102,12.364315032958984
276,209.0,225.91622734069824,-16.916227340698242
277,202.0,233.5065975189209,-31.5065975189209
278,207.0,227.17719078063965,-20.17719078063965
279,216.0,221.05546188354492,-5.055461883544922
280,217.0,218.28314590454102,-1.2831459045410156
281,218.0,227.3843059539795,-9.384305953979492
282,214.0,248.34316778182983,-34.343167781829834
283,208.0,231.8307285308838,-23.83072853088379
284,227.0,229.2347526550293,-2.234752655029297
285,226.0,214.9415168762207,11.058483123779297
286,224.0,235.42612266540527,-11.426122665405273
287,219.0,209.66582870483398,9.334171295166016
288,202.0,229.10286140441895,-27.102861404418945
289,191.0,229.4292049407959,-38.4292049407959
290,201.0,224.46429061889648,-23.464290618896484
291,204.0,220.7427520751953,-16.742752075195312
292,204.0,228.84881973266602,-24.848819732666016
293,197.0,225.6927375793457,-28.692737579345703
294,212.0,243.73157119750977,-31.731571197509766
295,218.0,223.96008682250977,-5.960086822509766
296,214.0,232.95748138427734,-18.957481384277344
297,221.0,224.6914005279541,-3.6914005279541016
298,222.0,213.3377685546875,8.6622314453125
299,222.0,210.75925827026367,11.240741729736328
300,220.0,227.30782318115234,-7.307823181152344
301,200.0,242.90308284759521,-42.903082847595215
302,226.0,240.43147468566895,-14.431474685668945
303,203.0,243.1698808670044,-40.169880867004395
304,230.0,222.50115203857422,7.498847961425781
305,212.0,230.3384838104248,-18.338483810424805
306,233.0,223.3010082244873,9.698991775512695
307,216.0,240.16586875915527,-24.165868759155273
308,227.0,228.020845413208,-1.0208454132080078
309,210.0,236.43691635131836,-26.43691635131836
310,231.0,240.74246788024902,-9.742467880249023
311,221.0,246.65039825439453,-25.65039825439453
312,230.0,223.85412979125977,6.145870208740234
313,234.0,246.46244525909424,-12.462445259094238
314,234.0,240.39317798614502,-6.3931779861450195
315,214.0,226.01954650878906,-12.019546508789062
316,233.0,228.0638771057129,4.936122894287109
317,218.0,216.74918746948242,1.2508125305175781
318,208.0,238.22237396240234,-30.222373962402344
319,203.0,243.74363899230957,-40.74363899230957
320,206.0,235.70088958740234,-29.700889587402344
321,210.0,244.0393934249878,-34.03939342498779
322,208.0,238.75304412841797,-30.75304412841797
323,221.0,246.72650241851807,-25.726502418518066
324,230.0,218.2508316040039,11.749168395996094
325,230.0,214.7193260192871,15.28067398071289
326,231.0,214.06447219848633,16.935527801513672
327,212.0,218.35116577148438,-6.351165771484375
328,232.0,220.52452850341797,11.475471496582031
329,227.0,221.1117820739746,5.888217926025391
330,213.0,237.22436714172363,-24.224367141723633
331,208.0,243.20967483520508,-35.20967483520508
332,208.0,228.10640144348145,-20.106401443481445
333,209.0,239.7349100112915,-30.734910011291504
334,209.0,240.04935455322266,-31.049354553222656
335,214.0,240.16103076934814,-26.161030769348145
336,230.0,243.27266693115234,-13.272666931152344
337,231.0,205.6081657409668,25.391834259033203
338,230.0,203.12180709838867,26.878192901611328
339,233.0,238.9400405883789,-5.940040588378906
340,231.0,209.25127029418945,21.748729705810547
341,228.0,211.85826873779297,16.14173126220703
342,212.0,226.57772064208984,-14.577720642089844
343,200.0,242.94952011108398,-42.949520111083984
344,211.0,225.0838680267334,-14.083868026733398
345,210.0,239.16471099853516,-29.164710998535156
346,211.0,236.695951461792,-25.695951461791992
347,212.0,231.7325839996338,-19.73258399963379
348,231.0,207.20792770385742,23.792072296142578
349,230.0,203.3418731689453,26.658126831054688
350,229.0,211.81436920166016,17.185630798339844
351,231.0,203.614501953125,27.385498046875
352,231.0,234.9610252380371,-3.9610252380371094
353,228.0,196.51771926879883,31.482280731201172
354,212.0,227.04376602172852,-15.043766021728516
355,196.0,245.0220079421997,-49.02200794219971
356,212.0,225.6150779724121,-13.61507797241211
357,210.0,239.73068714141846,-29.730687141418457
358,207.0,238.99128532409668,-31.99128532409668
359,213.0,230.75447845458984,-17.754478454589844
360,226.0,222.41141891479492,3.588581085205078
361,226.0,215.73244857788086,10.26755142211914
362,225.0,215.12149047851562,9.878509521484375
363,227.0,214.99077987670898,12.009220123291016
364,227.0,203.81291961669922,23.18708038330078
365,231.0,216.9866828918457,14.013317108154297
366,214.0,227.5830078125,-13.5830078125
367,199.0,245.4676752090454,-46.46767520904541
368,211.0,223.63285636901855,-12.632856369018555
369,212.0,237.0678596496582,-25.067859649658203
370,206.0,238.23699951171875,-32.23699951171875
371,214.0,228.9403591156006,-14.940359115600586
372,225.0,226.4754753112793,-1.4754753112792969
373,228.0,221.03191375732422,6.968086242675781
374,224.0,224.9009780883789,-0.9009780883789062
375,209.0,217.52835083007812,-8.528350830078125
376,227.0,218.31932830810547,8.680671691894531
377,229.0,207.66197967529297,21.33802032470703
378,205.0,234.46125984191895,-29.461259841918945
379,201.0,244.44023036956787,-43.44023036956787
380,214.0,223.0849609375,-9.0849609375
381,214.0,240.04274082183838,-26.04274082183838
382,205.0,234.8535861968994,-29.853586196899414
383,214.0,229.9918155670166,-15.991815567016602
384,224.0,242.97152519226074,-18.971525192260742
385,226.0,230.90167808532715,-4.901678085327148
386,227.0,213.58826065063477,13.411739349365234
387,226.0,227.2816276550293,-1.2816276550292969
388,233.0,219.76869583129883,13.231304168701172
389,227.0,197.67047500610352,29.329524993896484
390,208.0,242.4994764328003,-34.49947643280029
391,201.0,242.38367176055908,-41.38367176055908
392,216.0,226.9024200439453,-10.902420043945312
393,217.0,245.75401973724365,-28.754019737243652
394,208.0,233.9044589996338,-25.90445899963379
395,214.0,227.73591804504395,-13.735918045043945
396,224.0,242.84632396697998,-18.84632396697998
397,227.0,228.5919017791748,-1.5919017791748047
398,228.0,225.7364273071289,2.2635726928710938
399,225.0,219.71107864379883,5.288921356201172
400,226.0,217.93973541259766,8.060264587402344
401,226.0,209.22107696533203,16.77892303466797
402,209.0,240.48357963562012,-31.483579635620117
403,201.0,243.36593437194824,-42.36593437194824
404,215.0,237.7152442932129,-22.71524429321289
405,217.0,242.48099327087402,-25.480993270874023
406,210.0,233.33703804016113,-23.337038040161133
407,214.0,225.79404640197754,-11.794046401977539
408,225.0,241.65077590942383,-16.650775909423828
409,226.0,220.52700805664062,5.472991943359375
410,227.0,207.15092086791992,19.849079132080078
411,226.0,237.35309410095215,-11.353094100952148
412,227.0,213.1422233581543,13.857776641845703
413,227.0,207.0320930480957,19.967906951904297
414,210.0,239.43887519836426,-29.438875198364258
415,206.0,243.27753162384033,-37.27753162384033
416,216.0,220.7657699584961,-4.765769958496094
417,216.0,243.55624198913574,-27.556241989135742
418,209.0,229.76260566711426,-20.762605667114258
419,214.0,233.0561580657959,-19.0561580657959
420,224.0,243.12219333648682,-19.122193336486816
421,226.0,228.9452953338623,-2.9452953338623047
422,234.0,215.5466537475586,18.453346252441406
423,230.0,207.44231796264648,22.557682037353516
424,228.0,218.30080032348633,9.699199676513672
425,231.0,215.7076301574707,15.292369842529297
426,208.0,240.89003658294678,-32.89003658294678
427,203.0,242.59082889556885,-39.59082889556885
428,216.0,221.79006576538086,-5.790065765380859
429,215.0,244.6059694290161,-29.605969429016113
430,211.0,226.930814743042,-15.930814743041992
431,214.0,232.36839294433594,-18.368392944335938
432,227.0,228.03868675231934,-1.038686752319336
433,234.0,222.0963363647461,11.903663635253906
434,229.0,225.3660011291504,3.6339988708496094
435,225.0,216.6988639831543,8.301136016845703
436,232.0,218.97631072998047,13.023689270019531
437,226.0,207.19287872314453,18.80712127685547
438,203.0,223.1654510498047,-20.165451049804688
439,197.0,242.88076210021973,-45.88076210021973
440,203.0,224.09181785583496,-21.09181785583496
441,200.0,235.02515411376953,-35.02515411376953
442,196.0,238.5334873199463,-42.53348731994629
443,195.0,226.18586349487305,-31.185863494873047
444,222.0,216.54843139648438,5.451568603515625
445,205.0,253.59365212917328,-48.59365212917328
446,218.0,201.58343887329102,16.416561126708984
447,198.0,220.30738830566406,-22.307388305664062
448,224.0,205.5578956604004,18.44210433959961
449,225.0,195.6314239501953,29.368576049804688
450,230.0,235.68139839172363,-5.681398391723633
451,211.0,233.93093299865723,-22.930932998657227
452,234.0,230.99164199829102,3.0083580017089844
453,220.0,230.74645042419434,-10.746450424194336
454,232.0,222.04074096679688,9.959259033203125
455,226.0,247.46552324295044,-21.46552324295044
456,234.0,244.08202934265137,-10.082029342651367
457,225.0,248.16098737716675,-23.160987377166748
458,229.0,231.55320739746094,-2.5532073974609375
459,205.0,238.37862014770508,-33.37862014770508
460,231.0,227.5807285308838,3.419271469116211
461,211.0,236.2913932800293,-25.291393280029297
462,214.0,238.2818775177002,-24.281877517700195
463,223.0,240.8630599975586,-17.863059997558594
464,234.0,244.83457946777344,-10.834579467773438
465,229.0,213.70587539672852,15.294124603271484
466,231.0,217.1187629699707,13.881237030029297
467,233.0,245.23396110534668,-12.23396110534668
468,207.0,240.14397716522217,-33.14397716522217
469,210.0,241.93971347808838,-31.93971347808838
470,200.0,238.11331939697266,-38.113319396972656
471,224.0,247.45315551757812,-23.453155517578125
472,205.0,235.16250038146973,-30.162500381469727
473,208.0,241.0230360031128,-33.02303600311279
474,215.0,237.26031494140625,-22.26031494140625
475,219.0,222.9862403869629,-3.9862403869628906
476,229.0,224.71291160583496,4.287088394165039
477,229.0,219.6299819946289,9.370018005371094
478,229.0,210.3893585205078,18.610641479492188
479,229.0,206.49523162841797,22.50476837158203
480,211.0,234.5905246734619,-23.590524673461914
481,211.0,245.7333574295044,-34.733357429504395
482,209.0,238.10038375854492,-29.100383758544922
483,211.0,234.81772804260254,-23.81772804260254
484,206.0,237.9451084136963,-31.94510841369629
485,207.0,235.0779914855957,-28.077991485595703
486,221.0,237.10317039489746,-16.10317039489746
487,219.0,238.76728439331055,-19.767284393310547
488,229.0,220.32131958007812,8.678680419921875
489,230.0,216.1909637451172,13.809036254882812
490,229.0,207.13919830322266,21.860801696777344
491,228.0,209.97964096069336,18.02035903930664
492,208.0,232.0495433807373,-24.049543380737305
493,208.0,239.8594617843628,-31.859461784362793
494,200.0,239.21144771575928,-39.21144771575928
495,217.0,230.0037670135498,-13.003767013549805
496,205.0,235.10239028930664,-30.10239028930664
497,204.0,236.57389640808105,-32.573896408081055
498,212.0,232.15953636169434,-20.159536361694336
499,218.0,237.72201919555664,-19.72201919555664
500,230.0,214.47360610961914,15.52639389038086
501,231.0,215.7843475341797,15.215652465820312
502,227.0,223.30939292907715,3.6906070709228516
503,226.0,210.1745147705078,15.825485229492188
504,209.0,234.16343688964844,-25.163436889648438
505,210.0,235.9497413635254,-25.94974136352539
506,199.0,233.92449378967285,-34.92449378967285
507,206.0,229.75081062316895,-23.750810623168945
508,208.0,234.20367813110352,-26.203678131103516
509,206.0,233.17911338806152,-27.179113388061523
510,218.0,231.3234748840332,-13.323474884033203
511,233.0,234.6091823577881,-1.609182357788086
512,227.0,234.0362148284912,-7.036214828491211
513,226.0,221.2992401123047,4.7007598876953125
514,227.0,219.54106903076172,7.458930969238281
515,230.0,212.57760620117188,17.422393798828125
516,210.0,232.52269554138184,-22.522695541381836
517,210.0,242.16476917266846,-32.16476917266846
518,204.0,233.13072776794434,-29.130727767944336
519,214.0,222.4957160949707,-8.495716094970703
520,206.0,233.25217628479004,-27.25217628479004
521,207.0,231.7891139984131,-24.789113998413086
522,218.0,225.8040885925293,-7.804088592529297
523,229.0,221.75767135620117,7.242328643798828
524,228.0,217.63679885864258,10.363201141357422
525,229.0,215.1453742980957,13.854625701904297
526,227.0,211.44131469726562,15.558685302734375
527,226.0,221.61899948120117,4.381000518798828
528,210.0,229.9468288421631,-19.946828842163086
529,207.0,236.4285717010498,-29.428571701049805
530,210.0,233.63299560546875,-23.63299560546875
531,216.0,224.4403476715088,-8.440347671508789
532,215.0,224.2974739074707,-9.297473907470703
533,214.0,235.1126480102539,-21.112648010253906
534,230.0,221.14736938476562,8.852630615234375
535,234.0,224.85369873046875,9.14630126953125
536,226.0,215.48253631591797,10.517463684082031
537,231.0,214.9199562072754,16.08004379272461
538,227.0,213.83553314208984,13.164466857910156
539,225.0,223.60286712646484,1.3971328735351562
540,211.0,238.15601539611816,-27.156015396118164
541,208.0,233.60881423950195,-25.608814239501953
542,211.0,228.27955627441406,-17.279556274414062
543,217.0,221.81082153320312,-4.810821533203125
544,206.0,228.0569667816162,-22.05696678161621
545,213.0,228.13782691955566,-15.137826919555664
546,223.0,236.85693740844727,-13.856937408447266
547,218.0,238.87710762023926,-20.877107620239258
548,226.0,220.11545944213867,5.884540557861328
549,231.0,212.16127395629883,18.838726043701172
550,229.0,220.70882034301758,8.291179656982422
551,226.0,220.14970016479492,5.850299835205078
552,212.0,241.3933572769165,-29.393357276916504
553,211.0,242.86381340026855,-31.863813400268555
554,211.0,228.5782070159912,-17.57820701599121
555,214.0,222.86420059204102,-8.864200592041016
556,208.0,234.1908416748047,-26.190841674804688
557,212.0,228.42905616760254,-16.42905616760254
558,234.0,220.5879020690918,13.412097930908203
559,233.0,216.84233856201172,16.15766143798828
560,230.0,219.49561309814453,10.504386901855469
561,234.0,207.2692527770996,26.73074722290039
562,227.0,211.2197723388672,15.780227661132812
563,233.0,211.6714210510254,21.32857894897461
564,210.0,231.04292488098145,-21.042924880981445
565,208.0,241.92178916931152,-33.92178916931152
566,211.0,229.03562355041504,-18.03562355041504
567,214.0,218.41361236572266,-4.413612365722656
568,207.0,227.15773582458496,-20.15773582458496
569,214.0,225.9393081665039,-11.939308166503906
570,234.0,231.195707321167,2.804292678833008
571,234.0,225.8663444519043,8.133655548095703
572,230.0,226.9782428741455,3.021757125854492
573,230.0,209.85578155517578,20.14421844482422
574,228.0,222.7826042175293,5.217395782470703
575,227.0,222.95751571655273,4.042484283447266
576,219.0,238.6868381500244,-19.686838150024414
577,218.0,236.23694801330566,-18.236948013305664
578,219.0,232.6154270172119,-13.615427017211914
579,215.0,215.50117874145508,-0.5011787414550781
580,206.0,233.7899513244629,-27.78995132446289
581,212.0,226.6673526763916,-14.667352676391602
582,229.0,217.23288345336914,11.76711654663086
583,218.0,239.38715171813965,-21.38715171813965
584,226.0,228.6045684814453,-2.6045684814453125
585,231.0,218.3466911315918,12.653308868408203
586,227.0,223.028959274292,3.971040725708008
587,226.0,222.81692123413086,3.1830787658691406
588,201.0,230.1893539428711,-29.189353942871094
589,197.0,225.4481372833252,-28.448137283325195
590,210.0,235.22928619384766,-25.229286193847656
591,204.0,224.6366138458252,-20.636613845825195
592,201.0,233.1935634613037,-32.19356346130371
593,196.0,231.76257705688477,-35.762577056884766
594,212.0,229.59567642211914,-17.59567642211914
595,220.0,222.52880477905273,-2.5288047790527344
596,226.0,219.09682846069336,6.903171539306641
597,228.0,209.18864059448242,18.811359405517578
598,216.0,212.27415084838867,3.725849151611328
599,215.0,226.2736473083496,-11.27364730834961
